/*
SQLyog Ultimate v8.82 
MySQL - 5.5.40-0ubuntu0.14.04.1 : Database - bakou_pos_apsara
*********************************************************************
*/

/*!40101 SET NAMES utf8 */;

/*!40101 SET SQL_MODE=''*/;

/*!40014 SET @OLD_UNIQUE_CHECKS=@@UNIQUE_CHECKS, UNIQUE_CHECKS=0 */;
/*!40014 SET @OLD_FOREIGN_KEY_CHECKS=@@FOREIGN_KEY_CHECKS, FOREIGN_KEY_CHECKS=0 */;
/*!40101 SET @OLD_SQL_MODE=@@SQL_MODE, SQL_MODE='NO_AUTO_VALUE_ON_ZERO' */;
/*!40111 SET @OLD_SQL_NOTES=@@SQL_NOTES, SQL_NOTES=0 */;
/*Table structure for table `AuthAssignment` */

DROP TABLE IF EXISTS `AuthAssignment`;

CREATE TABLE `AuthAssignment` (
  `itemname` varchar(64) CHARACTER SET latin1 NOT NULL,
  `userid` varchar(64) CHARACTER SET latin1 NOT NULL,
  `bizrule` text CHARACTER SET latin1,
  `data` text CHARACTER SET latin1,
  PRIMARY KEY (`itemname`,`userid`),
  CONSTRAINT `FK_AuthAssignment` FOREIGN KEY (`itemname`) REFERENCES `AuthItem` (`name`) ON DELETE CASCADE ON UPDATE CASCADE
) ENGINE=InnoDB DEFAULT CHARSET=utf8mb4 COLLATE=utf8mb4_unicode_ci;

/*Data for the table `AuthAssignment` */

insert  into `AuthAssignment`(`itemname`,`userid`,`bizrule`,`data`) values ('client.create','3',NULL,NULL),('client.delete','3',NULL,NULL),('client.index','3',NULL,NULL),('client.update','3',NULL,NULL),('employee.create','3',NULL,NULL),('employee.delete','3',NULL,NULL),('employee.index','3',NULL,NULL),('employee.update','3',NULL,NULL),('invoice.delete','3',NULL,NULL),('invoice.index','3',NULL,NULL),('invoice.print','3',NULL,NULL),('invoice.update','3',NULL,NULL),('item.create','3',NULL,NULL),('item.delete','3',NULL,NULL),('item.index','3',NULL,NULL),('item.update','3',NULL,NULL),('payment.index','3',NULL,NULL),('report.index','3',NULL,NULL),('sale.discount','3',NULL,NULL),('sale.edit','3',NULL,NULL),('sale.editprice','3',NULL,NULL),('store.update','3',NULL,NULL),('supplier.create','3',NULL,NULL),('supplier.delete','3',NULL,NULL),('supplier.index','3',NULL,NULL),('supplier.update','3',NULL,NULL),('transaction.adjustin','3',NULL,NULL),('transaction.adjustout','3',NULL,NULL),('transaction.count','3',NULL,NULL),('transaction.receive','3',NULL,NULL),('transaction.return','3',NULL,NULL),('transaction.transfer','3',NULL,NULL);

/*Table structure for table `AuthItem` */

DROP TABLE IF EXISTS `AuthItem`;

CREATE TABLE `AuthItem` (
  `name` varchar(64) CHARACTER SET latin1 NOT NULL,
  `type` int(11) NOT NULL,
  `description` text CHARACTER SET latin1,
  `bizrule` text CHARACTER SET latin1,
  `data` text CHARACTER SET latin1,
  `sort_order` smallint(6) DEFAULT NULL,
  PRIMARY KEY (`name`)
) ENGINE=InnoDB DEFAULT CHARSET=utf8mb4 COLLATE=utf8mb4_unicode_ci;

/*Data for the table `AuthItem` */

insert  into `AuthItem`(`name`,`type`,`description`,`bizrule`,`data`,`sort_order`) values ('client.create',0,'Create',NULL,'N;',2),('client.delete',0,'Delete',NULL,'N;',4),('client.index',0,'View',NULL,'N;',1),('client.update',0,'Update',NULL,'N;',3),('employee.create',0,'Create',NULL,NULL,2),('employee.delete',0,'Delete',NULL,NULL,4),('employee.index',0,'View',NULL,NULL,1),('employee.update',0,'Update',NULL,NULL,3),('invoice.delete',0,'Cancel',NULL,'N;',4),('invoice.index',0,'View',NULL,'N;',1),('invoice.print',0,'Re-print',NULL,'N;',2),('invoice.update',0,'Edit',NULL,'N;',3),('item.create',0,'Create',NULL,NULL,2),('item.delete',0,'Delete',NULL,NULL,4),('item.index',0,'View',NULL,NULL,1),('item.update',0,'Update',NULL,NULL,3),('itemAdmin',1,'Administer Item',NULL,'N;',NULL),('payment.index',0,'Invoice Payment (Debt)',NULL,NULL,NULL),('receiving.edit',0,'Process Purchase orders',NULL,'N;',NULL),('report.index',0,'View and generate reports',NULL,'N;',NULL),('sale.discount',0,'Discount',NULL,'N;',NULL),('sale.edit',0,'Normal Sale',NULL,'N;',NULL),('sale.editprice',0,'Edit Price',NULL,'N;',NULL),('setting.exchangerate',0,'Exchange Rate',NULL,NULL,NULL),('setting.receipt',0,'Receipt Setting',NULL,NULL,NULL),('setting.sale',0,'Sale Setting',NULL,NULL,NULL),('setting.site',0,'Shop Setting',NULL,NULL,NULL),('setting.system',0,'System Setting',NULL,NULL,NULL),('store.update',0,'Change the store\'s configuration',NULL,'N;',NULL),('supplier.create',0,'Create',NULL,NULL,2),('supplier.delete',0,'Delete',NULL,NULL,4),('supplier.index',0,'View',NULL,NULL,1),('supplier.update',0,'Update',NULL,NULL,3),('transaction.adjustin',0,'Adjustment In',NULL,NULL,3),('transaction.adjustout',0,'Adjustment Out',NULL,NULL,4),('transaction.count',0,'Physical Count',NULL,NULL,5),('transaction.receive',0,'Receive from Supplier',NULL,NULL,1),('transaction.return',0,'Return to Supplier',NULL,NULL,2),('transaction.transfer',0,'Transfer to (Another Branch)',NULL,NULL,6);

/*Table structure for table `AuthItemChild` */

DROP TABLE IF EXISTS `AuthItemChild`;

CREATE TABLE `AuthItemChild` (
  `parent` varchar(64) CHARACTER SET latin1 NOT NULL,
  `child` varchar(64) CHARACTER SET latin1 NOT NULL,
  PRIMARY KEY (`parent`,`child`),
  KEY `child` (`child`)
) ENGINE=InnoDB DEFAULT CHARSET=utf8mb4 COLLATE=utf8mb4_unicode_ci;

/*Data for the table `AuthItemChild` */

/*Table structure for table `account` */

DROP TABLE IF EXISTS `account`;

CREATE TABLE `account` (
  `id` int(11) NOT NULL AUTO_INCREMENT,
  `client_id` int(11) NOT NULL,
  `currency_code` int(11) NOT NULL,
  `name` varchar(100) DEFAULT NULL,
  `current_balance` decimal(15,4) DEFAULT '0.0000',
  `status` varchar(1) DEFAULT '1',
  `date_created` datetime DEFAULT NULL,
  `note` text,
  PRIMARY KEY (`id`),
  KEY `FK_account_client_id` (`client_id`),
  KEY `FK_account_cur_code` (`currency_code`),
  CONSTRAINT `FK_account` FOREIGN KEY (`client_id`) REFERENCES `client` (`id`) ON DELETE CASCADE,
  CONSTRAINT `FK_account_cur_code` FOREIGN KEY (`currency_code`) REFERENCES `currency_type` (`code`)
) ENGINE=InnoDB AUTO_INCREMENT=25 DEFAULT CHARSET=utf8;

/*Data for the table `account` */

insert  into `account`(`id`,`client_id`,`currency_code`,`name`,`current_balance`,`status`,`date_created`,`note`) values (2,3,3,'Jhon Doe','0.0000','1','2015-03-04 22:49:04',NULL),(3,3,2,'Jhon Doe','0.0000','1','2015-03-04 22:49:04',NULL),(4,4,3,'Lux Sok','10.0000','1','2015-03-04 22:57:41',NULL),(5,4,2,'Lux Sok','60.0000','1','2015-03-04 22:57:41',NULL),(6,4,1,'Lux Sok','2.0000','1','2015-03-19 07:55:42',NULL),(7,5,2,'Apsara E','0.0000','1','2015-03-19 07:57:39',NULL),(8,5,3,'Apsara E','0.0000','1','2015-03-19 07:57:39',NULL),(9,5,1,'Apsara E','0.0000','1','2015-03-19 07:57:39',NULL),(10,6,2,'CMHO ','0.0000','1','2015-03-23 19:54:11',NULL),(11,6,3,'CMHO ','0.0000','1','2015-03-23 19:54:11',NULL),(12,6,1,'CMHO ','0.0000','1','2015-03-23 19:54:11',NULL),(13,7,2,'Opa ','0.0000','1','2015-03-23 19:55:23',NULL),(14,7,3,'Opa ','0.0000','1','2015-03-23 19:55:23',NULL),(15,7,1,'Opa ','0.0000','1','2015-03-23 19:55:23',NULL),(16,8,2,'oxfam ','0.0000','1','2015-03-23 19:56:23',NULL),(17,8,3,'oxfam ','0.0000','1','2015-03-23 19:56:23',NULL),(18,8,1,'oxfam ','0.0000','1','2015-03-23 19:56:23',NULL),(19,9,2,'test ','0.0000','1','2015-03-23 19:57:38',NULL),(20,9,3,'test ','13.0000','1','2015-03-23 19:57:38',NULL),(21,9,1,'test ','0.0000','1','2015-03-23 19:57:38',NULL),(22,10,2,'Kaka ','0.0000','1','2015-03-23 19:58:19',NULL),(23,10,3,'Kaka ','0.0000','1','2015-03-23 19:58:19',NULL),(24,10,1,'Kaka ','0.0000','1','2015-03-23 19:58:19',NULL);

/*Table structure for table `account_receivable` */

DROP TABLE IF EXISTS `account_receivable`;

CREATE TABLE `account_receivable` (
  `id` int(11) NOT NULL AUTO_INCREMENT,
  `account_id` int(11) NOT NULL,
  `employee_id` int(11) NOT NULL,
  `trans_id` int(11) NOT NULL,
  `trans_amount` decimal(15,4) DEFAULT NULL,
  `trans_code` varchar(10) COLLATE utf8mb4_unicode_ci DEFAULT NULL,
  `trans_datetime` datetime DEFAULT NULL,
  `trans_status` varchar(1) COLLATE utf8mb4_unicode_ci DEFAULT 'N',
  `note` text COLLATE utf8mb4_unicode_ci,
  PRIMARY KEY (`id`),
  KEY `FK_transactions_account_id` (`account_id`),
  KEY `FK_transactions_employee_id` (`employee_id`)
) ENGINE=InnoDB AUTO_INCREMENT=25 DEFAULT CHARSET=utf8mb4 COLLATE=utf8mb4_unicode_ci;

/*Data for the table `account_receivable` */

insert  into `account_receivable`(`id`,`account_id`,`employee_id`,`trans_id`,`trans_amount`,`trans_code`,`trans_datetime`,`trans_status`,`note`) values (1,5,2,1,'32.0000','CHSALE','2015-03-13 21:39:48','N',NULL),(2,4,2,1,'15.0000','CHSALE','2015-03-13 21:39:48','N',NULL),(4,4,2,1,'5.0000','PAY','2015-03-13 21:39:48','N',NULL),(5,5,2,1,'12.0000','PAY','2015-03-13 21:39:48','N',NULL),(6,5,2,2,'30.0000','CHSALE','2015-03-13 21:44:43','N',NULL),(7,4,2,2,'15.0000','CHSALE','2015-03-13 21:44:43','N',NULL),(9,4,2,1,'10.0000','PAY','2015-03-13 21:44:43','N',NULL),(10,4,2,2,'10.0000','PAY','2015-03-13 21:44:43','N',NULL),(11,5,2,1,'20.0000','PAY','2015-03-13 21:44:43','N',NULL),(12,5,2,2,'20.0000','PAY','2015-03-13 21:44:43','N',NULL),(13,6,2,3,'4.0000','CHSALE','2015-03-19 12:48:52','N',NULL),(14,5,2,3,'20.0000','CHSALE','2015-03-19 12:48:52','N',NULL),(15,4,2,3,'15.0000','CHSALE','2015-03-19 12:48:52','N',NULL),(16,6,2,3,'2.0000','PAY','2015-03-19 12:48:53','N',NULL),(17,6,2,4,'2.0000','CHSALE','2015-03-19 12:50:40','N',NULL),(18,5,2,4,'30.0000','CHSALE','2015-03-19 12:50:40','N',NULL),(19,4,2,4,'10.0000','CHSALE','2015-03-19 12:50:40','N',NULL),(20,6,2,3,'2.0000','PAY','2015-03-19 12:50:40','N',NULL),(21,4,2,2,'5.0000','PAY','2015-03-19 12:50:40','N',NULL),(22,4,2,3,'15.0000','PAY','2015-03-19 12:50:40','N',NULL),(23,20,2,13,'16.0000','CHSALE','2015-03-23 20:44:36','N',NULL),(24,20,2,13,'3.0000','PAY','2015-03-23 20:44:37','N',NULL);

/*Table structure for table `account_receivable_supplier` */

DROP TABLE IF EXISTS `account_receivable_supplier`;

CREATE TABLE `account_receivable_supplier` (
  `id` int(11) NOT NULL AUTO_INCREMENT,
  `account_id` int(11) NOT NULL,
  `employee_id` int(11) NOT NULL,
  `trans_id` int(11) NOT NULL,
  `trans_amount` decimal(15,4) DEFAULT NULL,
  `trans_code` varchar(10) COLLATE utf8mb4_unicode_ci DEFAULT NULL,
  `trans_datetime` datetime DEFAULT NULL,
  `trans_status` varchar(1) COLLATE utf8mb4_unicode_ci DEFAULT 'N',
  `note` text COLLATE utf8mb4_unicode_ci,
  PRIMARY KEY (`id`)
) ENGINE=InnoDB DEFAULT CHARSET=utf8mb4 COLLATE=utf8mb4_unicode_ci;

/*Data for the table `account_receivable_supplier` */

/*Table structure for table `account_supplier` */

DROP TABLE IF EXISTS `account_supplier`;

CREATE TABLE `account_supplier` (
  `id` int(11) NOT NULL AUTO_INCREMENT,
  `supplier_id` int(11) NOT NULL,
  `name` varchar(60) DEFAULT NULL,
  `current_balance` decimal(15,4) DEFAULT '0.0000',
  `status` varchar(1) DEFAULT '1',
  `date_created` datetime DEFAULT NULL,
  `note` text,
  PRIMARY KEY (`id`),
  KEY `FK_account_supplier_supplier_id` (`supplier_id`),
  CONSTRAINT `FK_account_supplier_supplier_id` FOREIGN KEY (`supplier_id`) REFERENCES `supplier` (`id`) ON DELETE CASCADE
) ENGINE=InnoDB DEFAULT CHARSET=utf8;

/*Data for the table `account_supplier` */

/*Table structure for table `author` */

DROP TABLE IF EXISTS `author`;

CREATE TABLE `author` (
  `id` int(11) NOT NULL AUTO_INCREMENT,
  `author_name` varchar(100) COLLATE utf8mb4_unicode_ci NOT NULL,
  `dob` date DEFAULT NULL,
  `mobile_no` varchar(25) COLLATE utf8mb4_unicode_ci DEFAULT NULL,
  `email` varchar(50) COLLATE utf8mb4_unicode_ci DEFAULT NULL,
  `address` varchar(100) COLLATE utf8mb4_unicode_ci DEFAULT NULL,
  PRIMARY KEY (`id`)
) ENGINE=InnoDB DEFAULT CHARSET=utf8mb4 COLLATE=utf8mb4_unicode_ci;

/*Data for the table `author` */

/*Table structure for table `cash_register_balance` */

DROP TABLE IF EXISTS `cash_register_balance`;

CREATE TABLE `cash_register_balance` (
  `id` int(11) NOT NULL AUTO_INCREMENT,
  `employee_id` int(11) NOT NULL,
  `begin_cash` double(15,2) DEFAULT NULL,
  `sale_cash` double(15,2) DEFAULT NULL,
  `sale_credit_card` double(15,2) DEFAULT NULL,
  `sale_on_credit` double(15,2) DEFAULT NULL,
  `cash_received` double(15,2) DEFAULT NULL,
  `cash_total` double(15,2) DEFAULT NULL,
  `counted_total` double(15,2) DEFAULT NULL,
  `over_short` double(15,2) DEFAULT NULL,
  PRIMARY KEY (`id`)
) ENGINE=InnoDB DEFAULT CHARSET=utf8mb4 COLLATE=utf8mb4_unicode_ci;

/*Data for the table `cash_register_balance` */

/*Table structure for table `category` */

DROP TABLE IF EXISTS `category`;

CREATE TABLE `category` (
  `id` int(11) NOT NULL AUTO_INCREMENT,
  `name` varchar(50) CHARACTER SET utf8 NOT NULL,
  `created_date` datetime DEFAULT NULL,
  `modified_date` datetime DEFAULT NULL,
  PRIMARY KEY (`id`)
) ENGINE=InnoDB AUTO_INCREMENT=2 DEFAULT CHARSET=utf8mb4 COLLATE=utf8mb4_unicode_ci;

/*Data for the table `category` */

insert  into `category`(`id`,`name`,`created_date`,`modified_date`) values (1,'tale book','2015-03-31 00:00:00',NULL);

/*Table structure for table `client` */

DROP TABLE IF EXISTS `client`;

CREATE TABLE `client` (
  `id` int(11) NOT NULL AUTO_INCREMENT,
  `price_tier_id` int(11) DEFAULT NULL,
  `first_name` varchar(100) CHARACTER SET utf8 NOT NULL,
  `last_name` varchar(100) CHARACTER SET utf8 DEFAULT NULL,
  `mobile_no` varchar(15) CHARACTER SET utf8 DEFAULT NULL,
  `address1` varchar(60) CHARACTER SET utf8 DEFAULT NULL,
  `address2` varchar(60) CHARACTER SET utf8 DEFAULT NULL,
  `city_id` int(11) DEFAULT NULL,
  `country_code` varchar(2) CHARACTER SET utf8 DEFAULT NULL,
  `email` varchar(30) CHARACTER SET utf8 DEFAULT NULL,
  `notes` text CHARACTER SET utf8,
  `status` varchar(1) CHARACTER SET utf8 DEFAULT '1',
  PRIMARY KEY (`id`)
) ENGINE=InnoDB AUTO_INCREMENT=11 DEFAULT CHARSET=utf8mb4 COLLATE=utf8mb4_unicode_ci;

/*Data for the table `client` */

insert  into `client`(`id`,`price_tier_id`,`first_name`,`last_name`,`mobile_no`,`address1`,`address2`,`city_id`,`country_code`,`email`,`notes`,`status`) values (3,NULL,'Jhon','Doe','012812812','','',NULL,NULL,NULL,'','1'),(4,1,'Lux','Sok','012797008','','',NULL,NULL,NULL,'','1'),(5,2,'Apsara','E','077837783','','',NULL,NULL,NULL,'','1'),(6,2,'CMHO','','01296906','','',NULL,NULL,NULL,'','1'),(7,1,'Opa','','012900900','','',NULL,NULL,NULL,'','1'),(8,2,'oxfam','','01299889','','',NULL,NULL,NULL,'','1'),(9,1,'test','','012989989','','',NULL,NULL,NULL,'','1'),(10,2,'Kaka','','012888989','','',NULL,NULL,NULL,'','1');

/*Table structure for table `client_price_tier` */

DROP TABLE IF EXISTS `client_price_tier`;

CREATE TABLE `client_price_tier` (
  `id` int(11) NOT NULL AUTO_INCREMENT,
  `client_id` int(11) DEFAULT NULL,
  `price_tier_id` int(11) DEFAULT NULL,
  PRIMARY KEY (`id`)
) ENGINE=InnoDB DEFAULT CHARSET=utf8mb4 COLLATE=utf8mb4_unicode_ci;

/*Data for the table `client_price_tier` */

/*Table structure for table `currency_type` */

DROP TABLE IF EXISTS `currency_type`;

CREATE TABLE `currency_type` (
  `code` int(11) NOT NULL AUTO_INCREMENT,
  `currency_id` char(3) CHARACTER SET utf8 NOT NULL,
  `currency_name` varchar(70) CHARACTER SET utf8 NOT NULL,
  `currency_symbol` varchar(3) CHARACTER SET utf8 DEFAULT NULL,
  `sort_order` int(11) DEFAULT NULL,
  `status` varchar(1) COLLATE utf8mb4_unicode_ci DEFAULT NULL,
  PRIMARY KEY (`code`)
) ENGINE=InnoDB AUTO_INCREMENT=4 DEFAULT CHARSET=utf8mb4 COLLATE=utf8mb4_unicode_ci;

/*Data for the table `currency_type` */

insert  into `currency_type`(`code`,`currency_id`,`currency_name`,`currency_symbol`,`sort_order`,`status`) values (1,'USD','United States Dollar','$',3,'1'),(2,'KHR','Kampuchea Riel','៛',1,'1'),(3,'THB','Thai Baht','฿',2,'1');

/*Table structure for table `employee` */

DROP TABLE IF EXISTS `employee`;

CREATE TABLE `employee` (
  `id` int(11) NOT NULL AUTO_INCREMENT,
  `first_name` varchar(50) CHARACTER SET utf8 NOT NULL,
  `last_name` varchar(50) CHARACTER SET utf8 NOT NULL,
  `mobile_no` varchar(15) CHARACTER SET utf8 DEFAULT NULL,
  `adddress1` varchar(60) CHARACTER SET utf8 DEFAULT NULL,
  `address2` varchar(60) CHARACTER SET utf8 DEFAULT NULL,
  `city_id` int(11) DEFAULT NULL,
  `country_code` varchar(2) CHARACTER SET utf8 DEFAULT NULL,
  `email` varchar(30) CHARACTER SET utf8 DEFAULT NULL,
  `notes` text CHARACTER SET utf8,
  `status` varchar(1) COLLATE utf8mb4_unicode_ci DEFAULT '1',
  PRIMARY KEY (`id`)
) ENGINE=InnoDB AUTO_INCREMENT=3 DEFAULT CHARSET=utf8mb4 COLLATE=utf8mb4_unicode_ci;

/*Data for the table `employee` */

insert  into `employee`(`id`,`first_name`,`last_name`,`mobile_no`,`adddress1`,`address2`,`city_id`,`country_code`,`email`,`notes`,`status`) values (1,'Owner','System','012812812','','',NULL,'','','','1'),(2,'Super','Super','012123456','super addresss1','super address',NULL,'','','','1');

/*Table structure for table `employee_image` */

DROP TABLE IF EXISTS `employee_image`;

CREATE TABLE `employee_image` (
  `id` int(11) NOT NULL AUTO_INCREMENT,
  `employee_id` int(11) NOT NULL,
  `photo` blob NOT NULL,
  `thumbnail` blob,
  `filename` varchar(30) CHARACTER SET latin1 NOT NULL,
  `filetype` varchar(15) CHARACTER SET latin1 DEFAULT NULL,
  `path` varchar(100) CHARACTER SET latin1 DEFAULT NULL,
  `size` int(11) DEFAULT NULL,
  `width` varchar(20) CHARACTER SET latin1 DEFAULT NULL,
  `height` varchar(20) CHARACTER SET latin1 DEFAULT NULL,
  PRIMARY KEY (`id`),
  KEY `FK_employee_image_emp_id` (`employee_id`)
) ENGINE=InnoDB DEFAULT CHARSET=utf8mb4 COLLATE=utf8mb4_unicode_ci;

/*Data for the table `employee_image` */

/*Table structure for table `exchange_rate` */

DROP TABLE IF EXISTS `exchange_rate`;

CREATE TABLE `exchange_rate` (
  `base_currency` varchar(3) NOT NULL,
  `to_currency` varchar(3) NOT NULL,
  `base_cur_val` double(15,2) NOT NULL,
  `to_cur_val` double(15,2) NOT NULL,
  PRIMARY KEY (`base_currency`,`to_currency`)
) ENGINE=InnoDB DEFAULT CHARSET=utf8;

/*Data for the table `exchange_rate` */

/*Table structure for table `inventory` */

DROP TABLE IF EXISTS `inventory`;

CREATE TABLE `inventory` (
  `trans_id` int(11) NOT NULL AUTO_INCREMENT,
  `trans_items` int(11) NOT NULL,
  `trans_user` int(11) NOT NULL,
  `trans_date` timestamp NOT NULL DEFAULT CURRENT_TIMESTAMP,
  `trans_comment` text CHARACTER SET utf8 NOT NULL,
  `trans_inventory` double(15,2) NOT NULL DEFAULT '0.00',
  `trans_qty` double(15,2) DEFAULT NULL,
  `qty_b4_trans` double(15,2) DEFAULT NULL,
  `qty_af_trans` double(15,2) DEFAULT NULL,
  PRIMARY KEY (`trans_id`),
  KEY `FK_inventory_item_id` (`trans_items`)
) ENGINE=InnoDB AUTO_INCREMENT=369 DEFAULT CHARSET=utf8mb4 COLLATE=utf8mb4_unicode_ci;

/*Data for the table `inventory` */

insert  into `inventory`(`trans_id`,`trans_items`,`trans_user`,`trans_date`,`trans_comment`,`trans_inventory`,`trans_qty`,`qty_b4_trans`,`qty_af_trans`) values (3,1376,2,'2015-03-06 00:46:53','POS 2',-2.00,2.00,0.00,-2.00),(4,1374,2,'2015-03-06 00:46:53','POS 2',-1.00,1.00,0.00,-1.00),(5,1373,2,'2015-03-06 00:46:53','POS 2',-1.00,1.00,0.00,-1.00),(6,1376,2,'2015-03-06 01:03:36','POS 3',-2.00,2.00,-2.00,-4.00),(7,1374,2,'2015-03-06 01:03:36','POS 3',-1.00,1.00,-1.00,-2.00),(8,1373,2,'2015-03-06 01:03:36','POS 3',-1.00,1.00,-1.00,-2.00),(21,1374,2,'2015-03-06 12:45:05','POS 7',-2.00,2.00,-2.00,-4.00),(22,1372,2,'2015-03-06 12:45:05','POS 7',-4.00,4.00,0.00,-4.00),(23,1376,2,'2015-03-06 12:45:05','POS 7',-1.00,1.00,-4.00,-5.00),(24,1373,2,'2015-03-06 12:45:05','POS 7',-1.00,1.00,-2.00,-3.00),(25,1374,2,'2015-03-06 12:45:23','POS 8',-2.00,2.00,-4.00,-6.00),(26,1372,2,'2015-03-06 12:45:23','POS 8',-4.00,4.00,-4.00,-8.00),(27,1376,2,'2015-03-06 12:45:23','POS 8',-1.00,1.00,-5.00,-6.00),(28,1373,2,'2015-03-06 12:45:23','POS 8',-1.00,1.00,-3.00,-4.00),(29,1374,2,'2015-03-06 12:46:50','POS 9',-2.00,2.00,-6.00,-8.00),(30,1372,2,'2015-03-06 12:46:50','POS 9',-4.00,4.00,-8.00,-12.00),(31,1376,2,'2015-03-06 12:46:50','POS 9',-1.00,1.00,-6.00,-7.00),(32,1373,2,'2015-03-06 12:46:50','POS 9',-1.00,1.00,-4.00,-5.00),(33,1374,2,'2015-03-06 12:47:19','POS 10',-2.00,2.00,-8.00,-10.00),(34,1372,2,'2015-03-06 12:47:19','POS 10',-4.00,4.00,-12.00,-16.00),(35,1376,2,'2015-03-06 12:47:19','POS 10',-1.00,1.00,-7.00,-8.00),(36,1373,2,'2015-03-06 12:47:19','POS 10',-1.00,1.00,-5.00,-6.00),(37,1374,2,'2015-03-06 12:47:30','POS 11',-2.00,2.00,-10.00,-12.00),(38,1372,2,'2015-03-06 12:47:30','POS 11',-4.00,4.00,-16.00,-20.00),(39,1376,2,'2015-03-06 12:47:30','POS 11',-1.00,1.00,-8.00,-9.00),(40,1373,2,'2015-03-06 12:47:30','POS 11',-1.00,1.00,-6.00,-7.00),(41,1374,2,'2015-03-06 12:47:33','POS 12',-2.00,2.00,-12.00,-14.00),(42,1372,2,'2015-03-06 12:47:33','POS 12',-4.00,4.00,-20.00,-24.00),(43,1376,2,'2015-03-06 12:47:33','POS 12',-1.00,1.00,-9.00,-10.00),(44,1373,2,'2015-03-06 12:47:33','POS 12',-1.00,1.00,-7.00,-8.00),(45,1374,2,'2015-03-06 12:47:49','POS 13',-2.00,2.00,-14.00,-16.00),(46,1372,2,'2015-03-06 12:47:49','POS 13',-4.00,4.00,-24.00,-28.00),(47,1376,2,'2015-03-06 12:47:49','POS 13',-1.00,1.00,-10.00,-11.00),(48,1373,2,'2015-03-06 12:47:49','POS 13',-1.00,1.00,-8.00,-9.00),(49,1374,2,'2015-03-06 12:48:04','POS 14',-2.00,2.00,-16.00,-18.00),(50,1372,2,'2015-03-06 12:48:04','POS 14',-4.00,4.00,-28.00,-32.00),(51,1376,2,'2015-03-06 12:48:04','POS 14',-1.00,1.00,-11.00,-12.00),(52,1373,2,'2015-03-06 12:48:04','POS 14',-1.00,1.00,-9.00,-10.00),(53,1374,2,'2015-03-06 12:48:43','POS 15',-2.00,2.00,-18.00,-20.00),(54,1372,2,'2015-03-06 12:48:43','POS 15',-4.00,4.00,-32.00,-36.00),(55,1376,2,'2015-03-06 12:48:43','POS 15',-1.00,1.00,-12.00,-13.00),(56,1373,2,'2015-03-06 12:48:43','POS 15',-1.00,1.00,-10.00,-11.00),(57,1374,2,'2015-03-06 12:50:08','POS 16',-2.00,2.00,-20.00,-22.00),(58,1372,2,'2015-03-06 12:50:08','POS 16',-4.00,4.00,-36.00,-40.00),(59,1376,2,'2015-03-06 12:50:08','POS 16',-1.00,1.00,-13.00,-14.00),(60,1373,2,'2015-03-06 12:50:08','POS 16',-1.00,1.00,-11.00,-12.00),(61,1374,2,'2015-03-06 12:50:09','POS 17',-2.00,2.00,-22.00,-24.00),(62,1372,2,'2015-03-06 12:50:09','POS 17',-4.00,4.00,-40.00,-44.00),(63,1376,2,'2015-03-06 12:50:09','POS 17',-1.00,1.00,-14.00,-15.00),(64,1373,2,'2015-03-06 12:50:09','POS 17',-1.00,1.00,-12.00,-13.00),(65,1374,2,'2015-03-06 12:50:10','POS 18',-2.00,2.00,-24.00,-26.00),(66,1372,2,'2015-03-06 12:50:10','POS 18',-4.00,4.00,-44.00,-48.00),(67,1376,2,'2015-03-06 12:50:10','POS 18',-1.00,1.00,-15.00,-16.00),(68,1373,2,'2015-03-06 12:50:10','POS 18',-1.00,1.00,-13.00,-14.00),(69,1374,2,'2015-03-06 12:50:46','POS 19',-2.00,2.00,-26.00,-28.00),(70,1372,2,'2015-03-06 12:50:46','POS 19',-4.00,4.00,-48.00,-52.00),(71,1376,2,'2015-03-06 12:50:46','POS 19',-1.00,1.00,-16.00,-17.00),(72,1373,2,'2015-03-06 12:50:46','POS 19',-1.00,1.00,-14.00,-15.00),(73,1374,2,'2015-03-06 12:52:02','POS 20',-2.00,2.00,-28.00,-30.00),(74,1372,2,'2015-03-06 12:52:02','POS 20',-4.00,4.00,-52.00,-56.00),(75,1376,2,'2015-03-06 12:52:02','POS 20',-1.00,1.00,-17.00,-18.00),(76,1373,2,'2015-03-06 12:52:02','POS 20',-1.00,1.00,-15.00,-16.00),(77,1374,2,'2015-03-06 12:52:34','POS 21',-2.00,2.00,-30.00,-32.00),(78,1372,2,'2015-03-06 12:52:34','POS 21',-4.00,4.00,-56.00,-60.00),(79,1376,2,'2015-03-06 12:52:34','POS 21',-1.00,1.00,-18.00,-19.00),(80,1373,2,'2015-03-06 12:52:34','POS 21',-1.00,1.00,-16.00,-17.00),(81,1374,2,'2015-03-06 12:55:54','POS 22',-2.00,2.00,-32.00,-34.00),(82,1372,2,'2015-03-06 12:55:54','POS 22',-4.00,4.00,-60.00,-64.00),(83,1376,2,'2015-03-06 12:55:54','POS 22',-1.00,1.00,-19.00,-20.00),(84,1373,2,'2015-03-06 12:55:54','POS 22',-1.00,1.00,-17.00,-18.00),(85,1374,2,'2015-03-06 12:55:55','POS 23',-2.00,2.00,-34.00,-36.00),(86,1372,2,'2015-03-06 12:55:55','POS 23',-4.00,4.00,-64.00,-68.00),(87,1376,2,'2015-03-06 12:55:55','POS 23',-1.00,1.00,-20.00,-21.00),(88,1373,2,'2015-03-06 12:55:55','POS 23',-1.00,1.00,-18.00,-19.00),(89,1374,2,'2015-03-06 12:55:57','POS 24',-2.00,2.00,-36.00,-38.00),(90,1372,2,'2015-03-06 12:55:57','POS 24',-4.00,4.00,-68.00,-72.00),(91,1376,2,'2015-03-06 12:55:57','POS 24',-1.00,1.00,-21.00,-22.00),(92,1373,2,'2015-03-06 12:55:57','POS 24',-1.00,1.00,-19.00,-20.00),(93,1374,2,'2015-03-06 12:56:34','POS 25',-2.00,2.00,-38.00,-40.00),(94,1372,2,'2015-03-06 12:56:34','POS 25',-4.00,4.00,-72.00,-76.00),(95,1376,2,'2015-03-06 12:56:34','POS 25',-1.00,1.00,-22.00,-23.00),(96,1373,2,'2015-03-06 12:56:34','POS 25',-1.00,1.00,-20.00,-21.00),(97,1374,2,'2015-03-06 12:57:36','POS 26',-2.00,2.00,-40.00,-42.00),(98,1372,2,'2015-03-06 12:57:36','POS 26',-4.00,4.00,-76.00,-80.00),(99,1376,2,'2015-03-06 12:57:36','POS 26',-1.00,1.00,-23.00,-24.00),(100,1373,2,'2015-03-06 12:57:36','POS 26',-1.00,1.00,-21.00,-22.00),(101,1374,2,'2015-03-06 12:58:01','POS 27',-1.00,1.00,-42.00,-43.00),(102,1372,2,'2015-03-06 12:58:01','POS 27',-2.00,2.00,-80.00,-82.00),(103,1376,2,'2015-03-06 12:58:01','POS 27',-1.00,1.00,-24.00,-25.00),(104,1374,2,'2015-03-06 13:01:56','POS 28',-1.00,1.00,-43.00,-44.00),(105,1376,2,'2015-03-06 13:01:56','POS 28',-1.00,1.00,-25.00,-26.00),(106,1372,2,'2015-03-06 13:01:56','POS 28',-1.00,1.00,-82.00,-83.00),(107,1374,2,'2015-03-06 13:46:55','POS 29',-1.00,1.00,-44.00,-45.00),(108,1376,2,'2015-03-06 13:46:55','POS 29',-1.00,1.00,-26.00,-27.00),(109,1372,2,'2015-03-06 13:46:55','POS 29',-1.00,1.00,-83.00,-84.00),(110,1374,2,'2015-03-06 13:47:56','POS 30',-1.00,1.00,-45.00,-46.00),(111,1376,2,'2015-03-06 13:47:56','POS 30',-1.00,1.00,-27.00,-28.00),(112,1372,2,'2015-03-06 13:47:56','POS 30',-1.00,1.00,-84.00,-85.00),(113,1374,2,'2015-03-06 13:49:19','POS 31',-1.00,1.00,-46.00,-47.00),(114,1376,2,'2015-03-06 13:49:19','POS 31',-1.00,1.00,-28.00,-29.00),(115,1372,2,'2015-03-06 13:49:19','POS 31',-1.00,1.00,-85.00,-86.00),(116,1374,2,'2015-03-06 13:49:20','POS 32',-1.00,1.00,-47.00,-48.00),(117,1376,2,'2015-03-06 13:49:20','POS 32',-1.00,1.00,-29.00,-30.00),(118,1372,2,'2015-03-06 13:49:20','POS 32',-1.00,1.00,-86.00,-87.00),(119,1374,2,'2015-03-06 13:49:22','POS 33',-1.00,1.00,-48.00,-49.00),(120,1376,2,'2015-03-06 13:49:22','POS 33',-1.00,1.00,-30.00,-31.00),(121,1372,2,'2015-03-06 13:49:22','POS 33',-1.00,1.00,-87.00,-88.00),(122,1374,2,'2015-03-06 13:49:34','POS 34',-1.00,1.00,-49.00,-50.00),(123,1376,2,'2015-03-06 13:49:34','POS 34',-1.00,1.00,-31.00,-32.00),(124,1372,2,'2015-03-06 13:49:34','POS 34',-1.00,1.00,-88.00,-89.00),(125,1374,2,'2015-03-06 13:50:08','POS 35',-1.00,1.00,-50.00,-51.00),(126,1376,2,'2015-03-06 13:50:08','POS 35',-1.00,1.00,-32.00,-33.00),(127,1372,2,'2015-03-06 13:50:08','POS 35',-1.00,1.00,-89.00,-90.00),(128,1374,2,'2015-03-06 13:50:10','POS 36',-1.00,1.00,-51.00,-52.00),(129,1376,2,'2015-03-06 13:50:10','POS 36',-1.00,1.00,-33.00,-34.00),(130,1372,2,'2015-03-06 13:50:10','POS 36',-1.00,1.00,-90.00,-91.00),(131,1374,2,'2015-03-06 13:50:57','POS 37',-1.00,1.00,-52.00,-53.00),(132,1376,2,'2015-03-06 13:50:57','POS 37',-1.00,1.00,-34.00,-35.00),(133,1372,2,'2015-03-06 13:50:57','POS 37',-1.00,1.00,-91.00,-92.00),(134,1374,2,'2015-03-06 13:51:12','POS 38',-1.00,1.00,-53.00,-54.00),(135,1376,2,'2015-03-06 13:51:12','POS 38',-1.00,1.00,-35.00,-36.00),(136,1372,2,'2015-03-06 13:51:12','POS 38',-1.00,1.00,-92.00,-93.00),(137,1374,2,'2015-03-06 13:53:31','POS 39',-1.00,1.00,-54.00,-55.00),(138,1376,2,'2015-03-06 13:53:31','POS 39',-1.00,1.00,-36.00,-37.00),(139,1372,2,'2015-03-06 13:53:31','POS 39',-1.00,1.00,-93.00,-94.00),(140,1374,2,'2015-03-06 13:53:49','POS 40',-1.00,1.00,-55.00,-56.00),(141,1376,2,'2015-03-06 13:53:49','POS 40',-1.00,1.00,-37.00,-38.00),(142,1372,2,'2015-03-06 13:53:49','POS 40',-1.00,1.00,-94.00,-95.00),(143,1374,2,'2015-03-06 13:56:08','POS 41',-1.00,1.00,-56.00,-57.00),(144,1376,2,'2015-03-06 13:56:08','POS 41',-1.00,1.00,-38.00,-39.00),(145,1372,2,'2015-03-06 13:56:08','POS 41',-1.00,1.00,-95.00,-96.00),(146,1374,2,'2015-03-06 14:01:57','POS 1',-1.00,1.00,-57.00,-58.00),(147,1372,2,'2015-03-06 14:01:57','POS 1',-1.00,1.00,-96.00,-97.00),(148,1376,2,'2015-03-06 14:01:57','POS 1',-1.00,1.00,-39.00,-40.00),(149,1373,2,'2015-03-06 14:01:57','POS 1',-1.00,1.00,-22.00,-23.00),(150,1372,2,'2015-03-06 18:38:37','POS 2',-1.00,1.00,-97.00,-98.00),(151,1376,2,'2015-03-06 18:38:37','POS 2',-1.00,1.00,-40.00,-41.00),(152,1373,2,'2015-03-06 18:38:37','POS 2',-1.00,1.00,-23.00,-24.00),(165,1376,2,'2015-03-07 10:27:29','POS 9',-1.00,1.00,-41.00,-42.00),(166,1372,2,'2015-03-07 10:27:29','POS 9',-1.00,1.00,-98.00,-99.00),(167,1374,2,'2015-03-07 10:50:27','POS 10',-1.00,1.00,-58.00,-59.00),(168,1372,2,'2015-03-08 13:58:40','POS 11',-1.00,1.00,-99.00,-100.00),(169,1374,2,'2015-03-08 13:58:40','POS 11',-1.00,1.00,-59.00,-60.00),(170,1373,2,'2015-03-08 13:58:40','POS 11',-1.00,1.00,-24.00,-25.00),(171,1374,2,'2015-03-08 14:01:03','POS 1',-2.00,2.00,-60.00,-62.00),(172,1376,2,'2015-03-08 14:01:03','POS 1',-1.00,1.00,-42.00,-43.00),(173,1373,2,'2015-03-08 14:01:03','POS 1',-1.00,1.00,-25.00,-26.00),(174,1374,2,'2015-03-08 14:07:38','POS 2',-2.00,2.00,-62.00,-64.00),(175,1372,2,'2015-03-08 14:07:38','POS 2',-1.00,1.00,-100.00,-101.00),(176,1376,2,'2015-03-08 14:12:50','POS 3',-1.00,1.00,-43.00,-44.00),(177,1376,2,'2015-03-08 15:53:02','POS 4',-2.00,2.00,-44.00,-46.00),(178,1372,2,'2015-03-08 15:53:02','POS 4',-1.00,1.00,-101.00,-102.00),(179,1373,2,'2015-03-08 15:53:02','POS 4',-2.00,2.00,-26.00,-28.00),(192,1374,2,'2015-03-09 14:27:42','POS 8',-1.00,1.00,-64.00,-65.00),(193,1372,2,'2015-03-09 14:27:42','POS 8',-1.00,1.00,-102.00,-103.00),(194,1376,2,'2015-03-09 14:27:42','POS 8',-1.00,1.00,-46.00,-47.00),(195,1373,2,'2015-03-09 14:27:42','POS 8',-1.00,1.00,-28.00,-29.00),(196,1374,2,'2015-03-09 14:34:33','POS 9',-1.00,1.00,-65.00,-66.00),(197,1376,2,'2015-03-09 14:37:05','POS 10',-1.00,1.00,-47.00,-48.00),(198,1374,2,'2015-03-09 14:37:05','POS 10',-1.00,1.00,-66.00,-67.00),(199,1376,2,'2015-03-09 14:42:29','POS 1',-3.00,3.00,-48.00,-51.00),(200,1372,2,'2015-03-09 14:42:29','POS 1',-2.00,2.00,-103.00,-105.00),(201,1373,2,'2015-03-09 14:42:29','POS 1',-2.00,2.00,-29.00,-31.00),(202,1374,2,'2015-03-09 14:42:29','POS 1',-6.00,6.00,-67.00,-73.00),(203,1374,2,'2015-03-09 14:45:52','POS 1',-2.00,2.00,-73.00,-75.00),(204,1372,2,'2015-03-09 14:45:52','POS 1',-2.00,2.00,-105.00,-107.00),(205,1373,2,'2015-03-09 14:45:52','POS 1',-1.00,1.00,-31.00,-32.00),(206,1376,2,'2015-03-09 14:45:52','POS 1',-1.00,1.00,-51.00,-52.00),(231,1374,2,'2015-03-09 14:48:40','POS 7',-1.00,1.00,-75.00,-76.00),(232,1376,2,'2015-03-09 14:48:40','POS 7',-1.00,1.00,-52.00,-53.00),(233,1372,2,'2015-03-09 14:48:40','POS 7',-4.00,4.00,-107.00,-111.00),(234,1373,2,'2015-03-09 14:48:40','POS 7',-1.00,1.00,-32.00,-33.00),(235,1374,2,'2015-03-09 14:48:45','POS 8',-1.00,1.00,-76.00,-77.00),(236,1376,2,'2015-03-09 14:48:45','POS 8',-1.00,1.00,-53.00,-54.00),(237,1372,2,'2015-03-09 14:48:45','POS 8',-4.00,4.00,-111.00,-115.00),(238,1373,2,'2015-03-09 14:48:45','POS 8',-1.00,1.00,-33.00,-34.00),(239,1374,2,'2015-03-09 14:49:41','POS 1',-1.00,1.00,-77.00,-78.00),(240,1376,2,'2015-03-09 14:49:41','POS 1',-1.00,1.00,-54.00,-55.00),(241,1372,2,'2015-03-09 14:49:41','POS 1',-4.00,4.00,-115.00,-119.00),(242,1373,2,'2015-03-09 14:49:41','POS 1',-1.00,1.00,-34.00,-35.00),(243,1374,2,'2015-03-09 14:50:34','POS 2',-1.00,1.00,-78.00,-79.00),(244,1376,2,'2015-03-09 14:50:34','POS 2',-1.00,1.00,-55.00,-56.00),(245,1372,2,'2015-03-09 14:50:34','POS 2',-4.00,4.00,-119.00,-123.00),(246,1373,2,'2015-03-09 14:50:34','POS 2',-1.00,1.00,-35.00,-36.00),(247,1374,2,'2015-03-13 15:34:54','POS 3',-1.00,1.00,-79.00,-80.00),(248,1376,2,'2015-03-13 15:34:54','POS 3',-1.00,1.00,-56.00,-57.00),(249,1372,2,'2015-03-13 15:34:54','POS 3',-1.00,1.00,-123.00,-124.00),(250,1374,2,'2015-03-13 21:28:40','POS 4',-1.00,1.00,-80.00,-81.00),(251,1372,2,'2015-03-13 21:28:40','POS 4',-1.00,1.00,-124.00,-125.00),(252,1375,2,'2015-03-13 21:39:48','POS 1',-1.00,1.00,0.00,-1.00),(253,1374,2,'2015-03-13 21:39:48','POS 1',-1.00,1.00,-81.00,-82.00),(254,1372,2,'2015-03-13 21:39:48','POS 1',-1.00,1.00,-125.00,-126.00),(255,1376,2,'2015-03-13 21:39:48','POS 1',-1.00,1.00,-57.00,-58.00),(256,1373,2,'2015-03-13 21:39:48','POS 1',-1.00,1.00,-36.00,-37.00),(257,1374,2,'2015-03-13 21:44:43','POS 2',-1.00,1.00,-82.00,-83.00),(258,1376,2,'2015-03-13 21:44:43','POS 2',-1.00,1.00,-58.00,-59.00),(259,1372,2,'2015-03-13 21:44:43','POS 2',-1.00,1.00,-126.00,-127.00),(260,1373,2,'2015-03-13 21:44:43','POS 2',-1.00,1.00,-37.00,-38.00),(261,1374,2,'2015-03-19 12:48:53','POS 3',-1.00,1.00,-83.00,-84.00),(262,1373,2,'2015-03-19 12:48:53','POS 3',-1.00,1.00,-38.00,-39.00),(263,1372,2,'2015-03-19 12:48:53','POS 3',-1.00,1.00,-127.00,-128.00),(264,1377,2,'2015-03-19 12:48:53','POS 3',-2.00,2.00,0.00,-2.00),(265,1374,2,'2015-03-19 12:50:40','POS 4',-1.00,1.00,-84.00,-85.00),(266,1376,2,'2015-03-19 12:50:40','POS 4',-1.00,1.00,-59.00,-60.00),(267,1373,2,'2015-03-19 12:50:40','POS 4',-1.00,1.00,-39.00,-40.00),(268,1377,2,'2015-03-19 12:50:40','POS 4',-1.00,1.00,-2.00,-3.00),(279,1374,2,'2015-03-20 21:56:22','POS 10',-2.00,2.00,-85.00,-87.00),(280,1376,2,'2015-03-20 21:56:22','POS 10',-1.00,1.00,-60.00,-61.00),(281,1373,2,'2015-03-20 21:56:22','POS 10',-1.00,1.00,-40.00,-41.00),(282,1377,2,'2015-03-20 21:56:22','POS 10',-1.00,1.00,-3.00,-4.00),(332,1373,2,'2015-03-21 06:06:12','Change Sale 10',1.00,NULL,-41.00,-40.00),(333,1374,2,'2015-03-21 06:06:12','Change Sale 10',2.00,NULL,-87.00,-85.00),(334,1376,2,'2015-03-21 06:06:12','Change Sale 10',1.00,NULL,-61.00,-60.00),(335,1377,2,'2015-03-21 06:06:12','Change Sale 10',1.00,NULL,-4.00,-3.00),(339,1373,2,'2015-03-21 06:06:12','POS 10',-1.00,1.00,-40.00,-41.00),(340,1374,2,'2015-03-21 06:06:12','POS 10',-2.00,2.00,-85.00,-87.00),(341,1376,2,'2015-03-21 06:06:12','POS 10',-1.00,1.00,-60.00,-61.00),(342,1377,2,'2015-03-21 06:06:12','POS 10',-1.00,1.00,-3.00,-4.00),(343,1373,2,'2015-03-21 06:13:16','Change Sale 10',1.00,NULL,-41.00,-40.00),(344,1374,2,'2015-03-21 06:13:16','Change Sale 10',2.00,NULL,-87.00,-85.00),(345,1376,2,'2015-03-21 06:13:16','Change Sale 10',1.00,NULL,-61.00,-60.00),(346,1377,2,'2015-03-21 06:13:16','Change Sale 10',1.00,NULL,-4.00,-3.00),(350,1374,2,'2015-03-21 06:13:17','POS 10',-2.00,2.00,-85.00,-87.00),(351,1376,2,'2015-03-21 06:13:17','POS 10',-1.00,1.00,-60.00,-61.00),(352,1377,2,'2015-03-21 06:13:17','POS 10',-1.00,1.00,-3.00,-4.00),(353,1372,2,'2015-03-22 06:32:11','POS 11',-5.00,5.00,-128.00,-133.00),(354,1373,2,'2015-03-22 06:32:11','POS 11',-1.00,1.00,-40.00,-41.00),(355,1377,2,'2015-03-22 06:32:11','POS 11',-2.00,2.00,-4.00,-6.00),(356,1374,2,'2015-03-22 06:32:11','POS 11',-1.00,1.00,-87.00,-88.00),(357,1376,2,'2015-03-22 06:32:11','POS 11',-1.00,1.00,-61.00,-62.00),(358,1378,2,'2015-03-22 06:44:35','POS 12',-1.00,1.00,0.00,-1.00),(359,1380,2,'2015-03-22 06:44:35','POS 12',-1.00,1.00,0.00,-1.00),(360,1379,2,'2015-03-22 06:44:35','POS 12',-1.00,1.00,0.00,-1.00),(361,1374,2,'2015-03-22 06:44:35','POS 12',-1.00,1.00,-88.00,-89.00),(362,1376,2,'2015-03-22 06:44:35','POS 12',-1.00,1.00,-62.00,-63.00),(363,1372,2,'2015-03-22 06:44:35','POS 12',-1.00,1.00,-133.00,-134.00),(364,1373,2,'2015-03-22 06:44:35','POS 12',-1.00,1.00,-41.00,-42.00),(365,1377,2,'2015-03-22 06:44:35','POS 12',-1.00,1.00,-6.00,-7.00),(366,1375,2,'2015-03-22 06:44:35','POS 12',-1.00,1.00,-1.00,-2.00),(367,1381,2,'2015-03-23 20:44:37','POS 13',-1.00,1.00,0.00,-1.00),(368,1382,2,'2015-03-23 20:44:37','POS 13',-1.00,1.00,0.00,-1.00);

/*Table structure for table `item` */

DROP TABLE IF EXISTS `item`;

CREATE TABLE `item` (
  `id` int(11) NOT NULL AUTO_INCREMENT,
  `name` varchar(100) CHARACTER SET utf8 NOT NULL,
  `item_number` varchar(255) CHARACTER SET utf8 DEFAULT NULL,
  `isbn` varchar(60) COLLATE utf8mb4_unicode_ci DEFAULT NULL,
  `currency_code` int(11) NOT NULL,
  `author_id` int(11) DEFAULT NULL,
  `publisher_id` int(11) DEFAULT NULL,
  `publish_date` date DEFAULT NULL,
  `category_id` int(11) DEFAULT NULL,
  `supplier_id` int(11) DEFAULT NULL,
  `cost_price` double(15,4) DEFAULT NULL,
  `unit_price` double(15,4) DEFAULT NULL,
  `quantity` double(15,2) NOT NULL,
  `reorder_level` double(15,2) DEFAULT NULL,
  `location` varchar(20) CHARACTER SET utf8 DEFAULT NULL,
  `allow_alt_description` tinyint(1) DEFAULT NULL,
  `is_serialized` tinyint(1) DEFAULT NULL,
  `description` text CHARACTER SET utf8,
  `deleted` tinyint(1) DEFAULT '0',
  `created_date` datetime DEFAULT NULL,
  `modified_date` datetime DEFAULT NULL,
  PRIMARY KEY (`id`),
  KEY `FK_currency_code` (`currency_code`),
  KEY `FK_item_category_id` (`category_id`),
  KEY `FK_item_supplier_id` (`supplier_id`),
  KEY `FK_item_pub_id` (`publisher_id`),
  KEY `FK_item_author_id` (`author_id`),
  CONSTRAINT `FK_item` FOREIGN KEY (`category_id`) REFERENCES `category` (`id`) ON DELETE SET NULL,
  CONSTRAINT `FK_item_c_code` FOREIGN KEY (`currency_code`) REFERENCES `currency_type` (`code`),
  CONSTRAINT `FK_item_pub_id` FOREIGN KEY (`publisher_id`) REFERENCES `publisher` (`id`)
) ENGINE=InnoDB DEFAULT CHARSET=utf8mb4 COLLATE=utf8mb4_unicode_ci;

/*Data for the table `item` */

/*Table structure for table `item_count_schedule` */

DROP TABLE IF EXISTS `item_count_schedule`;

CREATE TABLE `item_count_schedule` (
  `item_id` int(11) NOT NULL,
  `name` varchar(60) COLLATE utf8mb4_unicode_ci DEFAULT NULL,
  `quantity` double(15,2) DEFAULT NULL,
  `first_count_date` datetime DEFAULT NULL,
  `next_count_date` datetime DEFAULT NULL,
  `count_interval` smallint(6) DEFAULT NULL,
  `modified_date` timestamp NOT NULL DEFAULT CURRENT_TIMESTAMP,
  `employee_id` int(11) DEFAULT NULL,
  `remarks` text COLLATE utf8mb4_unicode_ci,
  PRIMARY KEY (`item_id`),
  UNIQUE KEY `item_id` (`item_id`)
) ENGINE=InnoDB DEFAULT CHARSET=utf8mb4 COLLATE=utf8mb4_unicode_ci;

/*Data for the table `item_count_schedule` */

insert  into `item_count_schedule`(`item_id`,`name`,`quantity`,`first_count_date`,`next_count_date`,`count_interval`,`modified_date`,`employee_id`,`remarks`) values (1372,'Fan Hatari Medium',0.00,'2015-01-28 21:27:09',NULL,NULL,'2015-03-01 22:38:08',2,NULL),(1373,'Kapa Viva Khmer',0.00,'2015-01-28 21:28:01',NULL,NULL,'2015-01-28 21:28:01',2,NULL),(1374,'A4 paper',-85.00,'2015-01-31 13:52:57',NULL,NULL,'2015-03-20 19:16:43',2,NULL),(1375,'Dey Sor',0.00,'2015-01-31 13:53:25',NULL,NULL,'2015-03-01 22:37:30',2,NULL),(1376,'Apirin',0.00,'2015-03-01 22:43:16',NULL,NULL,'2015-03-02 12:17:37',2,NULL),(1377,'USA Product',0.00,'2015-03-14 20:45:08',NULL,NULL,'2015-03-14 20:45:08',2,NULL),(1378,'Bath Towel',0.00,'2015-03-22 06:42:13',NULL,NULL,'2015-03-22 06:42:13',2,NULL),(1379,'Hand Towel',0.00,'2015-03-22 06:42:45',NULL,NULL,'2015-03-22 06:42:45',2,NULL),(1380,'Bathmat',0.00,'2015-03-22 06:43:09',NULL,NULL,'2015-03-22 06:43:09',2,NULL);

/*Table structure for table `item_count_schedule_dt` */

DROP TABLE IF EXISTS `item_count_schedule_dt`;

CREATE TABLE `item_count_schedule_dt` (
  `item_id` int(11) NOT NULL,
  `name` varchar(60) COLLATE utf8mb4_unicode_ci DEFAULT NULL,
  `quantity` double(15,2) DEFAULT NULL,
  `first_count_date` datetime DEFAULT NULL,
  `next_count_date` datetime DEFAULT NULL,
  `count_interval` smallint(6) DEFAULT NULL,
  `modified_date` timestamp NOT NULL DEFAULT CURRENT_TIMESTAMP,
  `employee_id` int(11) DEFAULT NULL,
  `remarks` text COLLATE utf8mb4_unicode_ci
) ENGINE=InnoDB DEFAULT CHARSET=utf8mb4 COLLATE=utf8mb4_unicode_ci;

/*Data for the table `item_count_schedule_dt` */

insert  into `item_count_schedule_dt`(`item_id`,`name`,`quantity`,`first_count_date`,`next_count_date`,`count_interval`,`modified_date`,`employee_id`,`remarks`) values (1372,'Fan Hatari Medium',0.00,'2015-01-28 21:27:09',NULL,NULL,'2015-01-28 21:27:09',38,'CU ITEM'),(1373,'Kapa Viva Khmer',0.00,'2015-01-28 21:28:01',NULL,NULL,'2015-01-28 21:28:01',38,'CU ITEM'),(1374,'A4 paper',0.00,'2015-01-31 13:52:57',NULL,NULL,'2015-01-31 13:52:57',38,'CU ITEM'),(1375,'Dey Sor',0.00,'2015-01-31 13:53:25',NULL,NULL,'2015-01-31 13:53:25',38,'CU ITEM'),(1375,'Dey Sor',0.00,'2015-01-31 13:53:25',NULL,NULL,'2015-03-01 22:37:30',38,'CU ITEM'),(1374,'A4 paper',0.00,'2015-01-31 13:52:57',NULL,NULL,'2015-03-01 22:37:49',38,'CU ITEM'),(1372,'Fan Hatari Medium',0.00,'2015-01-28 21:27:09',NULL,NULL,'2015-03-01 22:38:08',38,'CU ITEM'),(1376,'Apirin',0.00,'2015-03-01 22:43:16',NULL,NULL,'2015-03-01 22:43:16',38,'CU ITEM'),(1376,'Apirin',0.00,'2015-03-01 22:43:16',NULL,NULL,'2015-03-02 12:17:37',38,'CU ITEM'),(1374,'A4 paper',0.00,'2015-01-31 13:52:57',NULL,NULL,'2015-03-02 21:32:10',38,'CU ITEM'),(1377,'USA Product',0.00,'2015-03-14 20:45:08',NULL,NULL,'2015-03-14 20:45:08',38,'CU ITEM'),(1374,'A4 paper',-85.00,'2015-01-31 13:52:57',NULL,NULL,'2015-03-20 19:13:25',38,'CU ITEM'),(1374,'A4 paper',-85.00,'2015-01-31 13:52:57',NULL,NULL,'2015-03-20 19:14:06',38,'CU ITEM'),(1374,'A4 paper',-85.00,'2015-01-31 13:52:57',NULL,NULL,'2015-03-20 19:16:43',38,'CU ITEM'),(1378,'Bath Towel',0.00,'2015-03-22 06:42:13',NULL,NULL,'2015-03-22 06:42:13',38,'CU ITEM'),(1379,'Hand Towel',0.00,'2015-03-22 06:42:45',NULL,NULL,'2015-03-22 06:42:45',38,'CU ITEM'),(1380,'Bathmat',0.00,'2015-03-22 06:43:09',NULL,NULL,'2015-03-22 06:43:09',38,'CU ITEM');

/*Table structure for table `item_expire` */

DROP TABLE IF EXISTS `item_expire`;

CREATE TABLE `item_expire` (
  `id` int(11) NOT NULL AUTO_INCREMENT,
  `item_id` int(11) NOT NULL,
  `mfd_date` date DEFAULT NULL,
  `expire_date` date NOT NULL,
  `quantity` decimal(15,2) DEFAULT '0.00',
  PRIMARY KEY (`id`,`item_id`,`expire_date`),
  UNIQUE KEY `item_expire` (`item_id`,`expire_date`),
  KEY `FK_item_expire_item_id` (`item_id`)
) ENGINE=InnoDB DEFAULT CHARSET=utf8mb4 COLLATE=utf8mb4_unicode_ci;

/*Data for the table `item_expire` */

/*Table structure for table `item_expire_dt` */

DROP TABLE IF EXISTS `item_expire_dt`;

CREATE TABLE `item_expire_dt` (
  `id` int(11) NOT NULL AUTO_INCREMENT,
  `item_expire_id` int(11) NOT NULL,
  `trans_id` int(11) NOT NULL,
  `trans_qty` decimal(15,2) NOT NULL,
  `trans_comment` varchar(30) COLLATE utf8mb4_unicode_ci DEFAULT NULL,
  `modified_date` datetime DEFAULT NULL,
  `employee_id` int(11) DEFAULT NULL,
  PRIMARY KEY (`id`),
  KEY `FK_item_expire_dt` (`item_expire_id`)
) ENGINE=InnoDB DEFAULT CHARSET=utf8mb4 COLLATE=utf8mb4_unicode_ci;

/*Data for the table `item_expire_dt` */

/*Table structure for table `item_image` */

DROP TABLE IF EXISTS `item_image`;

CREATE TABLE `item_image` (
  `id` int(11) NOT NULL AUTO_INCREMENT,
  `item_id` int(11) NOT NULL,
  `photo` blob NOT NULL,
  `thumbnail` blob,
  `filename` varchar(30) CHARACTER SET latin1 NOT NULL,
  `filetype` varchar(15) CHARACTER SET latin1 DEFAULT NULL,
  `path` varchar(100) CHARACTER SET latin1 DEFAULT NULL,
  `size` int(11) DEFAULT NULL,
  `width` varchar(20) CHARACTER SET latin1 DEFAULT NULL,
  `height` varchar(20) CHARACTER SET latin1 DEFAULT NULL,
  PRIMARY KEY (`id`),
  KEY `FK_item_image_item_id` (`item_id`)
) ENGINE=InnoDB DEFAULT CHARSET=utf8mb4 COLLATE=utf8mb4_unicode_ci;

/*Data for the table `item_image` */

/*Table structure for table `item_price` */

DROP TABLE IF EXISTS `item_price`;

CREATE TABLE `item_price` (
  `id` int(11) NOT NULL AUTO_INCREMENT,
  `item_id` int(11) NOT NULL,
  `employee_id` int(11) NOT NULL,
  `old_price` double(15,4) DEFAULT NULL,
  `new_price` double(15,4) DEFAULT NULL,
  `modified_date` datetime DEFAULT NULL,
  PRIMARY KEY (`id`),
  KEY `FK_item_price_item_id` (`item_id`),
  KEY `FK_item_price_emp_id` (`employee_id`)
) ENGINE=InnoDB AUTO_INCREMENT=5 DEFAULT CHARSET=utf8mb4 COLLATE=utf8mb4_unicode_ci;

/*Data for the table `item_price` */

insert  into `item_price`(`id`,`item_id`,`employee_id`,`old_price`,`new_price`,`modified_date`) values (1,1375,2,200.0000,2.0000,'2015-03-01 22:37:30'),(2,1374,2,12.0000,10.0000,'2015-03-01 22:37:49'),(3,1372,2,250.0000,5.0000,'2015-03-01 22:38:08'),(4,1383,2,10.0000,0.0000,'2015-03-31 06:42:52');

/*Table structure for table `item_price_promo` */

DROP TABLE IF EXISTS `item_price_promo`;

CREATE TABLE `item_price_promo` (
  `id` int(11) NOT NULL AUTO_INCREMENT,
  `item_id` int(11) DEFAULT NULL,
  `unit_price` double(15,4) NOT NULL,
  `start_date` datetime DEFAULT NULL,
  `end_date` datetime DEFAULT NULL,
  PRIMARY KEY (`id`),
  UNIQUE KEY `item_id_udx` (`item_id`),
  CONSTRAINT `FK_item_price_promo_id` FOREIGN KEY (`item_id`) REFERENCES `item` (`id`) ON DELETE CASCADE
) ENGINE=InnoDB DEFAULT CHARSET=utf8mb4 COLLATE=utf8mb4_unicode_ci;

/*Data for the table `item_price_promo` */

/*Table structure for table `item_price_promo_dt` */

DROP TABLE IF EXISTS `item_price_promo_dt`;

CREATE TABLE `item_price_promo_dt` (
  `id` int(11) NOT NULL AUTO_INCREMENT,
  `item_price_promo_id` int(11) NOT NULL,
  `item_id` int(11) NOT NULL,
  `unit_price` double(15,4) NOT NULL,
  `start_date` datetime NOT NULL,
  `end_date` datetime NOT NULL,
  `modified_date` datetime DEFAULT NULL,
  `employee_id` int(11) DEFAULT NULL,
  PRIMARY KEY (`id`)
) ENGINE=InnoDB DEFAULT CHARSET=utf8mb4 COLLATE=utf8mb4_unicode_ci;

/*Data for the table `item_price_promo_dt` */

/*Table structure for table `item_price_tier` */

DROP TABLE IF EXISTS `item_price_tier`;

CREATE TABLE `item_price_tier` (
  `id` int(11) NOT NULL AUTO_INCREMENT,
  `item_id` int(11) NOT NULL,
  `price_tier_id` int(11) NOT NULL,
  `price` double(15,4) DEFAULT NULL,
  PRIMARY KEY (`id`),
  UNIQUE KEY `id` (`item_id`,`price_tier_id`),
  KEY `FK_item_price_tier_item_id` (`item_id`),
  KEY `FK_item_price_tier_id` (`price_tier_id`)
) ENGINE=InnoDB AUTO_INCREMENT=6 DEFAULT CHARSET=utf8mb4 COLLATE=utf8mb4_unicode_ci;

/*Data for the table `item_price_tier` */

insert  into `item_price_tier`(`id`,`item_id`,`price_tier_id`,`price`) values (1,1374,1,9.5000),(2,1374,2,9.6000),(3,1382,1,14.0000),(4,1383,1,115.0000),(5,1383,2,120.0000);

/*Table structure for table `payment_history` */

DROP TABLE IF EXISTS `payment_history`;

CREATE TABLE `payment_history` (
  `id` int(11) NOT NULL AUTO_INCREMENT,
  `client_id` int(11) NOT NULL,
  `currency_code` int(11) DEFAULT NULL,
  `payment_amount` double(15,2) NOT NULL,
  `give_away` double DEFAULT '0',
  `date_paid` datetime DEFAULT NULL,
  `note` text COLLATE utf8mb4_unicode_ci,
  `employee_id` int(11) NOT NULL,
  PRIMARY KEY (`id`)
) ENGINE=InnoDB AUTO_INCREMENT=31 DEFAULT CHARSET=utf8mb4 COLLATE=utf8mb4_unicode_ci;

/*Data for the table `payment_history` */

insert  into `payment_history`(`id`,`client_id`,`currency_code`,`payment_amount`,`give_away`,`date_paid`,`note`,`employee_id`) values (1,4,3,10.00,0,'2015-03-09 14:50:34',NULL,2),(2,4,2,5.00,0,'2015-03-09 14:50:34',NULL,2),(3,4,3,5.00,0,'2015-03-13 15:37:53',NULL,2),(6,4,3,5.00,0,'2015-03-13 16:20:13',NULL,2),(7,4,3,5.00,0,'2015-03-13 16:20:15',NULL,2),(8,4,3,5.00,0,'2015-03-13 16:20:16',NULL,2),(9,4,3,5.00,0,'2015-03-13 16:20:16',NULL,2),(10,4,3,5.00,0,'2015-03-13 16:20:16',NULL,2),(11,4,3,5.00,0,'2015-03-13 16:20:16',NULL,2),(12,4,3,5.00,0,'2015-03-13 16:20:18',NULL,2),(13,4,3,5.00,0,'2015-03-13 16:20:19',NULL,2),(14,4,3,5.00,0,'2015-03-13 16:20:20',NULL,2),(15,4,3,5.00,0,'2015-03-13 16:20:20',NULL,2),(16,4,3,5.00,0,'2015-03-13 16:20:20',NULL,2),(17,4,3,5.00,0,'2015-03-13 16:20:20',NULL,2),(18,4,3,5.00,0,'2015-03-13 16:20:20',NULL,2),(19,4,3,5.00,0,'2015-03-13 16:20:21',NULL,2),(20,4,3,5.00,0,'2015-03-13 16:20:21',NULL,2),(21,4,3,10.00,0,'2015-03-13 21:28:40',NULL,2),(22,4,3,5.00,0,'2015-03-13 21:39:48',NULL,2),(23,4,2,12.00,0,'2015-03-13 21:39:48',NULL,2),(24,4,3,20.00,0,'2015-03-13 21:44:43',NULL,2),(25,4,2,40.00,0,'2015-03-13 21:44:43',NULL,2),(26,4,1,2.00,0,'2015-03-19 12:48:53',NULL,2),(27,4,1,2.00,0,'2015-03-19 12:50:40',NULL,2),(28,4,3,20.00,0,'2015-03-19 12:50:40',NULL,2),(29,9,2,0.00,0,'2015-03-23 20:44:37',NULL,2),(30,9,3,3.00,0,'2015-03-23 20:44:37',NULL,2);

/*Table structure for table `price_tier` */

DROP TABLE IF EXISTS `price_tier`;

CREATE TABLE `price_tier` (
  `id` int(11) NOT NULL AUTO_INCREMENT,
  `tier_name` varchar(30) COLLATE utf8mb4_unicode_ci NOT NULL,
  `modified_date` datetime DEFAULT NULL,
  `status` varchar(1) COLLATE utf8mb4_unicode_ci DEFAULT '1',
  PRIMARY KEY (`id`)
) ENGINE=InnoDB AUTO_INCREMENT=4 DEFAULT CHARSET=utf8mb4 COLLATE=utf8mb4_unicode_ci;

/*Data for the table `price_tier` */

insert  into `price_tier`(`id`,`tier_name`,`modified_date`,`status`) values (1,'លក់ដុំ','2015-03-20 13:08:53','1'),(2,'អង្គការ','2015-03-20 13:09:50','1'),(3,'ក្រុមហ៏ុន','2015-03-31 06:52:02','1');

/*Table structure for table `profit_margin` */

DROP TABLE IF EXISTS `profit_margin`;

CREATE TABLE `profit_margin` (
  `id` int(11) NOT NULL AUTO_INCREMENT,
  `name` varchar(100) COLLATE utf8mb4_unicode_ci NOT NULL,
  `created_date` datetime DEFAULT NULL,
  `modified_date` datetime DEFAULT NULL,
  `modified_by` int(11) DEFAULT NULL,
  PRIMARY KEY (`id`)
) ENGINE=InnoDB AUTO_INCREMENT=7 DEFAULT CHARSET=utf8mb4 COLLATE=utf8mb4_unicode_ci;

/*Data for the table `profit_margin` */

insert  into `profit_margin`(`id`,`name`,`created_date`,`modified_date`,`modified_by`) values (5,'margin1',NULL,'2015-03-31 06:52:50',2),(6,'margin2','2015-03-28 06:15:57','2015-03-31 06:52:20',2);

/*Table structure for table `profit_price_tier` */

DROP TABLE IF EXISTS `profit_price_tier`;

CREATE TABLE `profit_price_tier` (
  `id` int(11) NOT NULL AUTO_INCREMENT,
  `profit_margin_id` int(11) NOT NULL,
  `price_tier_id` int(11) NOT NULL,
  `profit` int(11) DEFAULT NULL,
  PRIMARY KEY (`id`)
) ENGINE=InnoDB AUTO_INCREMENT=7 DEFAULT CHARSET=utf8mb4 COLLATE=utf8mb4_unicode_ci;

/*Data for the table `profit_price_tier` */

insert  into `profit_price_tier`(`id`,`profit_margin_id`,`price_tier_id`,`profit`) values (1,5,1,10),(2,5,2,15),(3,6,1,15),(4,6,2,20),(5,6,3,25),(6,5,3,20);

/*Table structure for table `publisher` */

DROP TABLE IF EXISTS `publisher`;

CREATE TABLE `publisher` (
  `id` int(11) NOT NULL AUTO_INCREMENT,
  `name` varchar(100) COLLATE utf8mb4_unicode_ci NOT NULL,
  `location` varchar(100) COLLATE utf8mb4_unicode_ci DEFAULT NULL,
  `contact_name` varchar(100) COLLATE utf8mb4_unicode_ci DEFAULT NULL,
  `contact_email` varchar(50) COLLATE utf8mb4_unicode_ci DEFAULT NULL,
  `contact_tel` varchar(25) COLLATE utf8mb4_unicode_ci DEFAULT NULL,
  PRIMARY KEY (`id`)
) ENGINE=InnoDB DEFAULT CHARSET=utf8mb4 COLLATE=utf8mb4_unicode_ci;

/*Data for the table `publisher` */

/*Table structure for table `rbac_user` */

DROP TABLE IF EXISTS `rbac_user`;

CREATE TABLE `rbac_user` (
  `id` int(11) NOT NULL AUTO_INCREMENT,
  `user_name` varchar(60) CHARACTER SET utf8 NOT NULL,
  `group_id` int(11) DEFAULT NULL,
  `employee_id` int(11) NOT NULL,
  `user_password` varchar(128) CHARACTER SET utf8 NOT NULL,
  `deleted` tinyint(1) DEFAULT '0',
  `status` tinyint(1) DEFAULT '1',
  `date_entered` datetime DEFAULT NULL,
  `modified_date` datetime DEFAULT NULL,
  `created_by` int(11) DEFAULT NULL,
  PRIMARY KEY (`id`),
  UNIQUE KEY `username_indx` (`user_name`),
  KEY `FK_rbac_user_group_id` (`group_id`),
  KEY `FK_rbac_user_employee_id` (`employee_id`),
  CONSTRAINT `FK_rbac_user_emp_id` FOREIGN KEY (`employee_id`) REFERENCES `employee` (`id`) ON DELETE CASCADE
) ENGINE=InnoDB AUTO_INCREMENT=4 DEFAULT CHARSET=utf8mb4 COLLATE=utf8mb4_unicode_ci;

/*Data for the table `rbac_user` */

insert  into `rbac_user`(`id`,`user_name`,`group_id`,`employee_id`,`user_password`,`deleted`,`status`,`date_entered`,`modified_date`,`created_by`) values (2,'admin',NULL,1,'$2a$08$6Bpd5qGSPhB5dehzcrje4eYbfeTmxKI6WI8AgnamWSJyC4nAYNES6',0,1,NULL,'2014-02-15 11:31:55',NULL),(3,'super',NULL,2,'$2a$08$J7IBftBeORzk4j8mY0nk0OBykvV3iXA1DEMOhvHMhewy.93gVWPCm',0,1,'2013-10-10 09:44:04','2015-01-18 14:36:20',NULL);

/*Table structure for table `receiving` */

DROP TABLE IF EXISTS `receiving`;

CREATE TABLE `receiving` (
  `id` int(11) NOT NULL AUTO_INCREMENT,
  `receive_time` datetime NOT NULL,
  `supplier_id` int(11) DEFAULT NULL,
  `employee_id` int(11) DEFAULT NULL,
  `sub_total` double(15,4) DEFAULT NULL,
  `payment_type` varchar(255) CHARACTER SET utf8 DEFAULT NULL,
  `status` varchar(30) CHARACTER SET utf8 DEFAULT NULL,
  `remark` text CHARACTER SET utf8,
  `discount_amount` decimal(15,4) DEFAULT NULL,
  `discount_type` varchar(2) COLLATE utf8mb4_unicode_ci DEFAULT NULL,
  PRIMARY KEY (`id`),
  KEY `FK_sale_emp_id` (`employee_id`)
) ENGINE=InnoDB DEFAULT CHARSET=utf8mb4 COLLATE=utf8mb4_unicode_ci;

/*Data for the table `receiving` */

/*Table structure for table `receiving_item` */

DROP TABLE IF EXISTS `receiving_item`;

CREATE TABLE `receiving_item` (
  `receive_id` int(11) NOT NULL,
  `item_id` int(11) NOT NULL,
  `description` text CHARACTER SET utf8,
  `line` int(11) DEFAULT NULL,
  `quantity` double(15,2) DEFAULT NULL,
  `cost_price` double(15,4) DEFAULT NULL,
  `unit_price` double(15,4) DEFAULT NULL,
  `price` double(15,4) DEFAULT NULL,
  `discount_amount` double(15,2) DEFAULT NULL,
  `discount_type` varchar(2) CHARACTER SET utf8 DEFAULT '%',
  PRIMARY KEY (`receive_id`,`item_id`),
  KEY `FK_sale_item_item_id` (`item_id`)
) ENGINE=InnoDB DEFAULT CHARSET=utf8mb4 COLLATE=utf8mb4_unicode_ci;

/*Data for the table `receiving_item` */

/*Table structure for table `sale` */

DROP TABLE IF EXISTS `sale`;

CREATE TABLE `sale` (
  `id` int(11) NOT NULL AUTO_INCREMENT,
  `sale_time` datetime NOT NULL,
  `client_id` int(11) DEFAULT NULL,
  `employee_id` int(11) DEFAULT NULL,
  `sub_total` decimal(15,4) DEFAULT NULL,
  `payment_type` varchar(255) CHARACTER SET utf8 DEFAULT NULL,
  `status` varchar(20) CHARACTER SET utf8 DEFAULT NULL,
  `remark` text CHARACTER SET utf8,
  `discount_amount` decimal(15,2) DEFAULT '0.00',
  `discount_type` varchar(2) COLLATE utf8mb4_unicode_ci DEFAULT NULL,
  PRIMARY KEY (`id`),
  KEY `FK_sale_emp_id` (`employee_id`),
  KEY `FK_sale_client_id` (`client_id`)
) ENGINE=InnoDB AUTO_INCREMENT=14 DEFAULT CHARSET=utf8mb4 COLLATE=utf8mb4_unicode_ci;

/*Data for the table `sale` */

insert  into `sale`(`id`,`sale_time`,`client_id`,`employee_id`,`sub_total`,`payment_type`,`status`,`remark`,`discount_amount`,`discount_type`) values (1,'2015-03-13 21:39:48',4,2,'0.0000','','1',NULL,'0.00','%'),(2,'2015-03-13 21:44:43',4,2,'0.0000','','1',NULL,'0.00','%'),(3,'2015-03-19 12:48:52',4,2,'0.0000','','1',NULL,'0.00','%'),(4,'2015-03-19 12:50:40',4,2,'0.0000','','1',NULL,'0.00','%'),(10,'2015-03-20 21:56:22',4,2,'0.0000','','2',NULL,'0.00','%'),(11,'2015-03-22 06:32:10',5,2,'0.0000','','2',NULL,'0.00','%'),(12,'2015-03-22 06:44:35',5,2,'0.0000','','2',NULL,'0.00','%'),(13,'2015-03-23 20:44:36',9,2,'0.0000','','1',NULL,'0.00','%');

/*Table structure for table `sale_item` */

DROP TABLE IF EXISTS `sale_item`;

CREATE TABLE `sale_item` (
  `sale_id` int(11) NOT NULL,
  `item_id` int(11) NOT NULL,
  `currency_code` int(11) NOT NULL,
  `description` text CHARACTER SET utf8,
  `line` int(11) DEFAULT NULL,
  `quantity` double(15,2) DEFAULT NULL,
  `cost_price` double(15,4) DEFAULT NULL,
  `unit_price` double(15,4) DEFAULT NULL,
  `price` double(15,4) DEFAULT NULL,
  `discount_amount` double(15,2) DEFAULT NULL,
  `discount_type` varchar(2) CHARACTER SET utf8 DEFAULT '%',
  PRIMARY KEY (`sale_id`,`item_id`),
  KEY `FK_sale_item_item_id` (`item_id`),
  CONSTRAINT `FK_sale_item_sale_id` FOREIGN KEY (`sale_id`) REFERENCES `sale` (`id`) ON DELETE CASCADE
) ENGINE=InnoDB DEFAULT CHARSET=utf8mb4 COLLATE=utf8mb4_unicode_ci;

/*Data for the table `sale_item` */

insert  into `sale_item`(`sale_id`,`item_id`,`currency_code`,`description`,`line`,`quantity`,`cost_price`,`unit_price`,`price`,`discount_amount`,`discount_type`) values (1,1372,3,NULL,1372,1.00,4.0000,5.0000,5.0000,0.00,'%'),(1,1373,2,NULL,1373,1.00,10.0000,20.0000,20.0000,0.00,'%'),(1,1374,3,NULL,1374,1.00,9.0000,10.0000,10.0000,0.00,'%'),(1,1375,2,NULL,1375,1.00,1.0000,2.0000,2.0000,0.00,'%'),(1,1376,2,NULL,1376,1.00,5.0000,10.0000,10.0000,0.00,'%'),(2,1372,3,NULL,1372,1.00,4.0000,5.0000,5.0000,0.00,'%'),(2,1373,2,NULL,1373,1.00,10.0000,20.0000,20.0000,0.00,'%'),(2,1374,3,NULL,1374,1.00,9.0000,10.0000,10.0000,0.00,'%'),(2,1376,2,NULL,1376,1.00,5.0000,10.0000,10.0000,0.00,'%'),(3,1372,3,NULL,1372,1.00,4.0000,5.0000,5.0000,0.00,'%'),(3,1373,2,NULL,1373,1.00,10.0000,20.0000,20.0000,0.00,'%'),(3,1374,3,NULL,1374,1.00,9.0000,10.0000,10.0000,0.00,'%'),(3,1377,1,NULL,1377,2.00,1.0000,2.0000,2.0000,0.00,'%'),(4,1373,2,NULL,1373,1.00,10.0000,20.0000,20.0000,0.00,'%'),(4,1374,3,NULL,1374,1.00,9.0000,10.0000,10.0000,0.00,'%'),(4,1376,2,NULL,1376,1.00,5.0000,10.0000,10.0000,0.00,'%'),(4,1377,1,NULL,1377,1.00,1.0000,2.0000,2.0000,0.00,'%'),(10,1374,3,NULL,1374,2.00,9.0000,10.0000,9.6000,0.00,'%'),(10,1376,2,NULL,1376,1.00,5.0000,10.0000,10.0000,0.00,'%'),(10,1377,1,NULL,1377,1.00,1.0000,2.0000,2.0000,0.00,'%'),(11,1372,3,NULL,1372,5.00,4.0000,5.0000,5.0000,0.00,'%'),(11,1373,2,NULL,1373,1.00,10.0000,20.0000,20.0000,0.00,'%'),(11,1374,3,NULL,1374,1.00,9.0000,10.0000,10.0000,0.00,'%'),(11,1376,2,NULL,1376,1.00,5.0000,10.0000,10.0000,0.00,'%'),(11,1377,1,NULL,1377,2.00,1.0000,2.0000,2.0000,0.00,'%'),(12,1372,3,NULL,1372,1.00,4.0000,5.0000,5.0000,0.00,'%'),(12,1373,2,NULL,1373,1.00,10.0000,20.0000,20.0000,0.00,'%'),(12,1374,3,NULL,1374,1.00,9.0000,10.0000,10.0000,0.00,'%'),(12,1375,2,NULL,1375,1.00,1.0000,2.0000,2.0000,0.00,'%'),(12,1376,2,NULL,1376,1.00,5.0000,10.0000,10.0000,0.00,'%'),(12,1377,1,NULL,1377,1.00,1.0000,2.0000,2.0000,0.00,'%'),(12,1378,1,NULL,1378,1.00,4.0000,5.0000,5.0000,0.00,'%'),(12,1379,2,NULL,1379,1.00,2.0000,3.0000,3.0000,0.00,'%'),(12,1380,3,NULL,1380,1.00,4.0000,5.0000,5.0000,0.00,'%'),(13,1381,3,NULL,1381,1.00,1.0000,2.0000,2.0000,0.00,'%'),(13,1382,3,NULL,1382,1.00,12.0000,15.0000,14.0000,0.00,'%');

/*Table structure for table `sale_item_log` */

DROP TABLE IF EXISTS `sale_item_log`;

CREATE TABLE `sale_item_log` (
  `sale_id` int(11) NOT NULL,
  `item_id` int(11) NOT NULL,
  `currency_code` int(11) NOT NULL,
  `description` text CHARACTER SET utf8,
  `line` int(11) DEFAULT NULL,
  `quantity` double(15,2) DEFAULT NULL,
  `cost_price` double(15,4) DEFAULT NULL,
  `unit_price` double(15,4) DEFAULT NULL,
  `price` double(15,4) DEFAULT NULL,
  `discount_amount` double(15,2) DEFAULT NULL,
  `discount_type` varchar(2) CHARACTER SET utf8 DEFAULT '%',
  `modified_date` timestamp NULL DEFAULT CURRENT_TIMESTAMP
) ENGINE=InnoDB DEFAULT CHARSET=utf8mb4 COLLATE=utf8mb4_unicode_ci;

/*Data for the table `sale_item_log` */

insert  into `sale_item_log`(`sale_id`,`item_id`,`currency_code`,`description`,`line`,`quantity`,`cost_price`,`unit_price`,`price`,`discount_amount`,`discount_type`,`modified_date`) values (10,1373,2,NULL,1373,1.00,10.0000,20.0000,20.0000,0.00,'%',NULL),(10,1374,3,NULL,1374,2.00,9.0000,10.0000,9.6000,0.00,'%',NULL),(10,1376,2,NULL,1376,1.00,5.0000,10.0000,10.0000,0.00,'%',NULL),(10,1377,1,NULL,1377,1.00,1.0000,2.0000,2.0000,0.00,'%',NULL),(10,1373,2,NULL,1373,1.00,10.0000,20.0000,20.0000,0.00,'%','2015-03-21 06:13:16'),(10,1374,3,NULL,1374,2.00,9.0000,10.0000,9.6000,0.00,'%','2015-03-21 06:13:16'),(10,1376,2,NULL,1376,1.00,5.0000,10.0000,10.0000,0.00,'%','2015-03-21 06:13:16'),(10,1377,1,NULL,1377,1.00,1.0000,2.0000,2.0000,0.00,'%','2015-03-21 06:13:16');

/*Table structure for table `sale_payment` */

DROP TABLE IF EXISTS `sale_payment`;

CREATE TABLE `sale_payment` (
  `id` int(11) NOT NULL AUTO_INCREMENT,
  `sale_id` int(11) NOT NULL,
  `currency_code` int(11) NOT NULL,
  `payment_id` int(11) DEFAULT NULL,
  `payment_type` varchar(40) CHARACTER SET utf8 DEFAULT NULL,
  `payment_amount` double NOT NULL,
  `give_away` double DEFAULT '0',
  `date_paid` datetime DEFAULT NULL,
  `note` text CHARACTER SET utf8,
  `modified_date` datetime NOT NULL,
  PRIMARY KEY (`id`),
  KEY `FK_sale_payment_sale_id` (`sale_id`),
  KEY `FK_sale_payment_id` (`payment_id`)
) ENGINE=InnoDB AUTO_INCREMENT=12 DEFAULT CHARSET=utf8mb4 COLLATE=utf8mb4_unicode_ci;

/*Data for the table `sale_payment` */

insert  into `sale_payment`(`id`,`sale_id`,`currency_code`,`payment_id`,`payment_type`,`payment_amount`,`give_away`,`date_paid`,`note`,`modified_date`) values (1,1,3,22,'cash',5,0,'2015-03-13 21:39:48',NULL,'2015-03-13 21:39:48'),(2,1,2,23,'cash',12,0,'2015-03-13 21:39:48',NULL,'2015-03-13 21:39:48'),(3,1,3,24,'cash',10,0,'2015-03-13 21:44:43',NULL,'2015-03-13 21:44:43'),(4,2,3,24,'cash',10,0,'2015-03-13 21:44:43',NULL,'2015-03-13 21:44:43'),(5,1,2,25,'cash',20,0,'2015-03-13 21:44:43',NULL,'2015-03-13 21:44:43'),(6,2,2,25,'cash',20,0,'2015-03-13 21:44:43',NULL,'2015-03-13 21:44:43'),(7,3,1,26,'cash',2,0,'2015-03-19 12:48:53',NULL,'2015-03-19 12:48:53'),(8,3,1,27,'cash',2,0,'2015-03-19 12:50:40',NULL,'2015-03-19 12:50:40'),(9,2,3,28,'cash',5,0,'2015-03-19 12:50:40',NULL,'2015-03-19 12:50:40'),(10,3,3,28,'cash',15,0,'2015-03-19 12:50:40',NULL,'2015-03-19 12:50:40'),(11,13,3,30,'cash',3,0,'2015-03-23 20:44:37',NULL,'2015-03-23 20:44:37');

/*Table structure for table `sale_suspended` */

DROP TABLE IF EXISTS `sale_suspended`;

CREATE TABLE `sale_suspended` (
  `id` int(11) NOT NULL AUTO_INCREMENT,
  `sale_time` datetime NOT NULL,
  `client_id` int(11) DEFAULT NULL,
  `employee_id` int(11) DEFAULT NULL,
  `sub_total` double(15,4) DEFAULT NULL,
  `payment_type` varchar(255) CHARACTER SET utf8 DEFAULT NULL,
  `remark` text CHARACTER SET utf8,
  PRIMARY KEY (`id`),
  KEY `FK_sale_suspended_client_id` (`client_id`),
  KEY `FK_sale_suspended_emp_Id` (`employee_id`)
) ENGINE=InnoDB DEFAULT CHARSET=utf8mb4 COLLATE=utf8mb4_unicode_ci;

/*Data for the table `sale_suspended` */

/*Table structure for table `sale_suspended_item` */

DROP TABLE IF EXISTS `sale_suspended_item`;

CREATE TABLE `sale_suspended_item` (
  `sale_id` int(11) NOT NULL,
  `item_id` int(11) NOT NULL,
  `description` text CHARACTER SET utf8,
  `line` int(11) DEFAULT NULL,
  `quantity` double(15,2) DEFAULT NULL,
  `cost_price` double(15,4) DEFAULT NULL,
  `unit_price` double(15,4) DEFAULT NULL,
  `price` double(15,4) DEFAULT NULL,
  `discount_amount` double(15,2) DEFAULT NULL,
  `discount_type` varchar(2) CHARACTER SET utf8 DEFAULT '%',
  KEY `FK_sale_suspended_item_sale_id` (`sale_id`),
  KEY `FK_sale_suspended_item_item_id` (`item_id`)
) ENGINE=InnoDB DEFAULT CHARSET=utf8mb4 COLLATE=utf8mb4_unicode_ci;

/*Data for the table `sale_suspended_item` */

/*Table structure for table `sale_suspended_payment` */

DROP TABLE IF EXISTS `sale_suspended_payment`;

CREATE TABLE `sale_suspended_payment` (
  `sale_id` int(11) NOT NULL,
  `payment_type` varchar(40) CHARACTER SET utf8 NOT NULL,
  `payment_amount` double NOT NULL,
  PRIMARY KEY (`sale_id`,`payment_type`)
) ENGINE=InnoDB DEFAULT CHARSET=utf8mb4 COLLATE=utf8mb4_unicode_ci;

/*Data for the table `sale_suspended_payment` */

/*Table structure for table `sessions` */

DROP TABLE IF EXISTS `sessions`;

CREATE TABLE `sessions` (
  `id` char(32) COLLATE utf8mb4_unicode_ci NOT NULL,
  `expire` int(11) DEFAULT NULL,
  `data` longblob,
  PRIMARY KEY (`id`)
) ENGINE=InnoDB DEFAULT CHARSET=utf8mb4 COLLATE=utf8mb4_unicode_ci;

/*Data for the table `sessions` */

insert  into `sessions`(`id`,`expire`,`data`) values ('13v8759jjbba8dt9l87ibh0fi6',1427763170,'59372d2028b3b63dad0f4ae5f5e0c748__isAdmin|b:0;59372d2028b3b63dad0f4ae5f5e0c748__returnUrl|s:44:\"/bakou_pos_apsara/index.php/item/createImage\";employeeid|s:1:\"2\";userid|s:1:\"3\";emp_fullname|s:11:\"Super Super\";unique_id|s:13:\"5519da3a12685\";59372d2028b3b63dad0f4ae5f5e0c748__id|s:1:\"3\";59372d2028b3b63dad0f4ae5f5e0c748__name|s:5:\"super\";59372d2028b3b63dad0f4ae5f5e0c748__states|a:0:{}ws_cart|a:0:{}ws_payments|a:0:{}ws_totaldiscount|N;ws_customer|N;ws_saleid|N;ws_dcurrency|s:1:\"2\";ws_pricetier|N;'),('t29tagbmme1ujvkk0onlgn0an6',1427760216,'59372d2028b3b63dad0f4ae5f5e0c748__isAdmin|b:0;59372d2028b3b63dad0f4ae5f5e0c748__returnUrl|s:44:\"/bakou_pos_apsara/index.php/item/createImage\";');

/*Table structure for table `settings` */

DROP TABLE IF EXISTS `settings`;

CREATE TABLE `settings` (
  `id` int(11) NOT NULL AUTO_INCREMENT,
  `category` varchar(64) CHARACTER SET utf8 NOT NULL DEFAULT 'system',
  `key` varchar(255) CHARACTER SET utf8 NOT NULL,
  `value` text CHARACTER SET utf8 NOT NULL,
  PRIMARY KEY (`id`),
  KEY `category_key` (`category`,`key`)
) ENGINE=InnoDB AUTO_INCREMENT=83 DEFAULT CHARSET=utf8mb4 COLLATE=utf8mb4_unicode_ci;

/*Data for the table `settings` */

insert  into `settings`(`id`,`category`,`key`,`value`) values (58,'exchange_rate','USD2KHR','s:0:\"\";'),(59,'site','companyName','s:0:\"\";'),(60,'site','companyAddress','s:0:\"\";'),(61,'site','companyAddress1','s:0:\"\";'),(62,'site','companyPhone','s:0:\"\";'),(63,'site','currencySymbol','s:1:\"2\";'),(64,'site','altcurrencySymbol','s:1:\"2\";'),(65,'site','email','s:0:\"\";'),(66,'site','returnPolicy','s:0:\"\";'),(67,'system','language','s:2:\"en\";'),(68,'system','decimalPlace','s:1:\"2\";'),(69,'sale','saleCookie','s:1:\"0\";'),(70,'sale','receiptPrint','s:0:\"\";'),(71,'sale','receiptPrintDraftSale','s:0:\"\";'),(72,'sale','discount','s:6:\"hidden\";'),(73,'sale','disableConfirmation','s:0:\"\";'),(74,'receipt','printcompanyLogo','s:0:\"\";'),(75,'receipt','printcompanyName','s:0:\"\";'),(76,'receipt','printcompanyAddress','s:0:\"\";'),(77,'receipt','printcompanyAddress1','s:0:\"\";'),(78,'receipt','printcompanyPhone','s:0:\"\";'),(79,'receipt','printtransactionTime','s:0:\"\";'),(80,'receipt','printSignature','s:0:\"\";'),(81,'item','itemNumberPerPage','s:0:\"\";'),(82,'item','itemExpireDate','s:0:\"\";');

/*Table structure for table `supplier` */

DROP TABLE IF EXISTS `supplier`;

CREATE TABLE `supplier` (
  `id` int(11) NOT NULL AUTO_INCREMENT,
  `company_name` varchar(60) CHARACTER SET utf8 NOT NULL,
  `first_name` varchar(30) CHARACTER SET utf8 NOT NULL,
  `last_name` varchar(30) CHARACTER SET utf8 NOT NULL,
  `mobile_no` varchar(20) CHARACTER SET utf8 DEFAULT NULL,
  `address1` varchar(50) CHARACTER SET utf8 DEFAULT NULL,
  `address2` varchar(50) CHARACTER SET utf8 DEFAULT NULL,
  `city_id` int(11) DEFAULT NULL,
  `country_code` varchar(3) CHARACTER SET utf8 DEFAULT NULL,
  `email` varchar(30) CHARACTER SET utf8 DEFAULT NULL,
  `notes` text CHARACTER SET utf8,
  `status` varchar(1) COLLATE utf8mb4_unicode_ci DEFAULT '1',
  PRIMARY KEY (`id`)
) ENGINE=InnoDB DEFAULT CHARSET=utf8mb4 COLLATE=utf8mb4_unicode_ci;

/*Data for the table `supplier` */

/*Table structure for table `tbl_audit_logs` */

DROP TABLE IF EXISTS `tbl_audit_logs`;

CREATE TABLE `tbl_audit_logs` (
  `unique_id` varbinary(30) DEFAULT NULL,
  `username` varchar(50) CHARACTER SET latin1 NOT NULL,
  `ipaddress` varchar(50) CHARACTER SET latin1 NOT NULL,
  `logtime` timestamp NOT NULL DEFAULT CURRENT_TIMESTAMP,
  `controller` varchar(255) CHARACTER SET latin1 NOT NULL DEFAULT '',
  `action` varchar(255) CHARACTER SET latin1 NOT NULL DEFAULT '',
  `details` text COLLATE utf8mb4_unicode_ci,
  `employee_id` int(11) DEFAULT NULL
) ENGINE=InnoDB DEFAULT CHARSET=utf8mb4 COLLATE=utf8mb4_unicode_ci;

/*Data for the table `tbl_audit_logs` */

insert  into `tbl_audit_logs`(`unique_id`,`username`,`ipaddress`,`logtime`,`controller`,`action`,`details`,`employee_id`) values ('','Guest','192.168.10.1','2015-01-28 21:10:00','site','index','',0),('','Guest','192.168.10.1','2015-01-28 21:10:15','site','index','',0),('','Guest','192.168.10.1','2015-01-28 21:10:23','site','index','',0),('','Guest','192.168.10.1','2015-01-28 21:10:26','site','index','',0),('','Guest','192.168.10.1','2015-01-28 21:14:24','site','index','',0),('','Guest','192.168.10.1','2015-01-28 21:14:27','site','index','',0),('','Guest','192.168.10.1','2015-01-28 21:14:30','site','index','',0),('','Guest','192.168.10.1','2015-01-28 21:15:40','site','index','',0),('','Guest','192.168.10.1','2015-01-28 21:15:42','site','index','',0),('54c8ef3a87fc3','super','192.168.10.1','2015-01-28 21:16:28','dashboard','view','',2),('54c8ef3a87fc3','super','192.168.10.1','2015-01-28 21:16:32','item','admin','',2),('54c8ef3a87fc3','super','192.168.10.1','2015-01-28 21:16:34','receivingItem','index','',2),('54c8ef3a87fc3','super','192.168.10.1','2015-01-28 21:16:42','item','admin','',2),('54c8ef3a87fc3','super','192.168.10.1','2015-01-28 21:16:52','client','admin','',2),('54c8ef3a87fc3','super','192.168.10.1','2015-01-28 21:16:52','employee','admin','',2),('54c8ef3a87fc3','super','192.168.10.1','2015-01-28 21:16:53','employee','admin','',2),('54c8ef3a87fc3','super','192.168.10.1','2015-01-28 21:16:55','employee','update','',2),('54c8ef3a87fc3','super','192.168.10.1','2015-01-28 21:17:03','employee','admin','',2),('54c8ef3a87fc3','super','192.168.10.1','2015-01-28 21:17:06','employee','update','',2),('54c8ef3a87fc3','super','192.168.10.1','2015-01-28 21:17:16','employee','admin','',2),('54c8ef3a87fc3','super','192.168.10.1','2015-01-28 21:17:19','employee','update','',2),('54c8ef3a87fc3','super','192.168.10.1','2015-01-28 21:17:22','employee','admin','',2),('54c8ef3a87fc3','super','192.168.10.1','2015-01-28 21:17:25','employee','update','',2),('54c8ef3a87fc3','super','192.168.10.1','2015-01-28 21:17:34','employee','admin','',2),('54c8ef3a87fc3','super','192.168.10.1','2015-01-28 21:17:37','receivingItem','index','',2),('54c8ef3a87fc3','super','192.168.10.1','2015-01-28 21:17:39','item','admin','',2),('54c8ef3a87fc3','super','192.168.10.1','2015-01-28 21:20:20','item','createImage','',2),('54c8ef3a87fc3','super','192.168.10.1','2015-01-28 21:22:47','item','createImage','',2),('54c8ef3a87fc3','super','192.168.10.1','2015-01-28 21:24:22','item','createImage','',2),('54c8ef3a87fc3','super','192.168.10.1','2015-01-28 21:27:09','item','createImage','',2),('54c8ef3a87fc3','super','192.168.10.1','2015-01-28 21:28:01','item','createImage','',2),('54c8ef3a87fc3','super','192.168.10.1','2015-01-28 21:28:04','saleItem','index','',2),('54c8ef3a87fc3','super','192.168.10.1','2015-01-28 21:28:10','settings','index','',2),('54c8ef3a87fc3','super','192.168.10.1','2015-01-28 21:28:25','settings','index','',2),('54c8ef3a87fc3','super','192.168.10.1','2015-01-28 21:28:27','item','admin','',2),('54c8ef3a87fc3','super','192.168.10.1','2015-01-28 21:28:28','saleItem','index','',2),('','Guest','192.168.10.1','2015-01-29 12:03:31','site','index','',0),('54c9bf28a742c','super','192.168.10.1','2015-01-29 12:03:38','dashboard','view','',2),('54c9bf28a742c','super','192.168.10.1','2015-01-29 12:03:42','saleItem','index','',2),('54c9bf28a742c','super','192.168.10.1','2015-01-29 12:03:44','request','suggestItem','',2),('54c9bf28a742c','super','192.168.10.1','2015-01-29 12:03:46','saleItem','add','',2),('54c9bf28a742c','super','192.168.10.1','2015-01-29 12:03:57','saleItem','DeleteItem','',2),('54c9bf28a742c','super','192.168.10.1','2015-01-29 12:03:58','request','suggestItem','',2),('54c9bf28a742c','super','192.168.10.1','2015-01-29 12:03:59','saleItem','add','',2),('54c9bf28a742c','super','192.168.10.1','2015-01-29 12:04:22','saleItem','index','',2),('54c9bf28a742c','super','192.168.10.1','2015-01-29 12:04:24','saleItem','index','',2),('54c9bf28a742c','super','192.168.10.1','2015-01-29 12:04:34','saleItem','index','',2),('54c9bf28a742c','super','192.168.10.1','2015-01-29 12:04:48','saleItem','index','',2),('54c9bf28a742c','super','192.168.10.1','2015-01-29 12:04:50','saleItem','index','',2),('54c9bf28a742c','super','192.168.10.1','2015-01-29 12:04:55','saleItem','index','',2),('54c9bf28a742c','super','192.168.10.1','2015-01-29 12:04:57','saleItem','index','',2),('54c9bf28a742c','super','192.168.10.1','2015-01-29 12:04:59','saleItem','index','',2),('54c9bf28a742c','super','192.168.10.1','2015-01-29 12:05:08','saleItem','index','',2),('54c9bf28a742c','super','192.168.10.1','2015-01-29 12:06:47','saleItem','index','',2),('54c9bf28a742c','super','192.168.10.1','2015-01-29 12:06:49','saleItem','index','',2),('54c9bf28a742c','super','192.168.10.1','2015-01-29 12:06:51','saleItem','index','',2),('54c9bf28a742c','super','192.168.10.1','2015-01-29 12:06:59','saleItem','index','',2),('54c9bf28a742c','super','192.168.10.1','2015-01-29 12:07:17','saleItem','index','',2),('54c9bf28a742c','super','192.168.10.1','2015-01-29 12:07:24','saleItem','index','',2),('54c9bf28a742c','super','192.168.10.1','2015-01-29 12:07:30','saleItem','index','',2),('','Guest','192.168.10.1','2015-01-29 13:10:59','site','index','',0),('','Guest','192.168.10.1','2015-01-29 14:03:12','site','index','',0),('54c9db39bf6e7','super','192.168.10.1','2015-01-29 14:03:22','dashboard','view','',2),('54c9db39bf6e7','super','192.168.10.1','2015-01-29 14:03:24','saleItem','index','',2),('54c9db39bf6e7','super','192.168.10.1','2015-01-29 14:03:26','request','suggestItem','',2),('54c9db39bf6e7','super','192.168.10.1','2015-01-29 14:07:20','site','error','',2),('54c9db39bf6e7','super','192.168.10.1','2015-01-29 14:07:46','site','error','',2),('54c9db39bf6e7','super','192.168.10.1','2015-01-29 14:07:48','site','error','',2),('54c9db39bf6e7','super','192.168.10.1','2015-01-29 14:09:09','site','error','',2),('54c9db39bf6e7','super','192.168.10.1','2015-01-29 14:09:44','site','error','',2),('54c9db39bf6e7','super','192.168.10.1','2015-01-29 14:10:49','saleItem','index','',2),('54c9db39bf6e7','super','192.168.10.1','2015-01-29 14:11:04','site','error','',2),('54c9db39bf6e7','super','192.168.10.1','2015-01-29 14:11:05','site','error','',2),('54c9db39bf6e7','super','192.168.10.1','2015-01-29 14:12:05','saleItem','index','',2),('54c9db39bf6e7','super','192.168.10.1','2015-01-29 14:12:09','saleItem','index','',2),('54c9db39bf6e7','super','192.168.10.1','2015-01-29 14:12:13','request','suggestItem','',2),('54c9db39bf6e7','super','192.168.10.1','2015-01-29 14:12:20','item','admin','',2),('54c9db39bf6e7','super','192.168.10.1','2015-01-29 14:12:25','item','UpdateImage','',2),('54c9db39bf6e7','super','192.168.10.1','2015-01-29 14:12:30','item','admin','',2),('54c9db39bf6e7','super','192.168.10.1','2015-01-29 14:12:31','item','UpdateImage','',2),('54c9db39bf6e7','super','192.168.10.1','2015-01-29 14:12:36','request','suggestItem','',2),('54c9db39bf6e7','super','192.168.10.1','2015-01-29 14:12:37','saleItem','add','',2),('54c9db39bf6e7','super','192.168.10.1','2015-01-29 14:12:44','saleItem','index','',2),('54c9db39bf6e7','super','192.168.10.1','2015-01-29 14:14:39','saleItem','index','',2),('54c9db39bf6e7','super','192.168.10.1','2015-01-29 14:14:42','saleItem','index','',2),('54c9db39bf6e7','super','192.168.10.1','2015-01-29 14:14:45','saleItem','index','',2),('54c9db39bf6e7','super','192.168.10.1','2015-01-29 14:14:56','saleItem','index','',2),('54c9db39bf6e7','super','192.168.10.1','2015-01-29 14:15:01','saleItem','index','',2),('54c9db39bf6e7','super','192.168.10.1','2015-01-29 14:15:06','saleItem','index','',2),('54c9db39bf6e7','super','192.168.10.1','2015-01-29 14:15:11','saleItem','index','',2),('54c9db39bf6e7','super','192.168.10.1','2015-01-29 14:15:51','saleItem','index','',2),('54c9db39bf6e7','super','192.168.10.1','2015-01-29 14:15:54','saleItem','index','',2),('54c9db39bf6e7','super','192.168.10.1','2015-01-29 14:18:54','saleItem','index','',2),('54c9db39bf6e7','super','192.168.10.1','2015-01-29 14:45:43','saleItem','index','',2),('54c9db39bf6e7','super','192.168.10.1','2015-01-29 14:45:46','saleItem','index','',2),('54c9db39bf6e7','super','192.168.10.1','2015-01-29 14:46:28','saleItem','index','',2),('54c9db39bf6e7','super','192.168.10.1','2015-01-29 14:46:30','saleItem','index','',2),('54c9db39bf6e7','super','192.168.10.1','2015-01-29 14:46:36','saleItem','index','',2),('54c9db39bf6e7','super','192.168.10.1','2015-01-29 14:47:21','saleItem','index','',2),('54c9db39bf6e7','super','192.168.10.1','2015-01-29 14:47:44','saleItem','index','',2),('54c9db39bf6e7','super','192.168.10.1','2015-01-29 14:48:03','saleItem','index','',2),('54c9db39bf6e7','super','192.168.10.1','2015-01-29 14:49:48','saleItem','index','',2),('54c9db39bf6e7','super','192.168.10.1','2015-01-29 14:49:56','saleItem','index','',2),('54c9db39bf6e7','super','192.168.10.1','2015-01-29 14:50:00','saleItem','index','',2),('54c9db39bf6e7','super','192.168.10.1','2015-01-29 14:50:11','saleItem','index','',2),('54c9db39bf6e7','super','192.168.10.1','2015-01-29 14:50:45','saleItem','index','',2),('','Guest','192.168.10.1','2015-01-31 12:51:24','site','index','',0),('54cc6d6566b03','super','192.168.10.1','2015-01-31 12:51:35','dashboard','view','',2),('54cc6d6566b03','super','192.168.10.1','2015-01-31 12:51:41','item','admin','',2),('54cc6d6566b03','super','192.168.10.1','2015-01-31 12:51:42','site','error','',2),('54cc6d6566b03','super','192.168.10.1','2015-01-31 12:54:35','site','error','',2),('54cc6d6566b03','super','192.168.10.1','2015-01-31 12:54:36','site','error','',2),('54cc6d6566b03','super','192.168.10.1','2015-01-31 12:54:37','site','error','',2),('54cc6d6566b03','super','192.168.10.1','2015-01-31 12:54:37','site','error','',2),('54cc6d6566b03','super','192.168.10.1','2015-01-31 12:54:37','site','error','',2),('54cc6d6566b03','super','192.168.10.1','2015-01-31 12:54:38','site','error','',2),('54cc6d6566b03','super','192.168.10.1','2015-01-31 12:54:39','site','error','',2),('54cc6d6566b03','super','192.168.10.1','2015-01-31 12:54:53','site','error','',2),('54cc6d6566b03','super','192.168.10.1','2015-01-31 12:55:14','site','error','',2),('54cc6d6566b03','super','192.168.10.1','2015-01-31 12:55:16','receivingItem','index','',2),('54cc6d6566b03','super','192.168.10.1','2015-01-31 12:55:19','site','error','',2),('54cc6d6566b03','super','192.168.10.1','2015-01-31 12:57:25','site','error','',2),('54cc6d6566b03','super','192.168.10.1','2015-01-31 12:57:27','site','error','',2),('54cc6d6566b03','super','192.168.10.1','2015-01-31 12:57:53','site','error','',2),('54cc6d6566b03','super','192.168.10.1','2015-01-31 12:57:55','site','error','',2),('54cc6d6566b03','super','192.168.10.1','2015-01-31 12:57:57','site','error','',2),('54cc6d6566b03','super','192.168.10.1','2015-01-31 12:58:51','saleItem','index','',2),('54cc6d6566b03','super','192.168.10.1','2015-01-31 12:58:59','request','suggestItem','',2),('54cc6d6566b03','super','192.168.10.1','2015-01-31 12:59:00','site','error','',2),('54cc6d6566b03','super','192.168.10.1','2015-01-31 12:59:06','saleItem','index','',2),('54cc6d6566b03','super','192.168.10.1','2015-01-31 12:59:08','request','suggestItem','',2),('54cc6d6566b03','super','192.168.10.1','2015-01-31 12:59:09','site','error','',2),('54cc6d6566b03','super','192.168.10.1','2015-01-31 13:00:29','saleItem','index','',2),('54cc6d6566b03','super','192.168.10.1','2015-01-31 13:00:31','request','suggestItem','',2),('54cc6d6566b03','super','192.168.10.1','2015-01-31 13:00:32','site','error','',2),('54cc6d6566b03','super','192.168.10.1','2015-01-31 13:01:36','saleItem','index','',2),('54cc6d6566b03','super','192.168.10.1','2015-01-31 13:01:38','request','suggestItem','',2),('54cc6d6566b03','super','192.168.10.1','2015-01-31 13:01:39','request','suggestItem','',2),('54cc6d6566b03','super','192.168.10.1','2015-01-31 13:01:40','site','error','',2),('54cc6d6566b03','super','192.168.10.1','2015-01-31 13:02:04','saleItem','index','',2),('54cc6d6566b03','super','192.168.10.1','2015-01-31 13:02:06','request','suggestItem','',2),('54cc6d6566b03','super','192.168.10.1','2015-01-31 13:02:30','saleItem','index','',2),('54cc6d6566b03','super','192.168.10.1','2015-01-31 13:02:32','request','suggestItem','',2),('54cc6d6566b03','super','192.168.10.1','2015-01-31 13:02:33','saleItem','add','',2),('54cc6d6566b03','super','192.168.10.1','2015-01-31 13:02:35','request','suggestItem','',2),('54cc6d6566b03','super','192.168.10.1','2015-01-31 13:02:36','saleItem','add','',2),('54cc6d6566b03','super','192.168.10.1','2015-01-31 13:02:38','request','suggestItem','',2),('54cc6d6566b03','super','192.168.10.1','2015-01-31 13:02:40','saleItem','add','',2),('54cc6d6566b03','super','192.168.10.1','2015-01-31 13:02:57','saleItem','index','',2),('54cc6d6566b03','super','192.168.10.1','2015-01-31 13:03:03','saleItem','index','',2),('54cc6d6566b03','super','192.168.10.1','2015-01-31 13:03:58','saleItem','index','',2),('54cc6d6566b03','super','192.168.10.1','2015-01-31 13:04:17','saleItem','index','',2),('54cc6d6566b03','super','192.168.10.1','2015-01-31 13:04:56','saleItem','index','',2),('54cc6d6566b03','super','192.168.10.1','2015-01-31 13:05:28','saleItem','index','',2),('54cc6d6566b03','super','192.168.10.1','2015-01-31 13:05:30','saleItem','DeleteItem','',2),('54cc6d6566b03','super','192.168.10.1','2015-01-31 13:05:31','saleItem','DeleteItem','',2),('54cc6d6566b03','super','192.168.10.1','2015-01-31 13:05:31','request','suggestItem','',2),('54cc6d6566b03','super','192.168.10.1','2015-01-31 13:05:32','site','error','',2),('54cc6d6566b03','super','192.168.10.1','2015-01-31 13:05:58','saleItem','index','',2),('54cc6d6566b03','super','192.168.10.1','2015-01-31 13:06:01','request','suggestItem','',2),('54cc6d6566b03','super','192.168.10.1','2015-01-31 13:06:01','saleItem','add','',2),('54cc6d6566b03','super','192.168.10.1','2015-01-31 13:06:11','saleItem','index','',2),('54cc6d6566b03','super','192.168.10.1','2015-01-31 13:07:05','saleItem','index','',2),('54cc6d6566b03','super','192.168.10.1','2015-01-31 13:07:09','saleItem','index','',2),('54cc6d6566b03','super','192.168.10.1','2015-01-31 13:07:11','request','suggestItem','',2),('54cc6d6566b03','super','192.168.10.1','2015-01-31 13:07:13','request','suggestItem','',2),('54cc6d6566b03','super','192.168.10.1','2015-01-31 13:07:15','saleItem','add','',2),('54cc6d6566b03','super','192.168.10.1','2015-01-31 13:08:56','saleItem','index','',2),('54cc6d6566b03','super','192.168.10.1','2015-01-31 13:08:59','saleItem','index','',2),('54cc6d6566b03','super','192.168.10.1','2015-01-31 13:09:25','saleItem','index','',2),('54cc6d6566b03','super','192.168.10.1','2015-01-31 13:09:54','saleItem','index','',2),('54cc6d6566b03','super','192.168.10.1','2015-01-31 13:10:05','saleItem','index','',2),('54cc6d6566b03','super','192.168.10.1','2015-01-31 13:10:07','request','suggestItem','',2),('54cc6d6566b03','super','192.168.10.1','2015-01-31 13:10:08','saleItem','add','',2),('54cc6d6566b03','super','192.168.10.1','2015-01-31 13:10:37','settings','index','',2),('54cc6d6566b03','super','192.168.10.1','2015-01-31 13:10:50','settings','index','',2),('54cc6d6566b03','super','192.168.10.1','2015-01-31 13:10:52','saleItem','index','',2),('54cc6d6566b03','super','192.168.10.1','2015-01-31 13:11:47','saleItem','index','',2),('54cc6d6566b03','super','192.168.10.1','2015-01-31 13:12:10','saleItem','editItem','',2),('54cc6d6566b03','super','192.168.10.1','2015-01-31 13:12:15','saleItem','editItem','',2),('54cc6d6566b03','super','192.168.10.1','2015-01-31 13:12:36','saleItem','index','',2),('54cc6d6566b03','super','192.168.10.1','2015-01-31 13:28:49','site','error','',2),('54cc6d6566b03','super','192.168.10.1','2015-01-31 13:29:26','site','error','',2),('54cc6d6566b03','super','192.168.10.1','2015-01-31 13:29:47','site','error','',2),('54cc6d6566b03','super','192.168.10.1','2015-01-31 13:29:53','site','error','',2),('54cc6d6566b03','super','192.168.10.1','2015-01-31 13:31:28','saleItem','index','',2),('54cc6d6566b03','super','192.168.10.1','2015-01-31 13:31:51','saleItem','index','',2),('54cc6d6566b03','super','192.168.10.1','2015-01-31 13:31:52','saleItem','index','',2),('54cc6d6566b03','super','192.168.10.1','2015-01-31 13:32:14','saleItem','index','',2),('54cc6d6566b03','super','192.168.10.1','2015-01-31 13:32:17','saleItem','index','',2),('54cc6d6566b03','super','192.168.10.1','2015-01-31 13:38:12','saleItem','index','',2),('54cc6d6566b03','super','192.168.10.1','2015-01-31 13:38:38','site','error','',2),('54cc6d6566b03','super','192.168.10.1','2015-01-31 13:40:00','site','error','',2),('54cc6d6566b03','super','192.168.10.1','2015-01-31 13:40:32','site','error','',2),('54cc6d6566b03','super','192.168.10.1','2015-01-31 13:40:57','saleItem','index','',2),('54cc6d6566b03','super','192.168.10.1','2015-01-31 13:41:41','saleItem','index','',2),('54cc6d6566b03','super','192.168.10.1','2015-01-31 13:43:34','saleItem','index','',2),('54cc6d6566b03','super','192.168.10.1','2015-01-31 13:44:03','saleItem','index','',2),('54cc6d6566b03','super','192.168.10.1','2015-01-31 13:47:10','site','error','',2),('54cc6d6566b03','super','192.168.10.1','2015-01-31 13:47:29','saleItem','index','',2),('54cc6d6566b03','super','192.168.10.1','2015-01-31 13:47:53','saleItem','index','',2),('54cc6d6566b03','super','192.168.10.1','2015-01-31 13:48:18','saleItem','index','',2),('54cc6d6566b03','super','192.168.10.1','2015-01-31 13:48:31','saleItem','index','',2),('54cc6d6566b03','super','192.168.10.1','2015-01-31 13:48:49','saleItem','index','',2),('54cc6d6566b03','super','192.168.10.1','2015-01-31 13:49:05','saleItem','index','',2),('54cc6d6566b03','super','192.168.10.1','2015-01-31 13:49:25','saleItem','index','',2),('54cc6d6566b03','super','192.168.10.1','2015-01-31 13:51:36','saleItem','index','',2),('54cc6d6566b03','super','192.168.10.1','2015-01-31 13:51:49','saleItem','index','',2),('54cc6d6566b03','super','192.168.10.1','2015-01-31 13:52:05','item','admin','',2),('54cc6d6566b03','super','192.168.10.1','2015-01-31 13:52:07','item','createImage','',2),('54cc6d6566b03','super','192.168.10.1','2015-01-31 13:52:58','item','createImage','',2),('54cc6d6566b03','super','192.168.10.1','2015-01-31 13:53:25','item','createImage','',2),('54cc6d6566b03','super','192.168.10.1','2015-01-31 13:53:29','saleItem','index','',2),('54cc6d6566b03','super','192.168.10.1','2015-01-31 13:53:31','request','suggestItem','',2),('54cc6d6566b03','super','192.168.10.1','2015-01-31 13:53:32','saleItem','add','',2),('54cc6d6566b03','super','192.168.10.1','2015-01-31 13:53:33','request','suggestItem','',2),('54cc6d6566b03','super','192.168.10.1','2015-01-31 13:53:34','saleItem','add','',2),('54cc6d6566b03','super','192.168.10.1','2015-01-31 13:53:52','saleItem','index','',2),('54cc6d6566b03','super','192.168.10.1','2015-01-31 13:54:09','saleItem','index','',2),('54cc6d6566b03','super','192.168.10.1','2015-01-31 13:54:13','saleItem','index','',2),('54cc6d6566b03','super','192.168.10.1','2015-01-31 13:54:19','saleItem','index','',2),('54cc6d6566b03','super','192.168.10.1','2015-01-31 13:58:04','saleItem','index','',2),('54cc6d6566b03','super','192.168.10.1','2015-01-31 13:59:31','saleItem','setTotalDiscount','',2),('54cc6d6566b03','super','192.168.10.1','2015-01-31 14:21:18','saleItem','index','',2),('54cc6d6566b03','super','192.168.10.1','2015-01-31 14:23:49','saleItem','index','',2),('54cc6d6566b03','super','192.168.10.1','2015-01-31 14:24:56','saleItem','editItem','',2),('54cc6d6566b03','super','192.168.10.1','2015-01-31 14:30:52','saleItem','AddPayment','',2),('54cc6d6566b03','super','192.168.10.1','2015-01-31 14:32:16','site','error','',2),('54cc6d6566b03','super','192.168.10.1','2015-01-31 14:33:01','saleItem','index','',2),('54cc6d6566b03','super','192.168.10.1','2015-01-31 14:33:25','site','error','',2),('54cc6d6566b03','super','192.168.10.1','2015-01-31 14:33:27','saleItem','index','',2),('54cc6d6566b03','super','192.168.10.1','2015-01-31 14:33:34','saleItem','DeletePayment','',2),('54cc6d6566b03','super','192.168.10.1','2015-01-31 14:33:38','saleItem','AddPayment','',2),('54cc6d6566b03','super','192.168.10.1','2015-01-31 14:34:04','site','error','',2),('','Guest','192.168.10.1','2015-02-01 10:16:19','site','index','',0),('54cd9c1ea168c','super','192.168.10.1','2015-02-01 10:23:12','dashboard','view','',2),('54cd9c1ea168c','super','192.168.10.1','2015-02-01 10:23:17','saleItem','index','',2),('54cd9c1ea168c','super','192.168.10.1','2015-02-01 10:23:21','request','suggestItem','',2),('54cd9c1ea168c','super','192.168.10.1','2015-02-01 10:23:22','saleItem','add','',2),('54cd9c1ea168c','super','192.168.10.1','2015-02-01 10:23:23','request','suggestItem','',2),('54cd9c1ea168c','super','192.168.10.1','2015-02-01 10:23:24','saleItem','add','',2),('54cd9c1ea168c','super','192.168.10.1','2015-02-01 10:23:25','request','suggestItem','',2),('54cd9c1ea168c','super','192.168.10.1','2015-02-01 10:23:27','saleItem','add','',2),('54cd9c1ea168c','super','192.168.10.1','2015-02-01 10:23:27','request','suggestItem','',2),('54cd9c1ea168c','super','192.168.10.1','2015-02-01 10:23:29','saleItem','add','',2),('54cd9c1ea168c','super','192.168.10.1','2015-02-01 10:37:56','saleItem','index','',2),('54cd9c1ea168c','super','192.168.10.1','2015-02-01 11:09:08','site','error','',2),('54cd9c1ea168c','super','192.168.10.1','2015-02-01 11:09:14','site','error','',2),('54cd9c1ea168c','super','192.168.10.1','2015-02-01 11:09:35','site','error','',2),('54cd9c1ea168c','super','192.168.10.1','2015-02-01 11:09:37','site','error','',2),('54cd9c1ea168c','super','192.168.10.1','2015-02-01 11:09:59','site','error','',2),('54cd9c1ea168c','super','192.168.10.1','2015-02-01 11:10:12','site','error','',2),('54cd9c1ea168c','super','192.168.10.1','2015-02-01 11:10:13','site','error','',2),('54cd9c1ea168c','super','192.168.10.1','2015-02-01 11:10:25','site','error','',2),('54cd9c1ea168c','super','192.168.10.1','2015-02-01 11:11:03','saleItem','index','',2),('54cd9c1ea168c','super','192.168.10.1','2015-02-01 11:11:05','saleItem','index','',2),('','Guest','192.168.10.1','2015-02-01 12:59:51','site','login','',0),('54cdc0e159e80','super','192.168.10.1','2015-02-01 13:00:01','site','error','',2),('54cdc0e159e80','super','192.168.10.1','2015-02-01 13:00:08','site','error','',2),('','Guest','192.168.10.1','2015-03-01 08:50:20','site','index','',0),('54f271c980d6b','super','192.168.10.1','2015-03-01 08:56:27','dashboard','view','',2),('54f271c980d6b','super','192.168.10.1','2015-03-01 09:02:48','site','error','',2),('54f271c980d6b','super','192.168.10.1','2015-03-01 09:02:52','client','admin','',2),('54f271c980d6b','super','192.168.10.1','2015-03-01 09:02:56','employee','admin','',2),('54f271c980d6b','super','192.168.10.1','2015-03-01 09:05:23','employee','admin','',2),('54f271c980d6b','super','192.168.10.1','2015-03-01 09:06:05','employee','admin','',2),('54f271c980d6b','super','192.168.10.1','2015-03-01 09:06:07','employee','admin','',2),('54f271c980d6b','super','192.168.10.1','2015-03-01 09:06:09','salePayment','index','',2),('54f271c980d6b','super','192.168.10.1','2015-03-01 09:08:53','site','error','',2),('54f271c980d6b','super','192.168.10.1','2015-03-01 09:09:18','site','error','',2),('54f271c980d6b','super','192.168.10.1','2015-03-01 09:09:20','site','error','',2),('54f271c980d6b','super','192.168.10.1','2015-03-01 09:09:58','site','error','',2),('54f271c980d6b','super','192.168.10.1','2015-03-01 09:10:49','site','error','',2),('54f271c980d6b','super','192.168.10.1','2015-03-01 09:10:50','site','error','',2),('54f271c980d6b','super','192.168.10.1','2015-03-01 09:10:52','site','error','',2),('54f271c980d6b','super','192.168.10.1','2015-03-01 09:11:18','salePayment','index','',2),('54f271c980d6b','super','192.168.10.1','2015-03-01 09:11:21','request','suggestClient','',2),('54f271c980d6b','super','192.168.10.1','2015-03-01 09:11:23','request','suggestClient','',2),('54f271c980d6b','super','192.168.10.1','2015-03-01 09:11:28','client','admin','',2),('54f271c980d6b','super','192.168.10.1','2015-03-01 09:11:29','employee','admin','',2),('54f271c980d6b','super','192.168.10.1','2015-03-01 09:11:33','employee','update','',2),('','Guest','192.168.10.1','2015-03-01 09:11:37','site','index','',0),('','Guest','192.168.10.1','2015-03-01 09:11:42','site','index','',0),('54f275627302e','admin','192.168.10.1','2015-03-01 09:11:48','dashboard','view','',1),('54f275627302e','admin','192.168.10.1','2015-03-01 09:11:51','client','admin','',1),('54f275627302e','admin','192.168.10.1','2015-03-01 09:11:52','employee','admin','',1),('54f275627302e','admin','192.168.10.1','2015-03-01 09:11:55','employee','update','',1),('54f275627302e','admin','192.168.10.1','2015-03-01 09:12:00','rbacUser','Update','',1),('','Guest','192.168.10.1','2015-03-01 09:12:01','site','index','',0),('54f275742d574','super','192.168.10.1','2015-03-01 09:12:04','dashboard','view','',2),('54f275742d574','super','192.168.10.1','2015-03-01 09:12:57','item','admin','',2),('54f275742d574','super','192.168.10.1','2015-03-01 09:13:06','client','admin','',2),('54f275742d574','super','192.168.10.1','2015-03-01 09:13:17','client','create','',2),('54f275742d574','super','192.168.10.1','2015-03-01 09:14:01','client','create','',2),('54f275742d574','super','192.168.10.1','2015-03-01 09:14:04','client','admin','',2),('54f275742d574','super','192.168.10.1','2015-03-01 09:14:08','salePayment','PaymentDetail','',2),('54f275742d574','super','192.168.10.1','2015-03-01 09:14:14','salePayment','PaymentDetail','',2),('54f275742d574','super','192.168.10.1','2015-03-01 09:14:18','client','admin','',2),('54f275742d574','super','192.168.10.1','2015-03-01 09:15:28','client','update','',2),('54f275742d574','super','192.168.10.1','2015-03-01 09:15:30','client','admin','',2),('54f275742d574','super','192.168.10.1','2015-03-01 09:15:39','supplier','admin','',2),('54f275742d574','super','192.168.10.1','2015-03-01 09:15:40','employee','admin','',2),('54f275742d574','super','192.168.10.1','2015-03-01 09:15:42','client','admin','',2),('54f275742d574','super','192.168.10.1','2015-03-01 09:15:44','site','error','',2),('54f275742d574','super','192.168.10.1','2015-03-01 09:15:46','site','error','',2),('54f275742d574','super','192.168.10.1','2015-03-01 09:15:47','site','error','',2),('54f275742d574','super','192.168.10.1','2015-03-01 09:15:48','site','error','',2),('54f275742d574','super','192.168.10.1','2015-03-01 09:15:53','site','error','',2),('54f275742d574','super','192.168.10.1','2015-03-01 09:15:54','site','error','',2),('54f275742d574','super','192.168.10.1','2015-03-01 09:15:57','site','error','',2),('54f275742d574','super','192.168.10.1','2015-03-01 09:15:58','site','error','',2),('54f275742d574','super','192.168.10.1','2015-03-01 09:16:11','item','admin','',2),('54f275742d574','super','192.168.10.1','2015-03-01 09:16:16','client','admin','',2),('54f275742d574','super','192.168.10.1','2015-03-01 09:16:25','client','admin','',2),('54f275742d574','super','192.168.10.1','2015-03-01 09:16:27','client','admin','',2),('54f275742d574','super','192.168.10.1','2015-03-01 09:16:29','client','admin','',2),('54f275742d574','super','192.168.10.1','2015-03-01 09:16:37','client','admin','',2),('54f275742d574','super','192.168.10.1','2015-03-01 09:16:39','client','admin','',2),('54f275742d574','super','192.168.10.1','2015-03-01 09:16:40','client','admin','',2),('54f275742d574','super','192.168.10.1','2015-03-01 09:16:45','site','error','',2),('54f275742d574','super','192.168.10.1','2015-03-01 09:16:48','item','admin','',2),('54f275742d574','super','192.168.10.1','2015-03-01 09:17:01','item','UpdateImage','',2),('54f275742d574','super','192.168.10.1','2015-03-01 09:18:47','item','UpdateImage','',2),('54f275742d574','super','192.168.10.1','2015-03-01 09:19:19','site','error','',2),('','Guest','192.168.10.1','2015-03-01 10:16:05','site','login','',0),('54f284790800f','super','192.168.10.1','2015-03-01 10:16:09','saleItem','index','',2),('54f284790800f','super','192.168.10.1','2015-03-01 10:16:11','saleItem','index','',2),('54f284790800f','super','192.168.10.1','2015-03-01 10:16:14','request','suggestItem','',2),('54f284790800f','super','192.168.10.1','2015-03-01 10:16:26','saleItem','index','',2),('54f284790800f','super','192.168.10.1','2015-03-01 10:16:29','request','suggestItem','',2),('54f284790800f','super','192.168.10.1','2015-03-01 10:16:33','saleItem','index','',2),('54f284790800f','super','192.168.10.1','2015-03-01 10:17:51','request','suggestItem','',2),('54f284790800f','super','192.168.10.1','2015-03-01 10:20:00','saleItem','index','',2),('54f284790800f','super','192.168.10.1','2015-03-01 10:20:02','request','suggestItem','',2),('54f284790800f','super','192.168.10.1','2015-03-01 10:20:58','saleItem','index','',2),('54f284790800f','super','192.168.10.1','2015-03-01 10:21:01','request','suggestItem','',2),('54f284790800f','super','192.168.10.1','2015-03-01 10:21:02','saleItem','add','',2),('54f284790800f','super','192.168.10.1','2015-03-01 10:21:03','request','suggestItem','',2),('54f284790800f','super','192.168.10.1','2015-03-01 10:21:04','saleItem','add','',2),('54f284790800f','super','192.168.10.1','2015-03-01 10:21:07','saleItem','index','',2),('54f284790800f','super','192.168.10.1','2015-03-01 10:45:38','request','suggestItem','',2),('54f284790800f','super','192.168.10.1','2015-03-01 10:45:40','saleItem','add','',2),('54f284790800f','super','192.168.10.1','2015-03-01 10:47:34','saleItem','index','',2),('54f284790800f','super','192.168.10.1','2015-03-01 10:47:43','saleItem','editItem','',2),('54f284790800f','super','192.168.10.1','2015-03-01 10:47:48','saleItem','editItem','',2),('54f284790800f','super','192.168.10.1','2015-03-01 10:50:00','saleItem','index','',2),('54f284790800f','super','192.168.10.1','2015-03-01 10:50:04','saleItem','index','',2),('54f284790800f','super','192.168.10.1','2015-03-01 10:50:08','saleItem','index','',2),('54f284790800f','super','192.168.10.1','2015-03-01 10:52:32','saleItem','index','',2),('54f284790800f','super','192.168.10.1','2015-03-01 10:56:06','saleItem','index','',2),('54f284790800f','super','192.168.10.1','2015-03-01 10:56:09','saleItem','index','',2),('54f284790800f','super','192.168.10.1','2015-03-01 10:56:14','saleItem','index','',2),('54f284790800f','super','192.168.10.1','2015-03-01 10:57:42','site','error','',2),('54f284790800f','super','192.168.10.1','2015-03-01 10:57:45','site','error','',2),('54f284790800f','super','192.168.10.1','2015-03-01 10:58:02','saleItem','index','',2),('54f284790800f','super','192.168.10.1','2015-03-01 10:58:26','saleItem','index','',2),('54f284790800f','super','192.168.10.1','2015-03-01 10:59:08','saleItem','index','',2),('54f284790800f','super','192.168.10.1','2015-03-01 10:59:40','saleItem','index','',2),('54f284790800f','super','192.168.10.1','2015-03-01 10:59:41','saleItem','index','',2),('54f284790800f','super','192.168.10.1','2015-03-01 10:59:44','saleItem','index','',2),('54f284790800f','super','192.168.10.1','2015-03-01 10:59:47','saleItem','index','',2),('54f284790800f','super','192.168.10.1','2015-03-01 11:09:36','site','error','',2),('54f284790800f','super','192.168.10.1','2015-03-01 11:09:58','saleItem','index','',2),('54f284790800f','super','192.168.10.1','2015-03-01 11:11:14','saleItem','index','',2),('54f284790800f','super','192.168.10.1','2015-03-01 11:11:31','saleItem','index','',2),('54f284790800f','super','192.168.10.1','2015-03-01 11:15:57','saleItem','index','',2),('54f284790800f','super','192.168.10.1','2015-03-01 11:19:17','saleItem','index','',2),('54f284790800f','super','192.168.10.1','2015-03-01 11:19:18','saleItem','index','',2),('54f284790800f','super','192.168.10.1','2015-03-01 11:22:00','site','error','',2),('54f284790800f','super','192.168.10.1','2015-03-01 11:22:03','saleItem','index','',2),('','Guest','192.168.10.1','2015-03-01 12:19:36','site','index','',0),('54f2a16d0d651','super','192.168.10.1','2015-03-01 12:19:42','dashboard','view','',2),('54f2a16d0d651','super','192.168.10.1','2015-03-01 12:19:47','salePayment','index','',2),('54f2a16d0d651','super','192.168.10.1','2015-03-01 12:19:48','receivingItem','index','',2),('54f2a16d0d651','super','192.168.10.1','2015-03-01 12:19:48','saleItem','index','',2),('54f2a16d0d651','super','192.168.10.1','2015-03-01 12:19:51','request','suggestItem','',2),('54f2a16d0d651','super','192.168.10.1','2015-03-01 12:19:51','saleItem','add','',2),('54f2a16d0d651','super','192.168.10.1','2015-03-01 12:19:52','request','suggestItem','',2),('54f2a16d0d651','super','192.168.10.1','2015-03-01 12:19:53','saleItem','add','',2),('54f2a16d0d651','super','192.168.10.1','2015-03-01 12:19:54','request','suggestItem','',2),('54f2a16d0d651','super','192.168.10.1','2015-03-01 12:19:55','saleItem','add','',2),('54f2a16d0d651','super','192.168.10.1','2015-03-01 12:20:48','site','error','',2),('54f2a16d0d651','super','192.168.10.1','2015-03-01 12:20:55','saleItem','index','',2),('54f2a16d0d651','super','192.168.10.1','2015-03-01 12:26:50','site','error','',2),('54f2a16d0d651','super','192.168.10.1','2015-03-01 12:26:52','site','error','',2),('54f2a16d0d651','super','192.168.10.1','2015-03-01 12:27:06','saleItem','index','',2),('54f2a16d0d651','super','192.168.10.1','2015-03-01 12:28:42','saleItem','index','',2),('54f2a16d0d651','super','192.168.10.1','2015-03-01 12:29:36','saleItem','index','',2),('54f2a16d0d651','super','192.168.10.1','2015-03-01 12:30:13','saleItem','index','',2),('54f2a16d0d651','super','192.168.10.1','2015-03-01 12:30:17','saleItem','index','',2),('54f2a16d0d651','super','192.168.10.1','2015-03-01 12:31:15','saleItem','index','',2),('54f2a16d0d651','super','192.168.10.1','2015-03-01 12:33:28','saleItem','index','',2),('54f2a16d0d651','super','192.168.10.1','2015-03-01 12:34:19','site','error','',2),('54f2a16d0d651','super','192.168.10.1','2015-03-01 12:34:21','site','error','',2),('54f2a16d0d651','super','192.168.10.1','2015-03-01 12:53:38','saleItem','index','',2),('','Guest','192.168.10.1','2015-03-01 13:50:23','site','index','',0),('54f2bdb8cc53c','super','192.168.10.1','2015-03-01 14:20:25','dashboard','view','',2),('54f2bdb8cc53c','super','192.168.10.1','2015-03-01 14:20:30','site','error','',2),('54f2bdb8cc53c','super','192.168.10.1','2015-03-01 14:21:22','saleItem','index','',2),('54f2bdb8cc53c','super','192.168.10.1','2015-03-01 14:21:25','request','suggestItem','',2),('54f2bdb8cc53c','super','192.168.10.1','2015-03-01 14:21:25','saleItem','add','',2),('54f2bdb8cc53c','super','192.168.10.1','2015-03-01 14:21:50','request','suggestItem','',2),('54f2bdb8cc53c','super','192.168.10.1','2015-03-01 14:21:56','saleItem','add','',2),('54f2bdb8cc53c','super','192.168.10.1','2015-03-01 14:22:33','saleItem','index','',2),('54f2bdb8cc53c','super','192.168.10.1','2015-03-01 14:22:39','request','suggestItem','',2),('54f2bdb8cc53c','super','192.168.10.1','2015-03-01 14:22:40','saleItem','add','',2),('54f2bdb8cc53c','super','192.168.10.1','2015-03-01 14:22:59','saleItem','index','',2),('54f2bdb8cc53c','super','192.168.10.1','2015-03-01 14:23:02','request','suggestItem','',2),('54f2bdb8cc53c','super','192.168.10.1','2015-03-01 14:23:05','saleItem','add','',2),('54f2bdb8cc53c','super','192.168.10.1','2015-03-01 14:23:27','saleItem','index','',2),('54f2bdb8cc53c','super','192.168.10.1','2015-03-01 14:29:47','saleItem','index','',2),('54f2bdb8cc53c','super','192.168.10.1','2015-03-01 14:29:50','saleItem','index','',2),('54f2bdb8cc53c','super','192.168.10.1','2015-03-01 14:59:17','saleItem','index','',2),('54f2bdb8cc53c','super','192.168.10.1','2015-03-01 15:01:06','saleItem','index','',2),('54f2bdb8cc53c','super','192.168.10.1','2015-03-01 15:01:32','saleItem','index','',2),('54f2bdb8cc53c','super','192.168.10.1','2015-03-01 15:04:39','saleItem','index','',2),('54f2bdb8cc53c','super','192.168.10.1','2015-03-01 15:08:05','site','error','',2),('54f2bdb8cc53c','super','192.168.10.1','2015-03-01 15:08:12','site','error','',2),('54f2bdb8cc53c','super','192.168.10.1','2015-03-01 15:08:21','saleItem','index','',2),('54f2bdb8cc53c','super','192.168.10.1','2015-03-01 15:08:36','request','suggestItem','',2),('54f2bdb8cc53c','super','192.168.10.1','2015-03-01 15:08:37','saleItem','add','',2),('54f2bdb8cc53c','super','192.168.10.1','2015-03-01 15:09:45','saleItem','index','',2),('54f2bdb8cc53c','super','192.168.10.1','2015-03-01 15:09:48','saleItem','setTotalDiscount','',2),('54f2bdb8cc53c','super','192.168.10.1','2015-03-01 15:10:18','saleItem','setTotalDiscount','',2),('54f2bdb8cc53c','super','192.168.10.1','2015-03-01 15:10:19','saleItem','index','',2),('54f2bdb8cc53c','super','192.168.10.1','2015-03-01 15:10:21','saleItem','index','',2),('54f2bdb8cc53c','super','192.168.10.1','2015-03-01 15:10:36','saleItem','index','',2),('54f2bdb8cc53c','super','192.168.10.1','2015-03-01 15:15:09','saleItem','index','',2),('54f2bdb8cc53c','super','192.168.10.1','2015-03-01 15:15:36','saleItem','DeleteItem','',2),('54f2bdb8cc53c','super','192.168.10.1','2015-03-01 15:15:38','request','suggestItem','',2),('54f2bdb8cc53c','super','192.168.10.1','2015-03-01 15:15:42','request','suggestItem','',2),('54f2bdb8cc53c','super','192.168.10.1','2015-03-01 15:15:43','saleItem','add','',2),('54f2bdb8cc53c','super','192.168.10.1','2015-03-01 15:15:44','request','suggestItem','',2),('54f2bdb8cc53c','super','192.168.10.1','2015-03-01 15:15:44','saleItem','add','',2),('54f2bdb8cc53c','super','192.168.10.1','2015-03-01 15:15:51','saleItem','editItem','',2),('54f2bdb8cc53c','super','192.168.10.1','2015-03-01 15:15:57','saleItem','editItem','',2),('54f2bdb8cc53c','super','192.168.10.1','2015-03-01 15:16:00','saleItem','editItem','',2),('54f2bdb8cc53c','super','192.168.10.1','2015-03-01 15:16:10','saleItem','index','',2),('54f2bdb8cc53c','super','192.168.10.1','2015-03-01 15:23:20','rbacUser','Update','',2),('','Guest','192.168.10.1','2015-03-01 15:23:20','site','index','',0),('','Guest','192.168.10.1','2015-03-01 15:23:21','site','index','',0),('','Guest','192.168.10.1','2015-03-01 15:29:44','site','index','',0),('54f2cdf9ab83f','super','192.168.10.1','2015-03-01 15:29:49','dashboard','view','',2),('54f2cdf9ab83f','super','192.168.10.1','2015-03-01 15:29:54','item','admin','',2),('54f2cdf9ab83f','super','192.168.10.1','2015-03-01 15:29:57','saleItem','index','',2),('54f2cdf9ab83f','super','192.168.10.1','2015-03-01 15:34:59','saleItem','index','',2),('54f2cdf9ab83f','super','192.168.10.1','2015-03-01 15:35:02','site','error','',2),('54f2cdf9ab83f','super','192.168.10.1','2015-03-01 15:35:24','site','error','',2),('54f2cdf9ab83f','super','192.168.10.1','2015-03-01 15:35:36','wholeSale','index','',2),('54f2cdf9ab83f','super','192.168.10.1','2015-03-01 15:35:40','request','suggestItem','',2),('54f2cdf9ab83f','super','192.168.10.1','2015-03-01 15:35:43','saleItem','add','',2),('54f2cdf9ab83f','super','192.168.10.1','2015-03-01 15:35:51','site','error','',2),('54f2cdf9ab83f','super','192.168.10.1','2015-03-01 15:35:55','site','error','',2),('54f2cdf9ab83f','super','192.168.10.1','2015-03-01 15:35:56','site','error','',2),('54f2cdf9ab83f','super','192.168.10.1','2015-03-01 15:35:57','site','error','',2),('54f2cdf9ab83f','super','192.168.10.1','2015-03-01 15:35:58','site','error','',2),('54f2cdf9ab83f','super','192.168.10.1','2015-03-01 15:35:59','site','error','',2),('54f2cdf9ab83f','super','192.168.10.1','2015-03-01 15:36:01','site','error','',2),('54f2cdf9ab83f','super','192.168.10.1','2015-03-01 15:36:01','site','error','',2),('54f2cdf9ab83f','super','192.168.10.1','2015-03-01 15:36:03','site','error','',2),('54f2cdf9ab83f','super','192.168.10.1','2015-03-01 15:36:04','site','error','',2),('54f2cdf9ab83f','super','192.168.10.1','2015-03-01 15:36:05','site','error','',2),('54f2cdf9ab83f','super','192.168.10.1','2015-03-01 15:36:08','saleItem','index','',2),('54f2cdf9ab83f','super','192.168.10.1','2015-03-01 15:36:10','site','error','',2),('54f2cdf9ab83f','super','192.168.10.1','2015-03-01 15:37:27','site','error','',2),('54f2cdf9ab83f','super','192.168.10.1','2015-03-01 15:39:12','site','error','',2),('54f2cdf9ab83f','super','192.168.10.1','2015-03-01 15:39:53','site','error','',2),('54f2cdf9ab83f','super','192.168.10.1','2015-03-01 15:39:55','site','error','',2),('54f2cdf9ab83f','super','192.168.10.1','2015-03-01 15:39:55','site','error','',2),('54f2cdf9ab83f','super','192.168.10.1','2015-03-01 15:39:57','site','error','',2),('54f2cdf9ab83f','super','192.168.10.1','2015-03-01 15:39:58','site','error','',2),('54f2cdf9ab83f','super','192.168.10.1','2015-03-01 15:39:58','site','error','',2),('54f2cdf9ab83f','super','192.168.10.1','2015-03-01 15:41:28','site','error','',2),('54f2cdf9ab83f','super','192.168.10.1','2015-03-01 15:41:30','site','error','',2),('54f2cdf9ab83f','super','192.168.10.1','2015-03-01 15:47:48','site','error','',2),('54f2cdf9ab83f','super','192.168.10.1','2015-03-01 15:47:51','site','error','',2),('54f2cdf9ab83f','super','192.168.10.1','2015-03-01 15:47:53','site','error','',2),('54f2cdf9ab83f','super','192.168.10.1','2015-03-01 15:47:55','site','error','',2),('54f2cdf9ab83f','super','192.168.10.1','2015-03-01 15:56:42','site','error','',2),('54f2cdf9ab83f','super','192.168.10.1','2015-03-01 15:56:43','site','error','',2),('54f2cdf9ab83f','super','192.168.10.1','2015-03-01 15:56:44','site','error','',2),('54f2cdf9ab83f','super','192.168.10.1','2015-03-01 15:56:45','site','error','',2),('54f2cdf9ab83f','super','192.168.10.1','2015-03-01 15:56:46','site','error','',2),('54f2cdf9ab83f','super','192.168.10.1','2015-03-01 15:56:47','site','error','',2),('54f2cdf9ab83f','super','192.168.10.1','2015-03-01 15:56:48','site','error','',2),('54f2cdf9ab83f','super','192.168.10.1','2015-03-01 15:56:50','site','error','',2),('54f2cdf9ab83f','super','192.168.10.1','2015-03-01 15:56:51','site','error','',2),('54f2cdf9ab83f','super','192.168.10.1','2015-03-01 15:56:53','site','error','',2),('54f2cdf9ab83f','super','192.168.10.1','2015-03-01 15:56:54','site','error','',2),('54f2cdf9ab83f','super','192.168.10.1','2015-03-01 15:57:37','site','error','',2),('54f2cdf9ab83f','super','192.168.10.1','2015-03-01 15:57:44','site','error','',2),('54f2cdf9ab83f','super','192.168.10.1','2015-03-01 15:57:55','site','error','',2),('54f2cdf9ab83f','super','192.168.10.1','2015-03-01 16:02:39','site','error','',2),('54f2cdf9ab83f','super','192.168.10.1','2015-03-01 16:02:46','site','error','',2),('54f2cdf9ab83f','super','192.168.10.1','2015-03-01 16:04:15','site','error','',2),('54f2cdf9ab83f','super','192.168.10.1','2015-03-01 16:04:47','site','error','',2),('54f2cdf9ab83f','super','192.168.10.1','2015-03-01 16:04:49','saleItem','index','',2),('54f2cdf9ab83f','super','192.168.10.1','2015-03-01 16:04:51','site','error','',2),('54f2cdf9ab83f','super','192.168.10.1','2015-03-01 16:06:08','site','error','',2),('54f2cdf9ab83f','super','192.168.10.1','2015-03-01 16:07:20','site','error','',2),('54f2cdf9ab83f','super','192.168.10.1','2015-03-01 16:07:23','site','error','',2),('54f2cdf9ab83f','super','192.168.10.1','2015-03-01 16:07:38','site','error','',2),('54f2cdf9ab83f','super','192.168.10.1','2015-03-01 16:07:41','site','error','',2),('54f2cdf9ab83f','super','192.168.10.1','2015-03-01 16:08:45','site','error','',2),('54f2cdf9ab83f','super','192.168.10.1','2015-03-01 16:08:48','site','error','',2),('54f2cdf9ab83f','super','192.168.10.1','2015-03-01 16:09:44','site','error','',2),('54f2cdf9ab83f','super','192.168.10.1','2015-03-01 16:09:48','site','error','',2),('54f2cdf9ab83f','super','192.168.10.1','2015-03-01 16:09:49','site','error','',2),('54f2cdf9ab83f','super','192.168.10.1','2015-03-01 16:09:50','site','error','',2),('54f2cdf9ab83f','super','192.168.10.1','2015-03-01 16:10:35','site','error','',2),('54f2cdf9ab83f','super','192.168.10.1','2015-03-01 16:11:45','saleItem','index','',2),('54f2cdf9ab83f','super','192.168.10.1','2015-03-01 16:11:47','site','error','',2),('54f2cdf9ab83f','super','192.168.10.1','2015-03-01 16:11:49','site','error','',2),('54f2cdf9ab83f','super','192.168.10.1','2015-03-01 16:11:50','site','error','',2),('54f2cdf9ab83f','super','192.168.10.1','2015-03-01 16:11:51','site','error','',2),('54f2cdf9ab83f','super','192.168.10.1','2015-03-01 16:11:52','site','error','',2),('54f2cdf9ab83f','super','192.168.10.1','2015-03-01 16:11:53','site','error','',2),('54f2cdf9ab83f','super','192.168.10.1','2015-03-01 16:11:54','site','error','',2),('54f2cdf9ab83f','super','192.168.10.1','2015-03-01 16:11:55','site','error','',2),('54f2cdf9ab83f','super','192.168.10.1','2015-03-01 16:11:58','site','error','',2),('54f2cdf9ab83f','super','192.168.10.1','2015-03-01 16:12:04','site','error','',2),('54f2cdf9ab83f','super','192.168.10.1','2015-03-01 16:17:09','saleItem','index','',2),('54f2cdf9ab83f','super','192.168.10.1','2015-03-01 16:17:17','saleItem','index','',2),('54f2cdf9ab83f','super','192.168.10.1','2015-03-01 16:17:33','saleItem','index','',2),('54f2cdf9ab83f','super','192.168.10.1','2015-03-01 16:17:35','item','admin','',2),('54f2cdf9ab83f','super','192.168.10.1','2015-03-01 16:17:37','item','admin','',2),('54f2cdf9ab83f','super','192.168.10.1','2015-03-01 16:18:17','item','admin','',2),('54f2cdf9ab83f','super','192.168.10.1','2015-03-01 16:18:21','site','error','',2),('54f2cdf9ab83f','super','192.168.10.1','2015-03-01 16:18:23','site','error','',2),('54f2cdf9ab83f','super','192.168.10.1','2015-03-01 16:18:25','site','error','',2),('54f2cdf9ab83f','super','192.168.10.1','2015-03-01 16:18:28','site','error','',2),('54f2cdf9ab83f','super','192.168.10.1','2015-03-01 16:18:33','site','error','',2),('54f2cdf9ab83f','super','192.168.10.1','2015-03-01 16:18:34','site','error','',2),('54f2cdf9ab83f','super','192.168.10.1','2015-03-01 16:18:37','site','error','',2),('54f2cdf9ab83f','super','192.168.10.1','2015-03-01 16:19:08','wholeSale','index','',2),('54f2cdf9ab83f','super','192.168.10.1','2015-03-01 16:19:11','wholeSale','index','',2),('54f2cdf9ab83f','super','192.168.10.1','2015-03-01 16:20:35','site','error','',2),('54f2cdf9ab83f','super','192.168.10.1','2015-03-01 16:21:16','site','error','',2),('54f2cdf9ab83f','super','192.168.10.1','2015-03-01 16:21:32','site','error','',2),('','Guest','192.168.10.1','2015-03-01 16:22:39','site','index','',0),('54f2da6346584','super','192.168.10.1','2015-03-01 16:22:43','dashboard','view','',2),('54f2da6346584','super','192.168.10.1','2015-03-01 16:22:50','wholeSale','index','',2),('54f2da6346584','super','192.168.10.1','2015-03-01 16:22:55','wholeSale','index','',2),('54f2da6346584','super','192.168.10.1','2015-03-01 16:23:13','wholeSale','index','',2),('54f2da6346584','super','192.168.10.1','2015-03-01 16:28:52','wholeSale','index','',2),('54f2da6346584','super','192.168.10.1','2015-03-01 16:28:56','request','suggestItem','',2),('54f2da6346584','super','192.168.10.1','2015-03-01 16:28:57','saleItem','add','',2),('54f2da6346584','super','192.168.10.1','2015-03-01 16:29:22','site','error','',2),('','Guest','192.168.10.1','2015-03-01 16:29:26','site','index','',0),('54f2dbfa0f7a8','super','192.168.10.1','2015-03-01 16:29:30','dashboard','view','',2),('54f2dbfa0f7a8','super','192.168.10.1','2015-03-01 16:29:33','wholeSale','index','',2),('54f2dbfa0f7a8','super','192.168.10.1','2015-03-01 16:29:35','request','suggestItem','',2),('54f2dbfa0f7a8','super','192.168.10.1','2015-03-01 16:29:36','saleItem','add','',2),('54f2dbfa0f7a8','super','192.168.10.1','2015-03-01 16:29:38','request','suggestItem','',2),('54f2dbfa0f7a8','super','192.168.10.1','2015-03-01 16:29:39','saleItem','add','',2),('54f2dbfa0f7a8','super','192.168.10.1','2015-03-01 16:30:03','site','error','',2),('54f2dbfa0f7a8','super','192.168.10.1','2015-03-01 16:30:29','site','error','',2),('54f2dbfa0f7a8','super','192.168.10.1','2015-03-01 16:31:59','site','error','',2),('54f2dbfa0f7a8','super','192.168.10.1','2015-03-01 16:32:19','site','error','',2),('54f2dbfa0f7a8','super','192.168.10.1','2015-03-01 16:32:20','site','error','',2),('54f2dbfa0f7a8','super','192.168.10.1','2015-03-01 16:33:25','site','error','',2),('54f2dbfa0f7a8','super','192.168.10.1','2015-03-01 16:33:29','site','error','',2),('54f2dbfa0f7a8','super','192.168.10.1','2015-03-01 16:33:39','site','error','',2),('','Guest','192.168.10.1','2015-03-01 16:35:28','site','index','',0),('54f2dd63b7acf','super','192.168.10.1','2015-03-01 16:35:32','dashboard','view','',2),('54f2dd63b7acf','super','192.168.10.1','2015-03-01 16:35:35','wholeSale','index','',2),('54f2dd63b7acf','super','192.168.10.1','2015-03-01 16:35:37','request','suggestItem','',2),('54f2dd63b7acf','super','192.168.10.1','2015-03-01 16:35:38','saleItem','add','',2),('54f2dd63b7acf','super','192.168.10.1','2015-03-01 16:35:39','request','suggestItem','',2),('54f2dd63b7acf','super','192.168.10.1','2015-03-01 16:35:40','saleItem','add','',2),('54f2dd63b7acf','super','192.168.10.1','2015-03-01 16:35:41','request','suggestItem','',2),('54f2dd63b7acf','super','192.168.10.1','2015-03-01 16:35:44','saleItem','add','',2),('54f2dd63b7acf','super','192.168.10.1','2015-03-01 16:36:04','request','suggestItem','',2),('54f2dd63b7acf','super','192.168.10.1','2015-03-01 16:36:11','request','suggestItem','',2),('54f2dd63b7acf','super','192.168.10.1','2015-03-01 16:36:13','saleItem','add','',2),('','Guest','192.168.10.1','2015-03-01 16:37:58','site','index','',0),('54f2ddf9aef98','super','192.168.10.1','2015-03-01 16:38:01','dashboard','view','',2),('54f2ddf9aef98','super','192.168.10.1','2015-03-01 16:38:05','wholeSale','index','',2),('54f2ddf9aef98','super','192.168.10.1','2015-03-01 16:38:07','request','suggestItem','',2),('54f2ddf9aef98','super','192.168.10.1','2015-03-01 16:39:08','site','error','',2),('54f2ddf9aef98','super','192.168.10.1','2015-03-01 16:39:12','site','error','',2),('54f2ddf9aef98','super','192.168.10.1','2015-03-01 16:41:06','site','error','',2),('54f2ddf9aef98','super','192.168.10.1','2015-03-01 16:41:10','site','error','',2),('54f2ddf9aef98','super','192.168.10.1','2015-03-01 16:41:52','saleItem','index','',2),('54f2ddf9aef98','super','192.168.10.1','2015-03-01 16:41:55','site','error','',2),('54f2ddf9aef98','super','192.168.10.1','2015-03-01 16:41:58','saleItem','index','',2),('54f2ddf9aef98','super','192.168.10.1','2015-03-01 16:42:01','saleItem','DeleteItem','',2),('54f2ddf9aef98','super','192.168.10.1','2015-03-01 16:42:07','saleItem','index','',2),('54f2ddf9aef98','super','192.168.10.1','2015-03-01 16:42:15','request','suggestItem','',2),('54f2ddf9aef98','super','192.168.10.1','2015-03-01 16:42:15','saleItem','add','',2),('54f2ddf9aef98','super','192.168.10.1','2015-03-01 16:42:16','site','error','',2),('54f2ddf9aef98','super','192.168.10.1','2015-03-01 16:44:50','saleItem','index','',2),('54f2ddf9aef98','super','192.168.10.1','2015-03-01 16:44:53','saleItem','DeleteItem','',2),('54f2ddf9aef98','super','192.168.10.1','2015-03-01 16:45:06','wholeSale','index','',2),('54f2ddf9aef98','super','192.168.10.1','2015-03-01 16:45:08','request','suggestItem','',2),('54f2ddf9aef98','super','192.168.10.1','2015-03-01 16:45:36','site','error','',2),('','Guest','192.168.10.1','2015-03-01 16:45:37','site','index','',0),('54f2dfc57ccde','super','192.168.10.1','2015-03-01 16:45:41','dashboard','view','',2),('54f2dfc57ccde','super','192.168.10.1','2015-03-01 16:45:49','wholeSale','index','',2),('54f2dfc57ccde','super','192.168.10.1','2015-03-01 16:45:51','request','suggestItem','',2),('54f2dfc57ccde','super','192.168.10.1','2015-03-01 16:45:56','site','error','',2),('54f2dfc57ccde','super','192.168.10.1','2015-03-01 16:48:30','site','error','',2),('54f2dfc57ccde','super','192.168.10.1','2015-03-01 16:48:33','site','error','',2),('','Guest','192.168.10.1','2015-03-01 16:48:37','site','index','',0),('54f2e0790d487','super','192.168.10.1','2015-03-01 16:48:41','dashboard','view','',2),('54f2e0790d487','super','192.168.10.1','2015-03-01 16:48:44','site','error','',2),('54f2e0790d487','super','192.168.10.1','2015-03-01 16:48:53','wholeSale','index','',2),('54f2e0790d487','super','192.168.10.1','2015-03-01 16:48:56','request','suggestItem','',2),('54f2e0790d487','super','192.168.10.1','2015-03-01 16:49:00','request','suggestItem','',2),('54f2e0790d487','super','192.168.10.1','2015-03-01 16:49:31','site','error','',2),('','Guest','192.168.10.1','2015-03-01 16:49:36','site','index','',0),('54f2e0b4ef0cb','super','192.168.10.1','2015-03-01 16:49:41','dashboard','view','',2),('54f2e0b4ef0cb','super','192.168.10.1','2015-03-01 16:49:43','site','error','',2),('54f2e0b4ef0cb','super','192.168.10.1','2015-03-01 16:49:54','wholeSale','index','',2),('54f2e0b4ef0cb','super','192.168.10.1','2015-03-01 16:49:56','request','suggestItem','',2),('54f2e0b4ef0cb','super','192.168.10.1','2015-03-01 16:51:46','request','suggestItem','',2),('54f2e0b4ef0cb','super','192.168.10.1','2015-03-01 16:52:43','site','error','',2),('54f2e0b4ef0cb','super','192.168.10.1','2015-03-01 16:53:07','site','error','',2),('54f2e0b4ef0cb','super','192.168.10.1','2015-03-01 16:53:09','site','error','',2),('54f2e0b4ef0cb','super','192.168.10.1','2015-03-01 16:53:12','site','error','',2),('54f2e0b4ef0cb','super','192.168.10.1','2015-03-01 16:54:56','site','error','',2),('54f2e0b4ef0cb','super','192.168.10.1','2015-03-01 16:55:15','site','error','',2),('54f2e0b4ef0cb','super','192.168.10.1','2015-03-01 16:55:27','wholeSale','index','',2),('54f2e0b4ef0cb','super','192.168.10.1','2015-03-01 16:55:46','site','error','',2),('54f2e0b4ef0cb','super','192.168.10.1','2015-03-01 16:56:18','site','error','',2),('54f2e0b4ef0cb','super','192.168.10.1','2015-03-01 16:56:26','site','error','',2),('54f2e0b4ef0cb','super','192.168.10.1','2015-03-01 16:56:35','site','error','',2),('54f2e0b4ef0cb','super','192.168.10.1','2015-03-01 16:56:50','wholeSale','index','',2),('54f2e0b4ef0cb','super','192.168.10.1','2015-03-01 16:56:57','wholeSale','index','',2),('','Guest','192.168.10.1','2015-03-01 21:43:01','site','index','',0),('54f3257aad122','super','192.168.10.1','2015-03-01 21:43:08','dashboard','view','',2),('54f3257aad122','super','192.168.10.1','2015-03-01 21:43:16','wholeSale','index','',2),('54f3257aad122','super','192.168.10.1','2015-03-01 21:43:30','wholeSale','index','',2),('54f3257aad122','super','192.168.10.1','2015-03-01 21:43:33','wholeSale','index','',2),('54f3257aad122','super','192.168.10.1','2015-03-01 21:43:40','wholeSale','index','',2),('54f3257aad122','super','192.168.10.1','2015-03-01 21:43:58','wholeSale','index','',2),('54f3257aad122','super','192.168.10.1','2015-03-01 21:44:05','request','suggestItem','',2),('54f3257aad122','super','192.168.10.1','2015-03-01 21:44:10','site','error','',2),('54f3257aad122','super','192.168.10.1','2015-03-01 21:44:22','site','error','',2),('54f3257aad122','super','192.168.10.1','2015-03-01 21:44:45','site','error','',2),('54f3257aad122','super','192.168.10.1','2015-03-01 21:44:59','site','error','',2),('54f3257aad122','super','192.168.10.1','2015-03-01 21:45:13','site','error','',2),('54f3257aad122','super','192.168.10.1','2015-03-01 21:45:28','site','error','',2),('54f3257aad122','super','192.168.10.1','2015-03-01 21:45:43','wholeSale','index','',2),('54f3257aad122','super','192.168.10.1','2015-03-01 21:45:48','site','error','',2),('54f3257aad122','super','192.168.10.1','2015-03-01 21:46:03','site','error','',2),('54f3257aad122','super','192.168.10.1','2015-03-01 21:46:07','site','error','',2),('54f3257aad122','super','192.168.10.1','2015-03-01 21:46:15','site','error','',2),('54f3257aad122','super','192.168.10.1','2015-03-01 21:46:21','wholeSale','index','',2),('54f3257aad122','super','192.168.10.1','2015-03-01 21:46:26','site','error','',2),('54f3257aad122','super','192.168.10.1','2015-03-01 21:46:50','site','error','',2),('54f3257aad122','super','192.168.10.1','2015-03-01 21:46:56','wholeSale','index','',2),('54f3257aad122','super','192.168.10.1','2015-03-01 21:47:03','site','error','',2),('54f3257aad122','super','192.168.10.1','2015-03-01 21:50:00','wholeSale','index','',2),('54f3257aad122','super','192.168.10.1','2015-03-01 21:50:07','site','error','',2),('54f3257aad122','super','192.168.10.1','2015-03-01 21:50:28','site','error','',2),('54f3257aad122','super','192.168.10.1','2015-03-01 21:50:35','site','error','',2),('54f3257aad122','super','192.168.10.1','2015-03-01 21:50:49','site','error','',2),('54f3257aad122','super','192.168.10.1','2015-03-01 21:51:03','site','error','',2),('54f3257aad122','super','192.168.10.1','2015-03-01 21:51:45','wholeSale','index','',2),('54f3257aad122','super','192.168.10.1','2015-03-01 21:52:08','site','error','',2),('54f3257aad122','super','192.168.10.1','2015-03-01 21:52:15','wholeSale','index','',2),('54f3257aad122','super','192.168.10.1','2015-03-01 22:00:18','wholeSale','index','',2),('54f3257aad122','super','192.168.10.1','2015-03-01 22:00:31','wholeSale','index','',2),('54f3257aad122','super','192.168.10.1','2015-03-01 22:00:38','site','error','',2),('54f3257aad122','super','192.168.10.1','2015-03-01 22:00:44','wholeSale','index','',2),('54f3257aad122','super','192.168.10.1','2015-03-01 22:00:47','wholeSale','index','',2),('54f3257aad122','super','192.168.10.1','2015-03-01 22:01:32','site','error','',2),('54f3257aad122','super','192.168.10.1','2015-03-01 22:02:12','wholeSale','index','',2),('54f3257aad122','super','192.168.10.1','2015-03-01 22:02:52','site','error','',2),('54f3257aad122','super','192.168.10.1','2015-03-01 22:03:13','wholeSale','index','',2),('54f3257aad122','super','192.168.10.1','2015-03-01 22:05:21','site','error','',2),('54f3257aad122','super','192.168.10.1','2015-03-01 22:08:53','site','error','',2),('54f3257aad122','super','192.168.10.1','2015-03-01 22:12:35','wholeSale','index','',2),('54f3257aad122','super','192.168.10.1','2015-03-01 22:12:38','request','suggestItem','',2),('54f3257aad122','super','192.168.10.1','2015-03-01 22:12:43','wholeSale','add','',2),('54f3257aad122','super','192.168.10.1','2015-03-01 22:14:16','wholeSale','index','',2),('54f3257aad122','super','192.168.10.1','2015-03-01 22:14:35','wholeSale','index','',2),('54f3257aad122','super','192.168.10.1','2015-03-01 22:15:16','site','error','',2),('54f3257aad122','super','192.168.10.1','2015-03-01 22:15:24','wholeSale','index','',2),('54f3257aad122','super','192.168.10.1','2015-03-01 22:16:39','wholeSale','index','',2),('54f3257aad122','super','192.168.10.1','2015-03-01 22:16:41','wholeSale','index','',2),('54f3257aad122','super','192.168.10.1','2015-03-01 22:16:44','wholeSale','index','',2),('54f3257aad122','super','192.168.10.1','2015-03-01 22:16:53','wholeSale','index','',2),('54f3257aad122','super','192.168.10.1','2015-03-01 22:17:45','site','error','',2),('54f3257aad122','super','192.168.10.1','2015-03-01 22:18:20','site','error','',2),('54f3257aad122','super','192.168.10.1','2015-03-01 22:18:38','wholeSale','index','',2),('54f3257aad122','super','192.168.10.1','2015-03-01 22:20:27','wholeSale','index','',2),('54f3257aad122','super','192.168.10.1','2015-03-01 22:20:39','wholeSale','index','',2),('54f3257aad122','super','192.168.10.1','2015-03-01 22:20:46','wholeSale','index','',2),('54f3257aad122','super','192.168.10.1','2015-03-01 22:22:26','site','error','',2),('54f3257aad122','super','192.168.10.1','2015-03-01 22:22:56','wholeSale','index','',2),('54f3257aad122','super','192.168.10.1','2015-03-01 22:22:57','wholeSale','index','',2),('54f3257aad122','super','192.168.10.1','2015-03-01 22:23:03','wholeSale','index','',2),('54f3257aad122','super','192.168.10.1','2015-03-01 22:23:03','wholeSale','index','',2),('54f3257aad122','super','192.168.10.1','2015-03-01 22:23:11','wholeSale','index','',2),('54f3257aad122','super','192.168.10.1','2015-03-01 22:23:17','wholeSale','index','',2),('54f3257aad122','super','192.168.10.1','2015-03-01 22:23:26','request','suggestItem','',2),('54f3257aad122','super','192.168.10.1','2015-03-01 22:23:30','wholeSale','add','',2),('54f3257aad122','super','192.168.10.1','2015-03-01 22:30:08','wholeSale','index','',2),('54f3257aad122','super','192.168.10.1','2015-03-01 22:30:49','request','suggestItem','',2),('54f3257aad122','super','192.168.10.1','2015-03-01 22:30:49','request','suggestItem','',2),('54f3257aad122','super','192.168.10.1','2015-03-01 22:30:50','request','suggestItem','',2),('54f3257aad122','super','192.168.10.1','2015-03-01 22:30:50','request','suggestItem','',2),('54f3257aad122','super','192.168.10.1','2015-03-01 22:34:04','saleItem','editItem','',2),('54f3257aad122','super','192.168.10.1','2015-03-01 22:34:06','request','suggestItem','',2),('54f3257aad122','super','192.168.10.1','2015-03-01 22:34:08','request','suggestItem','',2),('54f3257aad122','super','192.168.10.1','2015-03-01 22:34:11','saleItem','add','',2),('54f3257aad122','super','192.168.10.1','2015-03-01 22:34:15','salePayment','index','',2),('54f3257aad122','super','192.168.10.1','2015-03-01 22:34:20','wholeSale','index','',2),('54f3257aad122','super','192.168.10.1','2015-03-01 22:36:17','wholeSale','index','',2),('54f3257aad122','super','192.168.10.1','2015-03-01 22:36:49','wholeSale','editItem','',2),('54f3257aad122','super','192.168.10.1','2015-03-01 22:36:54','wholeSale','editItem','',2),('54f3257aad122','super','192.168.10.1','2015-03-01 22:37:00','wholeSale','editItem','',2),('54f3257aad122','super','192.168.10.1','2015-03-01 22:37:10','item','admin','',2),('54f3257aad122','super','192.168.10.1','2015-03-01 22:37:19','item','UpdateImage','',2),('54f3257aad122','super','192.168.10.1','2015-03-01 22:37:31','item','admin','',2),('54f3257aad122','super','192.168.10.1','2015-03-01 22:37:35','item','UpdateImage','',2),('54f3257aad122','super','192.168.10.1','2015-03-01 22:37:49','item','admin','',2),('54f3257aad122','super','192.168.10.1','2015-03-01 22:37:53','item','UpdateImage','',2),('54f3257aad122','super','192.168.10.1','2015-03-01 22:37:56','item','admin','',2),('54f3257aad122','super','192.168.10.1','2015-03-01 22:38:00','item','UpdateImage','',2),('54f3257aad122','super','192.168.10.1','2015-03-01 22:38:08','item','admin','',2),('54f3257aad122','super','192.168.10.1','2015-03-01 22:39:00','item','admin','',2),('54f3257aad122','super','192.168.10.1','2015-03-01 22:39:06','item','UpdateImage','',2),('54f3257aad122','super','192.168.10.1','2015-03-01 22:39:12','item','admin','',2),('54f3257aad122','super','192.168.10.1','2015-03-01 22:42:57','item','createImage','',2),('54f3257aad122','super','192.168.10.1','2015-03-01 22:43:16','item','createImage','',2),('','Guest','192.168.10.1','2015-03-02 12:16:44','site','index','',0),('54f3f24389b30','super','192.168.10.1','2015-03-02 12:16:53','dashboard','view','',2),('54f3f24389b30','super','192.168.10.1','2015-03-02 12:17:00','saleItem','index','',2),('54f3f24389b30','super','192.168.10.1','2015-03-02 12:17:03','wholeSale','index','',2),('54f3f24389b30','super','192.168.10.1','2015-03-02 12:17:05','request','suggestItem','',2),('54f3f24389b30','super','192.168.10.1','2015-03-02 12:17:06','wholeSale','add','',2),('54f3f24389b30','super','192.168.10.1','2015-03-02 12:17:26','item','admin','',2),('54f3f24389b30','super','192.168.10.1','2015-03-02 12:17:31','item','UpdateImage','',2),('54f3f24389b30','super','192.168.10.1','2015-03-02 12:17:38','item','admin','',2),('54f3f24389b30','super','192.168.10.1','2015-03-02 12:17:41','item','UpdateImage','',2),('54f3f24389b30','super','192.168.10.1','2015-03-02 12:17:44','item','admin','',2),('54f3f24389b30','super','192.168.10.1','2015-03-02 12:17:45','wholeSale','index','',2),('54f3f24389b30','super','192.168.10.1','2015-03-02 12:17:47','request','suggestItem','',2),('54f3f24389b30','super','192.168.10.1','2015-03-02 12:17:48','wholeSale','add','',2),('54f3f24389b30','super','192.168.10.1','2015-03-02 12:22:02','site','error','',2),('54f3f24389b30','super','192.168.10.1','2015-03-02 12:23:32','wholeSale','index','',2),('54f3f24389b30','super','192.168.10.1','2015-03-02 12:23:37','wholeSale','index','',2),('54f3f24389b30','super','192.168.10.1','2015-03-02 12:25:12','wholeSale','index','',2),('54f3f24389b30','super','192.168.10.1','2015-03-02 12:25:52','saleItem','setTotalDiscount','',2),('54f3f24389b30','super','192.168.10.1','2015-03-02 12:25:53','site','error','',2),('54f3f24389b30','super','192.168.10.1','2015-03-02 12:26:01','wholeSale','index','',2),('54f3f24389b30','super','192.168.10.1','2015-03-02 12:26:20','wholeSale','index','',2),('54f3f24389b30','super','192.168.10.1','2015-03-02 12:26:33','saleItem','setTotalDiscount','',2),('54f3f24389b30','super','192.168.10.1','2015-03-02 12:26:35','wholeSale','index','',2),('54f3f24389b30','super','192.168.10.1','2015-03-02 12:27:30','saleItem','setTotalDiscount','',2),('54f3f24389b30','super','192.168.10.1','2015-03-02 12:27:34','wholeSale','index','',2),('54f3f24389b30','super','192.168.10.1','2015-03-02 12:29:16','wholeSale','index','',2),('54f3f24389b30','super','192.168.10.1','2015-03-02 12:29:20','wholeSale','setTotalDiscount','',2),('54f3f24389b30','super','192.168.10.1','2015-03-02 12:29:30','wholeSale','setTotalDiscount','',2),('54f3f24389b30','super','192.168.10.1','2015-03-02 12:29:33','wholeSale','editItem','',2),('54f3f24389b30','super','192.168.10.1','2015-03-02 12:29:35','wholeSale','DeleteItem','',2),('54f3f24389b30','super','192.168.10.1','2015-03-02 12:29:36','request','suggestItem','',2),('54f3f24389b30','super','192.168.10.1','2015-03-02 12:29:37','wholeSale','add','',2),('54f3f24389b30','super','192.168.10.1','2015-03-02 12:29:37','request','suggestItem','',2),('54f3f24389b30','super','192.168.10.1','2015-03-02 12:29:39','wholeSale','add','',2),('54f3f24389b30','super','192.168.10.1','2015-03-02 12:29:45','request','suggestItem','',2),('54f3f24389b30','super','192.168.10.1','2015-03-02 12:29:47','wholeSale','add','',2),('54f3f24389b30','super','192.168.10.1','2015-03-02 12:29:48','request','suggestItem','',2),('54f3f24389b30','super','192.168.10.1','2015-03-02 12:29:50','wholeSale','add','',2),('54f3f24389b30','super','192.168.10.1','2015-03-02 12:29:51','request','suggestItem','',2),('54f3f24389b30','super','192.168.10.1','2015-03-02 12:29:52','wholeSale','add','',2),('54f3f24389b30','super','192.168.10.1','2015-03-02 12:31:01','wholeSale','index','',2),('54f3f24389b30','super','192.168.10.1','2015-03-02 12:31:03','wholeSale','index','',2),('54f3f24389b30','super','192.168.10.1','2015-03-02 12:31:05','wholeSale','index','',2),('54f3f24389b30','super','192.168.10.1','2015-03-02 12:31:36','wholeSale','index','',2),('54f3f24389b30','super','192.168.10.1','2015-03-02 12:31:36','wholeSale','index','',2),('54f3f24389b30','super','192.168.10.1','2015-03-02 12:31:36','saleItem','index','',2),('54f3f24389b30','super','192.168.10.1','2015-03-02 12:31:40','request','suggestItem','',2),('54f3f24389b30','super','192.168.10.1','2015-03-02 12:31:40','saleItem','add','',2),('54f3f24389b30','super','192.168.10.1','2015-03-02 12:31:43','wholeSale','index','',2),('54f3f24389b30','super','192.168.10.1','2015-03-02 12:34:11','wholeSale','index','',2),('54f3f24389b30','super','192.168.10.1','2015-03-02 12:34:15','wholeSale','index','',2),('54f3f24389b30','super','192.168.10.1','2015-03-02 12:34:24','saleItem','index','',2),('54f3f24389b30','super','192.168.10.1','2015-03-02 12:34:27','wholeSale','index','',2),('54f3f24389b30','super','192.168.10.1','2015-03-02 12:35:32','wholeSale','index','',2),('54f3f24389b30','super','192.168.10.1','2015-03-02 12:35:36','wholeSale','index','',2),('54f3f24389b30','super','192.168.10.1','2015-03-02 12:35:59','wholeSale','index','',2),('54f3f24389b30','super','192.168.10.1','2015-03-02 12:54:52','wholeSale','index','',2),('54f3f24389b30','super','192.168.10.1','2015-03-02 12:54:54','wholeSale','index','',2),('54f3f24389b30','super','192.168.10.1','2015-03-02 12:55:08','wholeSale','index','',2),('54f3f24389b30','super','192.168.10.1','2015-03-02 12:55:34','wholeSale','index','',2),('54f3f24389b30','super','192.168.10.1','2015-03-02 12:55:38','wholeSale','setTotalDiscount','',2),('54f3f24389b30','super','192.168.10.1','2015-03-02 12:55:51','wholeSale','index','',2),('54f3f24389b30','super','192.168.10.1','2015-03-02 12:56:22','wholeSale','index','',2),('54f3f24389b30','super','192.168.10.1','2015-03-02 12:56:24','wholeSale','index','',2),('54f3f24389b30','super','192.168.10.1','2015-03-02 13:05:13','wholeSale','index','',2),('54f3f24389b30','super','192.168.10.1','2015-03-02 13:05:14','wholeSale','index','',2),('54f3f24389b30','super','192.168.10.1','2015-03-02 13:05:18','request','suggestItem','',2),('54f3f24389b30','super','192.168.10.1','2015-03-02 13:05:19','wholeSale','add','',2),('54f3f24389b30','super','192.168.10.1','2015-03-02 13:05:20','request','suggestItem','',2),('54f3f24389b30','super','192.168.10.1','2015-03-02 13:05:21','wholeSale','add','',2),('54f3f24389b30','super','192.168.10.1','2015-03-02 13:05:22','request','suggestItem','',2),('54f3f24389b30','super','192.168.10.1','2015-03-02 13:05:23','wholeSale','add','',2),('54f3f24389b30','super','192.168.10.1','2015-03-02 13:05:25','wholeSale','setTotalDiscount','',2),('','Guest','192.168.10.1','2015-03-02 21:31:00','site','index','',0),('54f4742c637a8','super','192.168.10.1','2015-03-02 21:31:10','dashboard','view','',2),('54f4742c637a8','super','192.168.10.1','2015-03-02 21:31:33','wholeSale','index','',2),('54f4742c637a8','super','192.168.10.1','2015-03-02 21:31:35','request','suggestItem','',2),('54f4742c637a8','super','192.168.10.1','2015-03-02 21:31:37','request','suggestItem','',2),('54f4742c637a8','super','192.168.10.1','2015-03-02 21:31:37','wholeSale','add','',2),('54f4742c637a8','super','192.168.10.1','2015-03-02 21:31:39','request','suggestItem','',2),('54f4742c637a8','super','192.168.10.1','2015-03-02 21:31:39','wholeSale','add','',2),('54f4742c637a8','super','192.168.10.1','2015-03-02 21:31:43','request','suggestItem','',2),('54f4742c637a8','super','192.168.10.1','2015-03-02 21:31:44','wholeSale','add','',2),('54f4742c637a8','super','192.168.10.1','2015-03-02 21:31:47','wholeSale','DeleteItem','',2),('54f4742c637a8','super','192.168.10.1','2015-03-02 21:31:48','request','suggestItem','',2),('54f4742c637a8','super','192.168.10.1','2015-03-02 21:31:48','request','suggestItem','',2),('54f4742c637a8','super','192.168.10.1','2015-03-02 21:31:49','request','suggestItem','',2),('54f4742c637a8','super','192.168.10.1','2015-03-02 21:31:49','request','suggestItem','',2),('54f4742c637a8','super','192.168.10.1','2015-03-02 21:31:50','request','suggestItem','',2),('54f4742c637a8','super','192.168.10.1','2015-03-02 21:31:51','request','suggestItem','',2),('54f4742c637a8','super','192.168.10.1','2015-03-02 21:31:51','request','suggestItem','',2),('54f4742c637a8','super','192.168.10.1','2015-03-02 21:31:56','item','admin','',2),('54f4742c637a8','super','192.168.10.1','2015-03-02 21:31:59','item','UpdateImage','',2),('54f4742c637a8','super','192.168.10.1','2015-03-02 21:32:11','item','admin','',2),('54f4742c637a8','super','192.168.10.1','2015-03-02 21:32:14','request','suggestItem','',2),('54f4742c637a8','super','192.168.10.1','2015-03-02 21:32:14','request','suggestItem','',2),('54f4742c637a8','super','192.168.10.1','2015-03-02 21:32:14','request','suggestItem','',2),('54f4742c637a8','super','192.168.10.1','2015-03-02 21:32:14','request','suggestItem','',2),('54f4742c637a8','super','192.168.10.1','2015-03-02 21:32:14','request','suggestItem','',2),('54f4742c637a8','super','192.168.10.1','2015-03-02 21:32:14','request','suggestItem','',2),('54f4742c637a8','super','192.168.10.1','2015-03-02 21:32:15','wholeSale','add','',2),('54f4742c637a8','super','192.168.10.1','2015-03-02 21:32:18','wholeSale','DeleteItem','',2),('54f4742c637a8','super','192.168.10.1','2015-03-02 21:32:18','request','suggestItem','',2),('54f4742c637a8','super','192.168.10.1','2015-03-02 21:32:18','request','suggestItem','',2),('54f4742c637a8','super','192.168.10.1','2015-03-02 21:32:19','request','suggestItem','',2),('54f4742c637a8','super','192.168.10.1','2015-03-02 21:32:19','request','suggestItem','',2),('54f4742c637a8','super','192.168.10.1','2015-03-02 21:32:19','request','suggestItem','',2),('54f4742c637a8','super','192.168.10.1','2015-03-02 21:32:19','request','suggestItem','',2),('54f4742c637a8','super','192.168.10.1','2015-03-02 21:32:19','wholeSale','add','',2),('54f4742c637a8','super','192.168.10.1','2015-03-02 21:32:23','wholeSale','DeleteItem','',2),('54f4742c637a8','super','192.168.10.1','2015-03-02 21:32:24','request','suggestItem','',2),('54f4742c637a8','super','192.168.10.1','2015-03-02 21:32:24','request','suggestItem','',2),('54f4742c637a8','super','192.168.10.1','2015-03-02 21:32:24','request','suggestItem','',2),('54f4742c637a8','super','192.168.10.1','2015-03-02 21:32:24','request','suggestItem','',2),('54f4742c637a8','super','192.168.10.1','2015-03-02 21:32:25','request','suggestItem','',2),('54f4742c637a8','super','192.168.10.1','2015-03-02 21:32:25','request','suggestItem','',2),('54f4742c637a8','super','192.168.10.1','2015-03-02 21:32:26','wholeSale','add','',2),('54f4742c637a8','super','192.168.10.1','2015-03-02 21:32:29','wholeSale','DeleteItem','',2),('','Guest','192.168.10.1','2015-03-03 17:00:19','site','index','',0),('54f58636a4fe0','super','192.168.10.1','2015-03-03 17:00:26','dashboard','view','',2),('54f58636a4fe0','super','192.168.10.1','2015-03-03 17:02:22','wholeSale','index','',2),('54f58636a4fe0','super','192.168.10.1','2015-03-03 17:04:14','wholeSale','index','',2),('','Guest','192.168.10.1','2015-03-03 18:31:05','site','login','',0),('54f59b7d20fb7','super','192.168.10.1','2015-03-03 18:31:09','saleItem','index','',2),('54f59b7d20fb7','super','192.168.10.1','2015-03-03 18:31:19','item','admin','',2),('54f59b7d20fb7','super','192.168.10.1','2015-03-03 18:31:22','item','createImage','',2),('54f59b7d20fb7','super','192.168.10.1','2015-03-03 18:31:26','item','Admin','',2),('54f59b7d20fb7','super','192.168.10.1','2015-03-03 18:31:29','item','admin','',2),('54f59b7d20fb7','super','192.168.10.1','2015-03-03 18:31:31','receivingItem','index','',2),('54f59b7d20fb7','super','192.168.10.1','2015-03-03 18:31:34','wholeSale','index','',2),('54f59b7d20fb7','super','192.168.10.1','2015-03-03 18:48:26','request','suggestItem','',2),('54f59b7d20fb7','super','192.168.10.1','2015-03-03 18:48:27','wholeSale','add','',2),('54f59b7d20fb7','super','192.168.10.1','2015-03-03 18:48:28','request','suggestItem','',2),('54f59b7d20fb7','super','192.168.10.1','2015-03-03 18:48:29','wholeSale','add','',2),('54f59b7d20fb7','super','192.168.10.1','2015-03-03 18:48:29','request','suggestItem','',2),('54f59b7d20fb7','super','192.168.10.1','2015-03-03 18:48:30','wholeSale','add','',2),('54f59b7d20fb7','super','192.168.10.1','2015-03-03 18:48:31','request','suggestItem','',2),('54f59b7d20fb7','super','192.168.10.1','2015-03-03 18:48:32','wholeSale','add','',2),('','Guest','192.168.10.1','2015-03-03 19:00:59','site','index','',0),('54f5a27f158c4','super','192.168.10.1','2015-03-03 19:01:03','dashboard','view','',2),('54f5a27f158c4','super','192.168.10.1','2015-03-03 19:01:05','wholeSale','index','',2),('54f5a27f158c4','super','192.168.10.1','2015-03-03 19:01:06','request','suggestItem','',2),('54f5a27f158c4','super','192.168.10.1','2015-03-03 19:01:07','wholeSale','add','',2),('54f5a27f158c4','super','192.168.10.1','2015-03-03 19:01:07','request','suggestItem','',2),('54f5a27f158c4','super','192.168.10.1','2015-03-03 19:01:09','request','suggestItem','',2),('54f5a27f158c4','super','192.168.10.1','2015-03-03 19:01:10','request','suggestItem','',2),('54f5a27f158c4','super','192.168.10.1','2015-03-03 19:01:10','wholeSale','add','',2),('54f5a27f158c4','super','192.168.10.1','2015-03-03 19:01:11','request','suggestItem','',2),('54f5a27f158c4','super','192.168.10.1','2015-03-03 19:01:12','wholeSale','add','',2),('54f5a27f158c4','super','192.168.10.1','2015-03-03 19:01:12','request','suggestItem','',2),('54f5a27f158c4','super','192.168.10.1','2015-03-03 19:01:13','wholeSale','add','',2),('54f5a27f158c4','super','192.168.10.1','2015-03-03 19:01:14','request','suggestItem','',2),('54f5a27f158c4','super','192.168.10.1','2015-03-03 19:01:15','wholeSale','add','',2),('54f5a27f158c4','super','192.168.10.1','2015-03-03 19:01:15','request','suggestItem','',2),('54f5a27f158c4','super','192.168.10.1','2015-03-03 19:01:17','request','suggestItem','',2),('54f5a27f158c4','super','192.168.10.1','2015-03-03 19:01:17','wholeSale','add','',2),('54f5a27f158c4','super','192.168.10.1','2015-03-03 19:03:37','wholeSale','index','',2),('54f5a27f158c4','super','192.168.10.1','2015-03-03 19:03:56','wholeSale','index','',2),('54f5a27f158c4','super','192.168.10.1','2015-03-03 19:04:06','wholeSale','index','',2),('54f5a27f158c4','super','192.168.10.1','2015-03-03 19:04:19','site','error','',2),('54f5a27f158c4','super','192.168.10.1','2015-03-03 19:04:27','wholeSale','index','',2),('54f5a27f158c4','super','192.168.10.1','2015-03-03 19:04:58','wholeSale','index','',2),('54f5a27f158c4','super','192.168.10.1','2015-03-03 19:05:31','wholeSale','index','',2),('54f5a27f158c4','super','192.168.10.1','2015-03-03 19:05:34','wholeSale','index','',2),('54f5a27f158c4','super','192.168.10.1','2015-03-03 19:05:51','wholeSale','index','',2),('54f5a27f158c4','super','192.168.10.1','2015-03-03 19:05:53','wholeSale','index','',2),('54f5a27f158c4','super','192.168.10.1','2015-03-03 19:05:56','wholeSale','index','',2),('54f5a27f158c4','super','192.168.10.1','2015-03-03 19:07:49','wholeSale','index','',2),('54f5a27f158c4','super','192.168.10.1','2015-03-03 19:08:06','wholeSale','index','',2),('54f5a27f158c4','super','192.168.10.1','2015-03-03 19:11:37','wholeSale','index','',2),('54f5a27f158c4','super','192.168.10.1','2015-03-03 19:11:55','wholeSale','index','',2),('54f5a27f158c4','super','192.168.10.1','2015-03-03 19:11:57','wholeSale','index','',2),('54f5a27f158c4','super','192.168.10.1','2015-03-03 19:12:57','wholeSale','index','',2),('54f5a27f158c4','super','192.168.10.1','2015-03-03 19:13:41','wholeSale','index','',2),('54f5a27f158c4','super','192.168.10.1','2015-03-03 19:13:55','wholeSale','index','',2),('54f5a27f158c4','super','192.168.10.1','2015-03-03 19:14:50','wholeSale','index','',2),('54f5a27f158c4','super','192.168.10.1','2015-03-03 19:14:52','wholeSale','index','',2),('54f5a27f158c4','super','192.168.10.1','2015-03-03 19:14:55','wholeSale','index','',2),('54f5a27f158c4','super','192.168.10.1','2015-03-03 19:15:06','wholeSale','index','',2),('54f5a27f158c4','super','192.168.10.1','2015-03-03 19:15:49','wholeSale','index','',2),('54f5a27f158c4','super','192.168.10.1','2015-03-03 19:15:52','wholeSale','index','',2),('54f5a27f158c4','super','192.168.10.1','2015-03-03 19:16:00','wholeSale','index','',2),('54f5a27f158c4','super','192.168.10.1','2015-03-03 19:16:03','wholeSale','index','',2),('54f5a27f158c4','super','192.168.10.1','2015-03-03 19:16:11','wholeSale','index','',2),('54f5a27f158c4','super','192.168.10.1','2015-03-03 19:16:15','wholeSale','index','',2),('54f5a27f158c4','super','192.168.10.1','2015-03-03 19:16:19','wholeSale','index','',2),('','Guest','192.168.10.1','2015-03-03 19:17:09','site','index','',0),('54f5a6488ab55','super','192.168.10.1','2015-03-03 19:17:12','dashboard','view','',2),('54f5a6488ab55','super','192.168.10.1','2015-03-03 19:17:16','wholeSale','index','',2),('54f5a6488ab55','super','192.168.10.1','2015-03-03 19:17:17','request','suggestItem','',2),('54f5a6488ab55','super','192.168.10.1','2015-03-03 19:17:19','wholeSale','add','',2),('54f5a6488ab55','super','192.168.10.1','2015-03-03 19:17:21','request','suggestItem','',2),('54f5a6488ab55','super','192.168.10.1','2015-03-03 19:17:21','wholeSale','add','',2),('54f5a6488ab55','super','192.168.10.1','2015-03-03 19:17:27','wholeSale','index','',2),('54f5a6488ab55','super','192.168.10.1','2015-03-03 19:17:44','wholeSale','index','',2),('54f5a6488ab55','super','192.168.10.1','2015-03-03 19:17:46','wholeSale','index','',2),('54f5a6488ab55','super','192.168.10.1','2015-03-03 19:17:56','wholeSale','index','',2),('54f5a6488ab55','super','192.168.10.1','2015-03-03 19:17:59','wholeSale','index','',2),('54f5a6488ab55','super','192.168.10.1','2015-03-03 19:18:01','wholeSale','index','',2),('54f5a6488ab55','super','192.168.10.1','2015-03-03 19:18:29','wholeSale','index','',2),('54f5a6488ab55','super','192.168.10.1','2015-03-03 19:19:03','wholeSale','index','',2),('54f5a27f158c4','super','192.168.10.1','2015-03-03 19:19:11','wholeSale','index','',2),('54f5a27f158c4','super','192.168.10.1','2015-03-03 19:19:13','wholeSale','index','',2),('54f5a6488ab55','super','192.168.10.1','2015-03-03 19:19:34','wholeSale','index','',2),('54f5a6488ab55','super','192.168.10.1','2015-03-03 19:19:36','wholeSale','index','',2),('54f5a6488ab55','super','192.168.10.1','2015-03-03 19:19:38','wholeSale','index','',2),('54f5a6488ab55','super','192.168.10.1','2015-03-03 19:19:49','wholeSale','index','',2),('54f5a6488ab55','super','192.168.10.1','2015-03-03 19:19:51','wholeSale','index','',2),('54f5a6488ab55','super','192.168.10.1','2015-03-03 19:20:00','wholeSale','index','',2),('54f5a6488ab55','super','192.168.10.1','2015-03-03 19:20:10','wholeSale','index','',2),('54f5a6488ab55','super','192.168.10.1','2015-03-03 19:20:22','wholeSale','index','',2),('54f5a6488ab55','super','192.168.10.1','2015-03-03 19:20:24','wholeSale','index','',2),('54f5a27f158c4','super','192.168.10.1','2015-03-03 19:20:30','wholeSale','index','',2),('54f5a27f158c4','super','192.168.10.1','2015-03-03 19:20:40','wholeSale','index','',2),('54f5a27f158c4','super','192.168.10.1','2015-03-03 19:20:49','wholeSale','index','',2),('54f5a6488ab55','super','192.168.10.1','2015-03-03 19:21:00','wholeSale','index','',2),('54f5a6488ab55','super','192.168.10.1','2015-03-03 19:21:22','wholeSale','index','',2),('54f5a6488ab55','super','192.168.10.1','2015-03-03 19:21:23','wholeSale','index','',2),('54f5a6488ab55','super','192.168.10.1','2015-03-03 19:21:26','wholeSale','index','',2),('54f5a6488ab55','super','192.168.10.1','2015-03-03 19:21:45','wholeSale','index','',2),('54f5a6488ab55','super','192.168.10.1','2015-03-03 19:21:46','wholeSale','index','',2),('54f5a6488ab55','super','192.168.10.1','2015-03-03 19:21:54','wholeSale','index','',2),('54f5a27f158c4','super','192.168.10.1','2015-03-03 19:22:19','wholeSale','index','',2),('54f5a27f158c4','super','192.168.10.1','2015-03-03 19:22:21','wholeSale','index','',2),('54f5a27f158c4','super','192.168.10.1','2015-03-03 19:22:24','wholeSale','index','',2),('54f5a6488ab55','super','192.168.10.1','2015-03-03 19:22:27','wholeSale','index','',2),('54f5a27f158c4','super','192.168.10.1','2015-03-03 19:22:40','wholeSale','index','',2),('54f5a27f158c4','super','192.168.10.1','2015-03-03 19:22:45','wholeSale','index','',2),('54f5a6488ab55','super','192.168.10.1','2015-03-03 19:22:49','wholeSale','index','',2),('54f5a27f158c4','super','192.168.10.1','2015-03-03 19:23:03','wholeSale','index','',2),('54f5a27f158c4','super','192.168.10.1','2015-03-03 19:23:29','wholeSale','index','',2),('54f5a27f158c4','super','192.168.10.1','2015-03-03 19:23:39','wholeSale','index','',2),('54f5a27f158c4','super','192.168.10.1','2015-03-03 19:23:45','wholeSale','index','',2),('54f5a27f158c4','super','192.168.10.1','2015-03-03 19:23:50','wholeSale','index','',2),('54f5a27f158c4','super','192.168.10.1','2015-03-03 19:24:52','wholeSale','index','',2),('54f5a6488ab55','super','192.168.10.1','2015-03-03 19:24:56','wholeSale','index','',2),('54f5a6488ab55','super','192.168.10.1','2015-03-03 19:25:06','wholeSale','index','',2),('54f5a6488ab55','super','192.168.10.1','2015-03-03 19:25:08','wholeSale','index','',2),('54f5a6488ab55','super','192.168.10.1','2015-03-03 19:25:10','wholeSale','index','',2),('54f5a6488ab55','super','192.168.10.1','2015-03-03 19:25:12','wholeSale','index','',2),('54f5a6488ab55','super','192.168.10.1','2015-03-03 19:26:30','wholeSale','index','',2),('54f5a6488ab55','super','192.168.10.1','2015-03-03 19:26:57','wholeSale','index','',2),('54f5a6488ab55','super','192.168.10.1','2015-03-03 19:27:05','wholeSale','index','',2),('54f5a6488ab55','super','192.168.10.1','2015-03-03 19:27:41','wholeSale','index','',2),('54f5a6488ab55','super','192.168.10.1','2015-03-03 19:27:52','wholeSale','index','',2),('54f5a6488ab55','super','192.168.10.1','2015-03-03 19:28:07','wholeSale','index','',2),('','Guest','192.168.10.1','2015-03-03 19:28:30','site','index','',0),('54f5a27f158c4','super','192.168.10.1','2015-03-03 19:28:37','wholeSale','index','',2),('54f5a27f158c4','super','192.168.10.1','2015-03-03 19:28:42','wholeSale','index','',2),('54f5a6488ab55','super','192.168.10.1','2015-03-03 19:29:54','wholeSale','index','',2),('54f5a6488ab55','super','192.168.10.1','2015-03-03 19:30:15','request','suggestItem','',2),('54f5a6488ab55','super','192.168.10.1','2015-03-03 19:30:16','wholeSale','add','',2),('54f5a6488ab55','super','192.168.10.1','2015-03-03 19:30:17','request','suggestItem','',2),('54f5a6488ab55','super','192.168.10.1','2015-03-03 19:30:19','wholeSale','add','',2),('54f5a6488ab55','super','192.168.10.1','2015-03-03 19:30:20','request','suggestItem','',2),('54f5a6488ab55','super','192.168.10.1','2015-03-03 19:30:21','wholeSale','add','',2),('54f5a6488ab55','super','192.168.10.1','2015-03-03 19:30:22','request','suggestItem','',2),('54f5a6488ab55','super','192.168.10.1','2015-03-03 19:30:23','wholeSale','add','',2),('54f5a6488ab55','super','192.168.10.1','2015-03-03 19:30:24','request','suggestItem','',2),('54f5a6488ab55','super','192.168.10.1','2015-03-03 19:30:25','wholeSale','add','',2),('54f5a6488ab55','super','192.168.10.1','2015-03-03 19:30:28','wholeSale','index','',2),('54f5a27f158c4','super','192.168.10.1','2015-03-03 19:30:37','wholeSale','index','',2),('54f5a6488ab55','super','192.168.10.1','2015-03-03 19:31:08','wholeSale','index','',2),('54f5a6488ab55','super','192.168.10.1','2015-03-03 19:31:14','wholeSale','index','',2),('54f5a6488ab55','super','192.168.10.1','2015-03-03 19:31:15','wholeSale','index','',2),('54f5a6488ab55','super','192.168.10.1','2015-03-03 19:31:17','wholeSale','index','',2),('54f5a6488ab55','super','192.168.10.1','2015-03-03 19:31:19','wholeSale','index','',2),('54f5a6488ab55','super','192.168.10.1','2015-03-03 19:31:36','wholeSale','index','',2),('54f5a6488ab55','super','192.168.10.1','2015-03-03 19:32:01','wholeSale','index','',2),('54f5a6488ab55','super','192.168.10.1','2015-03-03 19:32:14','wholeSale','index','',2),('54f5a6488ab55','super','192.168.10.1','2015-03-03 19:32:19','wholeSale','index','',2),('54f5a6488ab55','super','192.168.10.1','2015-03-03 19:32:27','wholeSale','index','',2),('54f5a6488ab55','super','192.168.10.1','2015-03-03 19:32:33','wholeSale','index','',2),('54f5a6488ab55','super','192.168.10.1','2015-03-03 19:32:56','wholeSale','index','',2),('54f5a6488ab55','super','192.168.10.1','2015-03-03 19:32:58','wholeSale','index','',2),('54f5a6488ab55','super','192.168.10.1','2015-03-03 19:33:01','wholeSale','index','',2),('54f5a6488ab55','super','192.168.10.1','2015-03-03 19:33:21','wholeSale','index','',2),('54f5a6488ab55','super','192.168.10.1','2015-03-03 19:33:23','wholeSale','index','',2),('54f5a6488ab55','super','192.168.10.1','2015-03-03 19:33:25','wholeSale','index','',2),('54f5a6488ab55','super','192.168.10.1','2015-03-03 19:33:31','wholeSale','index','',2),('54f5a6488ab55','super','192.168.10.1','2015-03-03 19:33:39','wholeSale','index','',2),('54f5a6488ab55','super','192.168.10.1','2015-03-03 19:33:51','wholeSale','index','',2),('54f5a6488ab55','super','192.168.10.1','2015-03-03 19:34:00','wholeSale','index','',2),('54f5a6488ab55','super','192.168.10.1','2015-03-03 19:34:35','wholeSale','index','',2),('54f5a27f158c4','super','192.168.10.1','2015-03-03 19:34:39','wholeSale','index','',2),('54f5a27f158c4','super','192.168.10.1','2015-03-03 19:34:42','wholeSale','index','',2),('54f5a27f158c4','super','192.168.10.1','2015-03-03 19:34:44','wholeSale','index','',2),('54f5a6488ab55','super','192.168.10.1','2015-03-03 19:34:51','wholeSale','index','',2),('54f5a6488ab55','super','192.168.10.1','2015-03-03 19:56:15','wholeSale','index','',2),('','Guest','192.168.10.1','2015-03-04 03:18:57','site','index','',0),('54f61735754c5','super','192.168.10.1','2015-03-04 03:19:02','dashboard','view','',2),('54f61735754c5','super','192.168.10.1','2015-03-04 03:19:07','wholeSale','index','',2),('54f61735754c5','super','192.168.10.1','2015-03-04 03:19:09','request','suggestItem','',2),('54f61735754c5','super','192.168.10.1','2015-03-04 03:19:10','wholeSale','add','',2),('54f61735754c5','super','192.168.10.1','2015-03-04 03:19:10','request','suggestItem','',2),('54f61735754c5','super','192.168.10.1','2015-03-04 03:19:11','wholeSale','add','',2),('54f61735754c5','super','192.168.10.1','2015-03-04 03:19:12','request','suggestItem','',2),('54f61735754c5','super','192.168.10.1','2015-03-04 03:19:12','request','suggestItem','',2),('54f61735754c5','super','192.168.10.1','2015-03-04 03:19:13','wholeSale','add','',2),('54f61735754c5','super','192.168.10.1','2015-03-04 03:19:13','request','suggestItem','',2),('54f61735754c5','super','192.168.10.1','2015-03-04 03:19:14','wholeSale','add','',2),('54f61735754c5','super','192.168.10.1','2015-03-04 03:19:14','request','suggestItem','',2),('54f61735754c5','super','192.168.10.1','2015-03-04 03:19:15','wholeSale','add','',2),('54f61735754c5','super','192.168.10.1','2015-03-04 03:19:43','request','suggestItem','',2),('54f61735754c5','super','192.168.10.1','2015-03-04 03:19:45','wholeSale','add','',2),('54f61735754c5','super','192.168.10.1','2015-03-04 03:19:46','request','suggestItem','',2),('54f61735754c5','super','192.168.10.1','2015-03-04 03:19:47','wholeSale','add','',2),('54f61735754c5','super','192.168.10.1','2015-03-04 03:19:52','request','suggestItem','',2),('54f61735754c5','super','192.168.10.1','2015-03-04 03:20:02','request','suggestItem','',2),('54f61735754c5','super','192.168.10.1','2015-03-04 03:20:04','request','suggestItem','',2),('','Guest','192.168.10.1','2015-03-04 21:33:36','site','index','',0),('54f717e346dbf','super','192.168.10.1','2015-03-04 21:34:13','dashboard','view','',2),('54f717e346dbf','super','192.168.10.1','2015-03-04 21:35:42','wholeSale','index','',2),('54f717e346dbf','super','192.168.10.1','2015-03-04 21:35:44','request','suggestItem','',2),('54f717e346dbf','super','192.168.10.1','2015-03-04 21:35:45','wholeSale','add','',2),('54f717e346dbf','super','192.168.10.1','2015-03-04 21:35:45','request','suggestItem','',2),('54f717e346dbf','super','192.168.10.1','2015-03-04 21:35:46','wholeSale','add','',2),('54f717e346dbf','super','192.168.10.1','2015-03-04 21:35:47','request','suggestItem','',2),('54f717e346dbf','super','192.168.10.1','2015-03-04 21:35:48','wholeSale','add','',2),('54f717e346dbf','super','192.168.10.1','2015-03-04 22:14:36','wholeSale','index','',2),('54f717e346dbf','super','192.168.10.1','2015-03-04 22:14:39','wholeSale','index','',2),('54f717e346dbf','super','192.168.10.1','2015-03-04 22:20:53','wholeSale','index','',2),('54f717e346dbf','super','192.168.10.1','2015-03-04 22:20:56','wholeSale','index','',2),('54f717e346dbf','super','192.168.10.1','2015-03-04 22:24:46','site','error','',2),('54f717e346dbf','super','192.168.10.1','2015-03-04 22:24:57','wholeSale','index','',2),('54f717e346dbf','super','192.168.10.1','2015-03-04 22:24:59','wholeSale','index','',2),('54f717e346dbf','super','192.168.10.1','2015-03-04 22:25:05','wholeSale','index','',2),('54f717e346dbf','super','192.168.10.1','2015-03-04 22:25:13','wholeSale','index','',2),('','Guest','192.168.10.1','2015-03-04 22:47:59','site','login','',0),('54f7293285a72','super','192.168.10.1','2015-03-04 22:48:03','client','admin','',2),('54f7293285a72','super','192.168.10.1','2015-03-04 22:48:15','client','create','',2),('54f7293285a72','super','192.168.10.1','2015-03-04 22:48:56','client','create','',2),('54f7293285a72','super','192.168.10.1','2015-03-04 22:48:58','client','admin','',2),('54f7293285a72','super','192.168.10.1','2015-03-04 22:49:00','client','create','',2),('54f7293285a72','super','192.168.10.1','2015-03-04 22:49:04','client','create','',2),('54f7293285a72','super','192.168.10.1','2015-03-04 22:50:14','client','admin','',2),('54f7293285a72','super','192.168.10.1','2015-03-04 22:50:17','client','update','',2),('54f7293285a72','super','192.168.10.1','2015-03-04 22:50:24','client','admin','',2),('54f7293285a72','super','192.168.10.1','2015-03-04 22:51:35','client','update','',2),('54f7293285a72','super','192.168.10.1','2015-03-04 22:51:37','client','admin','',2),('54f7293285a72','super','192.168.10.1','2015-03-04 22:57:31','client','create','',2),('54f7293285a72','super','192.168.10.1','2015-03-04 22:57:41','client','create','',2),('54f7293285a72','super','192.168.10.1','2015-03-04 23:13:42','client','create','',2),('54f7293285a72','super','192.168.10.1','2015-03-04 23:13:44','wholeSale','index','',2),('54f7293285a72','super','192.168.10.1','2015-03-04 23:13:46','request','suggestItem','',2),('54f7293285a72','super','192.168.10.1','2015-03-04 23:13:47','wholeSale','add','',2),('54f7293285a72','super','192.168.10.1','2015-03-04 23:13:47','request','suggestItem','',2),('54f7293285a72','super','192.168.10.1','2015-03-04 23:13:48','wholeSale','add','',2),('54f7293285a72','super','192.168.10.1','2015-03-04 23:13:49','request','suggestItem','',2),('54f7293285a72','super','192.168.10.1','2015-03-04 23:13:51','request','suggestItem','',2),('54f7293285a72','super','192.168.10.1','2015-03-04 23:13:52','wholeSale','add','',2),('54f7293285a72','super','192.168.10.1','2015-03-04 23:14:44','wholeSale','index','',2),('54f7293285a72','super','192.168.10.1','2015-03-04 23:14:47','request','suggestClient','',2),('54f7293285a72','super','192.168.10.1','2015-03-04 23:14:49','request','suggestClient','',2),('54f7293285a72','super','192.168.10.1','2015-03-04 23:14:51','request','suggestClient','',2),('54f7293285a72','super','192.168.10.1','2015-03-04 23:14:53','saleItem','selectCustomer','',2),('54f7293285a72','super','192.168.10.1','2015-03-04 23:14:57','saleItem','removeCustomer','',2),('54f7293285a72','super','192.168.10.1','2015-03-04 23:14:58','request','suggestItem','',2),('54f7293285a72','super','192.168.10.1','2015-03-04 23:14:59','saleItem','add','',2),('54f7293285a72','super','192.168.10.1','2015-03-04 23:15:01','request','suggestItem','',2),('54f7293285a72','super','192.168.10.1','2015-03-04 23:15:02','saleItem','add','',2),('54f7293285a72','super','192.168.10.1','2015-03-04 23:15:11','salePayment','index','',2),('54f7293285a72','super','192.168.10.1','2015-03-04 23:15:11','wholeSale','index','',2),('54f7293285a72','super','192.168.10.1','2015-03-04 23:15:13','wholeSale','index','',2),('54f7293285a72','super','192.168.10.1','2015-03-04 23:17:17','wholeSale','index','',2),('54f7293285a72','super','192.168.10.1','2015-03-04 23:17:21','request','suggestClient','',2),('54f7293285a72','super','192.168.10.1','2015-03-04 23:17:21','request','suggestClient','',2),('54f7293285a72','super','192.168.10.1','2015-03-04 23:17:22','request','suggestClient','',2),('54f7293285a72','super','192.168.10.1','2015-03-04 23:17:22','request','suggestClient','',2),('54f7293285a72','super','192.168.10.1','2015-03-04 23:17:23','site','error','',2),('54f7293285a72','super','192.168.10.1','2015-03-04 23:17:32','site','error','',2),('54f7293285a72','super','192.168.10.1','2015-03-04 23:24:05','site','error','',2),('54f7293285a72','super','192.168.10.1','2015-03-04 23:24:18','site','error','',2),('54f7293285a72','super','192.168.10.1','2015-03-04 23:24:23','site','error','',2),('54f7293285a72','super','192.168.10.1','2015-03-04 23:24:45','site','error','',2),('54f7293285a72','super','192.168.10.1','2015-03-04 23:25:29','site','error','',2),('54f7293285a72','super','192.168.10.1','2015-03-04 23:25:45','site','error','',2),('54f7293285a72','super','192.168.10.1','2015-03-04 23:25:50','site','error','',2),('54f7293285a72','super','192.168.10.1','2015-03-04 23:26:23','site','error','',2),('54f7293285a72','super','192.168.10.1','2015-03-04 23:27:13','rbacUser','Update','',2),('','Guest','192.168.10.1','2015-03-04 23:27:16','site','index','',0),('','Guest','192.168.10.1','2015-03-04 23:27:22','site','index','',0),('54f7326f7d710','super','192.168.10.1','2015-03-04 23:27:27','dashboard','view','',2),('54f7326f7d710','super','192.168.10.1','2015-03-04 23:27:29','site','error','',2),('54f7326f7d710','super','192.168.10.1','2015-03-04 23:27:33','site','error','',2),('54f7326f7d710','super','192.168.10.1','2015-03-04 23:28:33','wholeSale','index','',2),('54f7326f7d710','super','192.168.10.1','2015-03-04 23:28:36','request','suggestItem','',2),('54f7326f7d710','super','192.168.10.1','2015-03-04 23:28:36','wholeSale','add','',2),('54f7326f7d710','super','192.168.10.1','2015-03-04 23:28:38','request','suggestItem','',2),('54f7326f7d710','super','192.168.10.1','2015-03-04 23:28:41','request','suggestItem','',2),('54f7326f7d710','super','192.168.10.1','2015-03-04 23:28:42','wholeSale','add','',2),('54f7326f7d710','super','192.168.10.1','2015-03-04 23:28:44','request','suggestClient','',2),('54f7326f7d710','super','192.168.10.1','2015-03-04 23:28:47','site','error','',2),('54f7326f7d710','super','192.168.10.1','2015-03-04 23:29:05','site','error','',2),('54f7326f7d710','super','192.168.10.1','2015-03-04 23:29:54','site','error','',2),('54f7326f7d710','super','192.168.10.1','2015-03-04 23:30:25','site','error','',2),('54f7326f7d710','super','192.168.10.1','2015-03-04 23:30:28','site','error','',2),('54f7326f7d710','super','192.168.10.1','2015-03-04 23:31:08','site','error','',2),('54f7326f7d710','super','192.168.10.1','2015-03-04 23:31:11','site','error','',2),('54f7326f7d710','super','192.168.10.1','2015-03-04 23:31:14','site','error','',2),('54f7326f7d710','super','192.168.10.1','2015-03-04 23:32:29','site','error','',2),('54f7326f7d710','super','192.168.10.1','2015-03-04 23:34:24','site','error','',2),('54f7326f7d710','super','192.168.10.1','2015-03-04 23:36:27','site','error','',2),('54f7326f7d710','super','192.168.10.1','2015-03-04 23:36:55','site','error','',2),('54f7326f7d710','super','192.168.10.1','2015-03-04 23:37:07','site','error','',2),('54f7326f7d710','super','192.168.10.1','2015-03-04 23:37:16','site','error','',2),('54f7326f7d710','super','192.168.10.1','2015-03-04 23:37:26','wholeSale','index','',2),('54f7326f7d710','super','192.168.10.1','2015-03-04 23:37:59','site','error','',2),('54f7326f7d710','super','192.168.10.1','2015-03-04 23:38:34','wholeSale','index','',2),('','Guest','192.168.10.1','2015-03-05 13:36:57','site','login','',0),('54f7f998cda33','super','192.168.10.1','2015-03-05 13:37:15','client','create','',2),('54f7f998cda33','super','192.168.10.1','2015-03-05 13:38:01','item','admin','',2),('54f7f998cda33','super','192.168.10.1','2015-03-05 13:38:04','saleItem','index','',2),('54f7f998cda33','super','192.168.10.1','2015-03-05 13:38:06','request','suggestItem','',2),('54f7f998cda33','super','192.168.10.1','2015-03-05 13:38:07','saleItem','add','',2),('54f7f998cda33','super','192.168.10.1','2015-03-05 13:38:07','request','suggestItem','',2),('54f7f998cda33','super','192.168.10.1','2015-03-05 13:38:08','saleItem','add','',2),('54f7f998cda33','super','192.168.10.1','2015-03-05 13:38:08','request','suggestItem','',2),('54f7f998cda33','super','192.168.10.1','2015-03-05 13:38:09','saleItem','add','',2),('54f7f998cda33','super','192.168.10.1','2015-03-05 13:38:10','request','suggestItem','',2),('54f7f998cda33','super','192.168.10.1','2015-03-05 13:38:11','saleItem','add','',2),('54f7f998cda33','super','192.168.10.1','2015-03-05 13:38:11','request','suggestItem','',2),('54f7f998cda33','super','192.168.10.1','2015-03-05 13:38:12','saleItem','add','',2),('54f7f998cda33','super','192.168.10.1','2015-03-05 13:38:16','request','suggestClient','',2),('54f7f998cda33','super','192.168.10.1','2015-03-05 13:38:17','request','suggestClient','',2),('54f7f998cda33','super','192.168.10.1','2015-03-05 13:38:19','request','suggestClient','',2),('54f7f998cda33','super','192.168.10.1','2015-03-05 13:38:19','request','suggestClient','',2),('54f7f998cda33','super','192.168.10.1','2015-03-05 13:38:19','request','suggestClient','',2),('54f7f998cda33','super','192.168.10.1','2015-03-05 13:38:23','site','error','',2),('54f7f998cda33','super','192.168.10.1','2015-03-05 13:38:26','wholeSale','index','',2),('','Guest','192.168.10.1','2015-03-05 20:02:44','site','index','',0),('54f853fa51ce5','super','192.168.10.1','2015-03-05 20:02:51','dashboard','view','',2),('54f853fa51ce5','super','192.168.10.1','2015-03-05 20:02:56','wholeSale','index','',2),('54f853fa51ce5','super','192.168.10.1','2015-03-05 20:02:59','request','suggestItem','',2),('54f853fa51ce5','super','192.168.10.1','2015-03-05 20:03:00','wholeSale','add','',2),('54f853fa51ce5','super','192.168.10.1','2015-03-05 20:03:00','request','suggestItem','',2),('54f853fa51ce5','super','192.168.10.1','2015-03-05 20:03:02','wholeSale','add','',2),('54f853fa51ce5','super','192.168.10.1','2015-03-05 20:03:02','request','suggestItem','',2),('54f853fa51ce5','super','192.168.10.1','2015-03-05 20:03:04','wholeSale','add','',2),('54f853fa51ce5','super','192.168.10.1','2015-03-05 20:03:04','request','suggestItem','',2),('54f853fa51ce5','super','192.168.10.1','2015-03-05 20:03:05','wholeSale','add','',2),('54f853fa51ce5','super','192.168.10.1','2015-03-05 20:03:06','request','suggestItem','',2),('54f853fa51ce5','super','192.168.10.1','2015-03-05 20:03:07','wholeSale','add','',2),('54f853fa51ce5','super','192.168.10.1','2015-03-05 20:03:09','wholeSale','index','',2),('54f853fa51ce5','super','192.168.10.1','2015-03-05 20:03:17','wholeSale','index','',2),('54f853fa51ce5','super','192.168.10.1','2015-03-05 20:03:21','request','suggestClient','',2),('54f853fa51ce5','super','192.168.10.1','2015-03-05 20:03:21','request','suggestClient','',2),('54f853fa51ce5','super','192.168.10.1','2015-03-05 20:03:21','request','suggestClient','',2),('54f853fa51ce5','super','192.168.10.1','2015-03-05 20:03:22','wholeSale','selectCustomer','',2),('54f853fa51ce5','super','192.168.10.1','2015-03-05 20:03:25','wholeSale','index','',2),('54f853fa51ce5','super','192.168.10.1','2015-03-05 20:03:28','wholeSale','index','',2),('54f853fa51ce5','super','192.168.10.1','2015-03-05 20:03:29','wholeSale','index','',2),('54f853fa51ce5','super','192.168.10.1','2015-03-05 20:03:35','request','suggestClient','',2),('54f853fa51ce5','super','192.168.10.1','2015-03-05 20:03:35','request','suggestClient','',2),('54f853fa51ce5','super','192.168.10.1','2015-03-05 20:03:37','wholeSale','selectCustomer','',2),('54f853fa51ce5','super','192.168.10.1','2015-03-05 20:03:53','wholeSale','index','',2),('54f853fa51ce5','super','192.168.10.1','2015-03-05 20:03:55','wholeSale','index','',2),('54f853fa51ce5','super','192.168.10.1','2015-03-05 20:03:57','wholeSale','index','',2),('54f853fa51ce5','super','192.168.10.1','2015-03-05 20:03:58','wholeSale','index','',2),('54f853fa51ce5','super','192.168.10.1','2015-03-05 20:04:00','wholeSale','index','',2),('54f853fa51ce5','super','192.168.10.1','2015-03-05 20:04:28','wholeSale','index','',2),('54f853fa51ce5','super','192.168.10.1','2015-03-05 21:01:00','wholeSale','index','',2),('','Guest','192.168.10.1','2015-03-05 21:04:23','site','login','',0),('54f8626c85eb6','super','192.168.10.1','2015-03-05 21:04:28','wholeSale','index','',2),('54f8626c85eb6','super','192.168.10.1','2015-03-05 21:04:30','request','suggestItem','',2),('54f8626c85eb6','super','192.168.10.1','2015-03-05 21:04:31','wholeSale','add','',2),('54f8626c85eb6','super','192.168.10.1','2015-03-05 21:04:32','request','suggestItem','',2),('54f8626c85eb6','super','192.168.10.1','2015-03-05 21:04:32','wholeSale','add','',2),('54f8626c85eb6','super','192.168.10.1','2015-03-05 21:04:34','request','suggestClient','',2),('54f8626c85eb6','super','192.168.10.1','2015-03-05 21:04:34','request','suggestClient','',2),('54f8626c85eb6','super','192.168.10.1','2015-03-05 21:04:34','request','suggestClient','',2),('54f8626c85eb6','super','192.168.10.1','2015-03-05 21:04:35','wholeSale','selectCustomer','',2),('54f8626c85eb6','super','192.168.10.1','2015-03-05 21:05:00','wholeSale','index','',2),('54f8626c85eb6','super','192.168.10.1','2015-03-05 21:07:55','wholeSale','index','',2),('54f8626c85eb6','super','192.168.10.1','2015-03-05 21:28:05','wholeSale','index','',2),('','Guest','192.168.10.1','2015-03-06 00:02:20','site','login','',0),('54f88c2c1fc2f','super','192.168.10.1','2015-03-06 00:02:36','wholeSale','index','',2),('54f88c2c1fc2f','super','192.168.10.1','2015-03-06 00:02:38','request','suggestItem','',2),('54f88c2c1fc2f','super','192.168.10.1','2015-03-06 00:02:39','wholeSale','add','',2),('54f88c2c1fc2f','super','192.168.10.1','2015-03-06 00:02:40','request','suggestClient','',2),('54f88c2c1fc2f','super','192.168.10.1','2015-03-06 00:02:40','request','suggestClient','',2),('54f88c2c1fc2f','super','192.168.10.1','2015-03-06 00:02:40','request','suggestClient','',2),('54f88c2c1fc2f','super','192.168.10.1','2015-03-06 00:02:41','site','error','',2),('54f88c2c1fc2f','super','192.168.10.1','2015-03-06 00:02:43','wholeSale','index','',2),('54f88c2c1fc2f','super','192.168.10.1','2015-03-06 00:02:46','request','suggestClient','',2),('54f88c2c1fc2f','super','192.168.10.1','2015-03-06 00:02:46','request','suggestClient','',2),('54f88c2c1fc2f','super','192.168.10.1','2015-03-06 00:02:46','request','suggestClient','',2),('54f88c2c1fc2f','super','192.168.10.1','2015-03-06 00:02:47','wholeSale','selectCustomer','',2),('54f88c2c1fc2f','super','192.168.10.1','2015-03-06 00:03:13','wholeSale','index','',2),('54f88c2c1fc2f','super','192.168.10.1','2015-03-06 00:04:22','wholeSale','index','',2),('54f88c2c1fc2f','super','192.168.10.1','2015-03-06 00:04:58','wholeSale','index','',2),('54f88c2c1fc2f','super','192.168.10.1','2015-03-06 00:05:21','site','error','',2),('54f88c2c1fc2f','super','192.168.10.1','2015-03-06 00:05:59','wholeSale','index','',2),('54f88c2c1fc2f','super','192.168.10.1','2015-03-06 00:07:28','wholeSale','index','',2),('54f88c2c1fc2f','super','192.168.10.1','2015-03-06 00:07:35','wholeSale','index','',2),('54f88c2c1fc2f','super','192.168.10.1','2015-03-06 00:07:40','wholeSale','removeCustomer','',2),('54f88c2c1fc2f','super','192.168.10.1','2015-03-06 00:07:42','request','suggestClient','',2),('54f88c2c1fc2f','super','192.168.10.1','2015-03-06 00:07:42','request','suggestClient','',2),('54f88c2c1fc2f','super','192.168.10.1','2015-03-06 00:07:42','request','suggestClient','',2),('54f88c2c1fc2f','super','192.168.10.1','2015-03-06 00:07:42','request','suggestClient','',2),('54f88c2c1fc2f','super','192.168.10.1','2015-03-06 00:07:43','request','suggestClient','',2),('54f88c2c1fc2f','super','192.168.10.1','2015-03-06 00:07:43','request','suggestClient','',2),('54f88c2c1fc2f','super','192.168.10.1','2015-03-06 00:07:43','request','suggestClient','',2),('54f88c2c1fc2f','super','192.168.10.1','2015-03-06 00:07:44','request','suggestClient','',2),('54f88c2c1fc2f','super','192.168.10.1','2015-03-06 00:07:44','request','suggestClient','',2),('54f88c2c1fc2f','super','192.168.10.1','2015-03-06 00:07:44','request','suggestClient','',2),('54f88c2c1fc2f','super','192.168.10.1','2015-03-06 00:07:45','site','error','',2),('54f88c2c1fc2f','super','192.168.10.1','2015-03-06 00:07:47','wholeSale','index','',2),('54f88c2c1fc2f','super','192.168.10.1','2015-03-06 00:07:51','request','suggestClient','',2),('54f88c2c1fc2f','super','192.168.10.1','2015-03-06 00:07:51','request','suggestClient','',2),('54f88c2c1fc2f','super','192.168.10.1','2015-03-06 00:07:51','request','suggestClient','',2),('54f88c2c1fc2f','super','192.168.10.1','2015-03-06 00:07:54','site','error','',2),('','Guest','192.168.10.1','2015-03-06 00:07:57','site','index','',0),('54f88d7687630','super','192.168.10.1','2015-03-06 00:08:07','dashboard','view','',2),('54f88d7687630','super','192.168.10.1','2015-03-06 00:08:10','saleItem','index','',2),('','Guest','192.168.10.1','2015-03-06 00:08:15','site','index','',0),('','Guest','192.168.10.1','2015-03-06 00:09:46','site','index','',0),('54f88ddd98043','super','192.168.10.1','2015-03-06 00:09:49','dashboard','view','',2),('54f88ddd98043','super','192.168.10.1','2015-03-06 00:09:51','wholeSale','index','',2),('54f88ddd98043','super','192.168.10.1','2015-03-06 00:09:52','request','suggestItem','',2),('54f88ddd98043','super','192.168.10.1','2015-03-06 00:09:53','wholeSale','add','',2),('54f88ddd98043','super','192.168.10.1','2015-03-06 00:09:54','request','suggestItem','',2),('54f88ddd98043','super','192.168.10.1','2015-03-06 00:09:54','wholeSale','add','',2),('54f88ddd98043','super','192.168.10.1','2015-03-06 00:09:56','request','suggestClient','',2),('54f88ddd98043','super','192.168.10.1','2015-03-06 00:09:56','request','suggestClient','',2),('54f88ddd98043','super','192.168.10.1','2015-03-06 00:09:56','request','suggestClient','',2),('54f88ddd98043','super','192.168.10.1','2015-03-06 00:09:56','wholeSale','selectCustomer','',2),('54f88ddd98043','super','192.168.10.1','2015-03-06 00:11:25','wholeSale','index','',2),('54f88ddd98043','super','192.168.10.1','2015-03-06 00:11:26','request','suggestItem','',2),('54f88ddd98043','super','192.168.10.1','2015-03-06 00:11:27','wholeSale','add','',2),('54f88ddd98043','super','192.168.10.1','2015-03-06 00:11:28','request','suggestItem','',2),('54f88ddd98043','super','192.168.10.1','2015-03-06 00:11:29','wholeSale','add','',2),('54f88ddd98043','super','192.168.10.1','2015-03-06 00:11:30','request','suggestItem','',2),('54f88ddd98043','super','192.168.10.1','2015-03-06 00:11:31','wholeSale','add','',2),('54f88ddd98043','super','192.168.10.1','2015-03-06 00:11:32','request','suggestItem','',2),('54f88ddd98043','super','192.168.10.1','2015-03-06 00:11:36','request','suggestItem','',2),('54f88ddd98043','super','192.168.10.1','2015-03-06 00:21:21','saleItem','cancelSale','',2),('54f88ddd98043','super','192.168.10.1','2015-03-06 00:21:24','request','suggestItem','',2),('54f88ddd98043','super','192.168.10.1','2015-03-06 00:21:24','saleItem','add','',2),('54f88ddd98043','super','192.168.10.1','2015-03-06 00:21:25','request','suggestItem','',2),('54f88ddd98043','super','192.168.10.1','2015-03-06 00:21:27','request','suggestItem','',2),('54f88ddd98043','super','192.168.10.1','2015-03-06 00:21:28','saleItem','add','',2),('54f88ddd98043','super','192.168.10.1','2015-03-06 00:21:29','request','suggestClient','',2),('54f88ddd98043','super','192.168.10.1','2015-03-06 00:21:29','request','suggestClient','',2),('54f88ddd98043','super','192.168.10.1','2015-03-06 00:21:29','request','suggestClient','',2),('54f88ddd98043','super','192.168.10.1','2015-03-06 00:21:36','wholeSale','index','',2),('54f88ddd98043','super','192.168.10.1','2015-03-06 00:21:43','saleItem','cancelSale','',2),('54f88ddd98043','super','192.168.10.1','2015-03-06 00:21:55','wholeSale','index','',2),('54f88ddd98043','super','192.168.10.1','2015-03-06 00:22:32','wholeSale','index','',2),('54f88ddd98043','super','192.168.10.1','2015-03-06 00:22:36','wholeSale','cancelSale','',2),('54f88ddd98043','super','192.168.10.1','2015-03-06 00:22:40','wholeSale','index','',2),('54f88ddd98043','super','192.168.10.1','2015-03-06 00:22:46','wholeSale','cancelSale','',2),('54f88ddd98043','super','192.168.10.1','2015-03-06 00:23:21','wholeSale','index','',2),('54f88ddd98043','super','192.168.10.1','2015-03-06 00:23:48','wholeSale','index','',2),('54f88ddd98043','super','192.168.10.1','2015-03-06 00:23:52','wholeSale','cancelSale','',2),('54f88ddd98043','super','192.168.10.1','2015-03-06 00:23:53','request','suggestItem','',2),('54f88ddd98043','super','192.168.10.1','2015-03-06 00:23:54','wholeSale','add','',2),('54f88ddd98043','super','192.168.10.1','2015-03-06 00:24:19','request','suggestItem','',2),('54f88ddd98043','super','192.168.10.1','2015-03-06 00:24:20','wholeSale','add','',2),('54f88ddd98043','super','192.168.10.1','2015-03-06 00:24:21','request','suggestItem','',2),('54f88ddd98043','super','192.168.10.1','2015-03-06 00:24:21','wholeSale','add','',2),('54f88ddd98043','super','192.168.10.1','2015-03-06 00:24:22','request','suggestItem','',2),('54f88ddd98043','super','192.168.10.1','2015-03-06 00:24:23','wholeSale','add','',2),('54f88ddd98043','super','192.168.10.1','2015-03-06 00:24:31','request','suggestClient','',2),('54f88ddd98043','super','192.168.10.1','2015-03-06 00:24:31','request','suggestClient','',2),('54f88ddd98043','super','192.168.10.1','2015-03-06 00:24:31','request','suggestClient','',2),('54f88ddd98043','super','192.168.10.1','2015-03-06 00:24:32','wholeSale','selectCustomer','',2),('54f88ddd98043','super','192.168.10.1','2015-03-06 00:35:12','wholeSale','index','',2),('54f88ddd98043','super','192.168.10.1','2015-03-06 00:39:18','saleItem','AddPayment','',2),('54f88ddd98043','super','192.168.10.1','2015-03-06 00:39:21','wholeSale','index','',2),('54f88ddd98043','super','192.168.10.1','2015-03-06 00:39:30','saleItem','AddPayment','',2),('54f88ddd98043','super','192.168.10.1','2015-03-06 00:39:35','wholeSale','index','',2),('54f88ddd98043','super','192.168.10.1','2015-03-06 00:40:55','saleItem','AddPayment','',2),('54f88ddd98043','super','192.168.10.1','2015-03-06 00:40:58','wholeSale','index','',2),('54f88ddd98043','super','192.168.10.1','2015-03-06 00:41:01','wholeSale','AddPayment','',2),('54f88ddd98043','super','192.168.10.1','2015-03-06 00:41:53','saleItem','index','',2),('54f88ddd98043','super','192.168.10.1','2015-03-06 00:41:56','salePayment','index','',2),('54f88ddd98043','super','192.168.10.1','2015-03-06 00:41:57','wholeSale','index','',2),('54f88ddd98043','super','192.168.10.1','2015-03-06 00:42:03','saleItem','index','',2),('54f88ddd98043','super','192.168.10.1','2015-03-06 00:42:06','wholeSale','index','',2),('54f88ddd98043','super','192.168.10.1','2015-03-06 00:43:11','wholeSale','index','',2),('54f88ddd98043','super','192.168.10.1','2015-03-06 00:43:15','site','error','',2),('54f88ddd98043','super','192.168.10.1','2015-03-06 00:43:19','wholeSale','index','',2),('54f88ddd98043','super','192.168.10.1','2015-03-06 00:44:36','wholeSale','index','',2),('54f88ddd98043','super','192.168.10.1','2015-03-06 00:44:40','wholeSale','completeSale','',2),('54f88ddd98043','super','192.168.10.1','2015-03-06 00:44:42','wholeSale','index','',2),('54f88ddd98043','super','192.168.10.1','2015-03-06 00:44:44','wholeSale','index','',2),('54f88ddd98043','super','192.168.10.1','2015-03-06 00:44:58','wholeSale','index','',2),('54f88ddd98043','super','192.168.10.1','2015-03-06 00:46:49','wholeSale','index','',2),('54f88ddd98043','super','192.168.10.1','2015-03-06 00:46:53','site','error','',2),('54f88ddd98043','super','192.168.10.1','2015-03-06 00:46:59','wholeSale','index','',2),('54f88ddd98043','super','192.168.10.1','2015-03-06 01:02:58','wholeSale','index','',2),('54f88ddd98043','super','192.168.10.1','2015-03-06 01:03:36','site','error','',2),('54f88ddd98043','super','192.168.10.1','2015-03-06 01:03:41','wholeSale','index','',2),('54f88ddd98043','super','192.168.10.1','2015-03-06 01:05:02','wholeSale','index','',2),('54f88ddd98043','super','192.168.10.1','2015-03-06 01:09:11','wholeSale','index','',2),('54f88ddd98043','super','192.168.10.1','2015-03-06 01:09:15','wholeSale','index','',2),('54f88ddd98043','super','192.168.10.1','2015-03-06 01:09:21','wholeSale','index','',2),('54f88ddd98043','super','192.168.10.1','2015-03-06 01:09:26','wholeSale','index','',2),('54f88ddd98043','super','192.168.10.1','2015-03-06 01:09:28','wholeSale','index','',2),('54f88ddd98043','super','192.168.10.1','2015-03-06 01:09:30','wholeSale','index','',2),('54f88ddd98043','super','192.168.10.1','2015-03-06 01:30:17','wholeSale','index','',2),('','Guest','192.168.10.1','2015-03-06 12:30:40','site','index','',0),('54f93b893e6fa','super','192.168.10.1','2015-03-06 12:30:52','dashboard','view','',2),('54f93b893e6fa','super','192.168.10.1','2015-03-06 12:31:01','wholeSale','index','',2),('54f93b893e6fa','super','192.168.10.1','2015-03-06 12:31:04','request','suggestItem','',2),('54f93b893e6fa','super','192.168.10.1','2015-03-06 12:31:04','wholeSale','add','',2),('54f93b893e6fa','super','192.168.10.1','2015-03-06 12:31:05','request','suggestItem','',2),('54f93b893e6fa','super','192.168.10.1','2015-03-06 12:31:06','wholeSale','add','',2),('54f93b893e6fa','super','192.168.10.1','2015-03-06 12:31:06','request','suggestItem','',2),('54f93b893e6fa','super','192.168.10.1','2015-03-06 12:31:07','wholeSale','add','',2),('54f93b893e6fa','super','192.168.10.1','2015-03-06 12:31:07','request','suggestItem','',2),('54f93b893e6fa','super','192.168.10.1','2015-03-06 12:31:08','wholeSale','add','',2),('54f93b893e6fa','super','192.168.10.1','2015-03-06 12:31:09','request','suggestItem','',2),('54f93b893e6fa','super','192.168.10.1','2015-03-06 12:31:12','request','suggestItem','',2),('54f93b893e6fa','super','192.168.10.1','2015-03-06 12:31:12','wholeSale','add','',2),('54f93b893e6fa','super','192.168.10.1','2015-03-06 12:31:13','request','suggestItem','',2),('54f93b893e6fa','super','192.168.10.1','2015-03-06 12:31:14','wholeSale','add','',2),('54f93b893e6fa','super','192.168.10.1','2015-03-06 12:31:14','request','suggestItem','',2),('54f93b893e6fa','super','192.168.10.1','2015-03-06 12:31:15','wholeSale','add','',2),('54f93b893e6fa','super','192.168.10.1','2015-03-06 12:31:15','request','suggestItem','',2),('54f93b893e6fa','super','192.168.10.1','2015-03-06 12:31:16','wholeSale','add','',2),('54f93b893e6fa','super','192.168.10.1','2015-03-06 12:39:08','wholeSale','index','',2),('54f93b893e6fa','super','192.168.10.1','2015-03-06 12:44:08','request','suggestClient','',2),('54f93b893e6fa','super','192.168.10.1','2015-03-06 12:44:08','request','suggestClient','',2),('54f93b893e6fa','super','192.168.10.1','2015-03-06 12:44:08','request','suggestClient','',2),('54f93b893e6fa','super','192.168.10.1','2015-03-06 12:44:09','wholeSale','selectCustomer','',2),('54f93b893e6fa','super','192.168.10.1','2015-03-06 12:44:12','saleItem','AddPayment','',2),('54f93b893e6fa','super','192.168.10.1','2015-03-06 12:44:16','wholeSale','index','',2),('54f93b893e6fa','super','192.168.10.1','2015-03-06 12:44:19','wholeSale','AddPayment','',2),('54f93b893e6fa','super','192.168.10.1','2015-03-06 12:44:22','wholeSale','completeSale','',2),('54f93b893e6fa','super','192.168.10.1','2015-03-06 12:44:25','wholeSale','completeSale','',2),('54f93b893e6fa','super','192.168.10.1','2015-03-06 12:44:29','wholeSale','completeSale','',2),('54f93b893e6fa','super','192.168.10.1','2015-03-06 12:45:24','site','error','',2),('54f93b893e6fa','super','192.168.10.1','2015-03-06 12:46:50','site','error','',2),('54f93b893e6fa','super','192.168.10.1','2015-03-06 12:47:19','site','error','',2),('54f93b893e6fa','super','192.168.10.1','2015-03-06 12:47:30','site','error','',2),('54f93b893e6fa','super','192.168.10.1','2015-03-06 12:47:33','site','error','',2),('54f93b893e6fa','super','192.168.10.1','2015-03-06 12:47:49','site','error','',2),('54f93b893e6fa','super','192.168.10.1','2015-03-06 12:48:04','wholeSale','completeSale','',2),('54f93b893e6fa','super','192.168.10.1','2015-03-06 12:48:43','wholeSale','completeSale','',2),('54f93b893e6fa','super','192.168.10.1','2015-03-06 12:50:08','wholeSale','completeSale','',2),('54f93b893e6fa','super','192.168.10.1','2015-03-06 12:50:09','wholeSale','completeSale','',2),('54f93b893e6fa','super','192.168.10.1','2015-03-06 12:50:10','wholeSale','completeSale','',2),('54f93b893e6fa','super','192.168.10.1','2015-03-06 12:50:46','wholeSale','completeSale','',2),('54f93b893e6fa','super','192.168.10.1','2015-03-06 12:52:02','wholeSale','completeSale','',2),('54f93b893e6fa','super','192.168.10.1','2015-03-06 12:52:34','wholeSale','completeSale','',2),('54f93b893e6fa','super','192.168.10.1','2015-03-06 12:55:54','wholeSale','completeSale','',2),('54f93b893e6fa','super','192.168.10.1','2015-03-06 12:55:56','wholeSale','completeSale','',2),('54f93b893e6fa','super','192.168.10.1','2015-03-06 12:55:57','wholeSale','completeSale','',2),('54f93b893e6fa','super','192.168.10.1','2015-03-06 12:56:22','site','error','',2),('54f93b893e6fa','super','192.168.10.1','2015-03-06 12:56:34','wholeSale','completeSale','',2),('54f93b893e6fa','super','192.168.10.1','2015-03-06 12:57:36','wholeSale','completeSale','',2),('54f93b893e6fa','super','192.168.10.1','2015-03-06 12:57:37','saleItem','index','',2),('54f93b893e6fa','super','192.168.10.1','2015-03-06 12:57:40','wholeSale','index','',2),('54f93b893e6fa','super','192.168.10.1','2015-03-06 12:57:41','request','suggestItem','',2),('54f93b893e6fa','super','192.168.10.1','2015-03-06 12:57:42','wholeSale','add','',2),('54f93b893e6fa','super','192.168.10.1','2015-03-06 12:57:42','request','suggestItem','',2),('54f93b893e6fa','super','192.168.10.1','2015-03-06 12:57:43','wholeSale','add','',2),('54f93b893e6fa','super','192.168.10.1','2015-03-06 12:57:44','request','suggestItem','',2),('54f93b893e6fa','super','192.168.10.1','2015-03-06 12:57:45','wholeSale','add','',2),('54f93b893e6fa','super','192.168.10.1','2015-03-06 12:57:46','request','suggestItem','',2),('54f93b893e6fa','super','192.168.10.1','2015-03-06 12:57:47','wholeSale','add','',2),('54f93b893e6fa','super','192.168.10.1','2015-03-06 12:57:53','wholeSale','index','',2),('54f93b893e6fa','super','192.168.10.1','2015-03-06 12:57:56','request','suggestClient','',2),('54f93b893e6fa','super','192.168.10.1','2015-03-06 12:57:56','request','suggestClient','',2),('54f93b893e6fa','super','192.168.10.1','2015-03-06 12:57:56','request','suggestClient','',2),('54f93b893e6fa','super','192.168.10.1','2015-03-06 12:57:57','wholeSale','selectCustomer','',2),('54f93b893e6fa','super','192.168.10.1','2015-03-06 12:58:01','wholeSale','completeSale','',2),('54f93b893e6fa','super','192.168.10.1','2015-03-06 13:01:33','saleItem','index','',2),('54f93b893e6fa','super','192.168.10.1','2015-03-06 13:01:35','wholeSale','index','',2),('54f93b893e6fa','super','192.168.10.1','2015-03-06 13:01:45','request','suggestItem','',2),('54f93b893e6fa','super','192.168.10.1','2015-03-06 13:01:46','wholeSale','add','',2),('54f93b893e6fa','super','192.168.10.1','2015-03-06 13:01:46','request','suggestItem','',2),('54f93b893e6fa','super','192.168.10.1','2015-03-06 13:01:47','wholeSale','add','',2),('54f93b893e6fa','super','192.168.10.1','2015-03-06 13:01:47','request','suggestItem','',2),('54f93b893e6fa','super','192.168.10.1','2015-03-06 13:01:48','wholeSale','add','',2),('54f93b893e6fa','super','192.168.10.1','2015-03-06 13:01:52','request','suggestClient','',2),('54f93b893e6fa','super','192.168.10.1','2015-03-06 13:01:52','request','suggestClient','',2),('54f93b893e6fa','super','192.168.10.1','2015-03-06 13:01:52','request','suggestClient','',2),('54f93b893e6fa','super','192.168.10.1','2015-03-06 13:01:53','wholeSale','selectCustomer','',2),('54f93b893e6fa','super','192.168.10.1','2015-03-06 13:01:56','wholeSale','completeSale','',2),('54f93b893e6fa','super','192.168.10.1','2015-03-06 13:46:55','wholeSale','completeSale','',2),('54f93b893e6fa','super','192.168.10.1','2015-03-06 13:47:56','wholeSale','completeSale','',2),('54f93b893e6fa','super','192.168.10.1','2015-03-06 13:49:19','wholeSale','completeSale','',2),('54f93b893e6fa','super','192.168.10.1','2015-03-06 13:49:20','wholeSale','completeSale','',2),('54f93b893e6fa','super','192.168.10.1','2015-03-06 13:49:22','wholeSale','completeSale','',2),('54f93b893e6fa','super','192.168.10.1','2015-03-06 13:49:34','wholeSale','completeSale','',2),('54f93b893e6fa','super','192.168.10.1','2015-03-06 13:50:08','wholeSale','completeSale','',2),('54f93b893e6fa','super','192.168.10.1','2015-03-06 13:50:10','wholeSale','completeSale','',2),('54f93b893e6fa','super','192.168.10.1','2015-03-06 13:50:57','wholeSale','completeSale','',2),('54f93b893e6fa','super','192.168.10.1','2015-03-06 13:51:12','wholeSale','completeSale','',2),('54f93b893e6fa','super','192.168.10.1','2015-03-06 13:53:31','site','error','',2),('54f93b893e6fa','super','192.168.10.1','2015-03-06 13:53:49','wholeSale','completeSale','',2),('54f93b893e6fa','super','192.168.10.1','2015-03-06 13:56:08','wholeSale','completeSale','',2),('54f93b893e6fa','super','192.168.10.1','2015-03-06 13:57:50','wholeSale','index','',2),('54f93b893e6fa','super','192.168.10.1','2015-03-06 13:57:52','wholeSale','cancelSale','',2),('54f93b893e6fa','super','192.168.10.1','2015-03-06 13:57:55','request','suggestItem','',2),('54f93b893e6fa','super','192.168.10.1','2015-03-06 13:57:56','wholeSale','add','',2),('54f93b893e6fa','super','192.168.10.1','2015-03-06 13:57:57','request','suggestItem','',2),('54f93b893e6fa','super','192.168.10.1','2015-03-06 13:57:58','wholeSale','add','',2),('54f93b893e6fa','super','192.168.10.1','2015-03-06 13:57:58','request','suggestItem','',2),('54f93b893e6fa','super','192.168.10.1','2015-03-06 13:57:59','wholeSale','add','',2),('54f93b893e6fa','super','192.168.10.1','2015-03-06 13:57:59','request','suggestItem','',2),('54f93b893e6fa','super','192.168.10.1','2015-03-06 13:58:00','wholeSale','add','',2),('54f93b893e6fa','super','192.168.10.1','2015-03-06 13:58:02','request','suggestClient','',2),('54f93b893e6fa','super','192.168.10.1','2015-03-06 13:58:02','request','suggestClient','',2),('54f93b893e6fa','super','192.168.10.1','2015-03-06 13:58:02','request','suggestClient','',2),('54f93b893e6fa','super','192.168.10.1','2015-03-06 13:58:03','wholeSale','selectCustomer','',2),('54f93b893e6fa','super','192.168.10.1','2015-03-06 14:01:57','wholeSale','completeSale','',2),('54f93b893e6fa','super','192.168.10.1','2015-03-06 14:05:29','saleItem','index','',2),('','Guest','192.168.10.1','2015-03-06 18:29:37','site','index','',0),('','Guest','192.168.10.1','2015-03-06 18:29:41','site','index','',0),('54f98fa9130ad','super','192.168.10.1','2015-03-06 18:29:45','dashboard','view','',2),('54f98fa9130ad','super','192.168.10.1','2015-03-06 18:29:52','wholeSale','index','',2),('54f98fa9130ad','super','192.168.10.1','2015-03-06 18:29:53','request','suggestItem','',2),('54f98fa9130ad','super','192.168.10.1','2015-03-06 18:29:54','wholeSale','add','',2),('54f98fa9130ad','super','192.168.10.1','2015-03-06 18:29:54','request','suggestItem','',2),('54f98fa9130ad','super','192.168.10.1','2015-03-06 18:29:55','wholeSale','add','',2),('54f98fa9130ad','super','192.168.10.1','2015-03-06 18:29:55','request','suggestItem','',2),('54f98fa9130ad','super','192.168.10.1','2015-03-06 18:29:56','wholeSale','add','',2),('54f98fa9130ad','super','192.168.10.1','2015-03-06 18:29:56','request','suggestItem','',2),('54f98fa9130ad','super','192.168.10.1','2015-03-06 18:29:57','wholeSale','add','',2),('54f98fa9130ad','super','192.168.10.1','2015-03-06 18:30:06','request','suggestClient','',2),('54f98fa9130ad','super','192.168.10.1','2015-03-06 18:30:06','request','suggestClient','',2),('54f98fa9130ad','super','192.168.10.1','2015-03-06 18:30:06','request','suggestClient','',2),('54f98fa9130ad','super','192.168.10.1','2015-03-06 18:30:08','wholeSale','selectCustomer','',2),('54f98fa9130ad','super','192.168.10.1','2015-03-06 18:30:10','saleItem','AddPayment','',2),('54f98fa9130ad','super','192.168.10.1','2015-03-06 18:30:12','wholeSale','index','',2),('54f98fa9130ad','super','192.168.10.1','2015-03-06 18:37:54','wholeSale','index','',2),('54f98fa9130ad','super','192.168.10.1','2015-03-06 18:38:13','wholeSale','DeleteItem','',2),('54f98fa9130ad','super','192.168.10.1','2015-03-06 18:38:32','wholeSale','index','',2),('54f98fa9130ad','super','192.168.10.1','2015-03-06 18:38:35','wholeSale','AddPayment','',2),('54f98fa9130ad','super','192.168.10.1','2015-03-06 18:38:37','wholeSale','completeSale','',2),('54f98fa9130ad','super','192.168.10.1','2015-03-06 18:39:45','wholeSale','index','',2),('54f98fa9130ad','super','192.168.10.1','2015-03-06 18:42:24','wholeSale','index','',2),('','Guest','192.168.10.1','2015-03-07 10:24:35','site','index','',0),('54fa6f798bd3d','super','192.168.10.1','2015-03-07 10:24:43','dashboard','view','',2),('54fa6f798bd3d','super','192.168.10.1','2015-03-07 10:24:47','wholeSale','index','',2),('54fa6f798bd3d','super','192.168.10.1','2015-03-07 10:24:49','request','suggestItem','',2),('54fa6f798bd3d','super','192.168.10.1','2015-03-07 10:24:49','wholeSale','add','',2),('54fa6f798bd3d','super','192.168.10.1','2015-03-07 10:24:50','request','suggestItem','',2),('54fa6f798bd3d','super','192.168.10.1','2015-03-07 10:24:50','wholeSale','add','',2),('54fa6f798bd3d','super','192.168.10.1','2015-03-07 10:24:53','wholeSale','AddPayment','',2),('54fa6f798bd3d','super','192.168.10.1','2015-03-07 10:24:58','wholeSale','completeSale','',2),('54fa6f798bd3d','super','192.168.10.1','2015-03-07 10:25:01','request','suggestClient','',2),('54fa6f798bd3d','super','192.168.10.1','2015-03-07 10:25:01','request','suggestClient','',2),('54fa6f798bd3d','super','192.168.10.1','2015-03-07 10:25:02','request','suggestClient','',2),('54fa6f798bd3d','super','192.168.10.1','2015-03-07 10:25:02','request','suggestClient','',2),('54fa6f798bd3d','super','192.168.10.1','2015-03-07 10:25:02','request','suggestClient','',2),('54fa6f798bd3d','super','192.168.10.1','2015-03-07 10:25:03','wholeSale','selectCustomer','',2),('54fa6f798bd3d','super','192.168.10.1','2015-03-07 10:25:27','wholeSale','completeSale','',2),('54fa6f798bd3d','super','192.168.10.1','2015-03-07 10:25:30','wholeSale','completeSale','',2),('54fa6f798bd3d','super','192.168.10.1','2015-03-07 10:25:33','wholeSale','completeSale','',2),('54fa6f798bd3d','super','192.168.10.1','2015-03-07 10:25:40','wholeSale','completeSale','',2),('54fa6f798bd3d','super','192.168.10.1','2015-03-07 10:25:41','wholeSale','completeSale','',2),('54fa6f798bd3d','super','192.168.10.1','2015-03-07 10:27:20','wholeSale','index','',2),('54fa6f798bd3d','super','192.168.10.1','2015-03-07 10:27:30','wholeSale','completeSale','',2),('54fa6f798bd3d','super','192.168.10.1','2015-03-07 10:27:37','wholeSale','index','',2),('54fa6f798bd3d','super','192.168.10.1','2015-03-07 10:30:40','request','suggestClient','',2),('54fa6f798bd3d','super','192.168.10.1','2015-03-07 10:30:40','request','suggestClient','',2),('54fa6f798bd3d','super','192.168.10.1','2015-03-07 10:30:40','request','suggestClient','',2),('54fa6f798bd3d','super','192.168.10.1','2015-03-07 10:30:41','wholeSale','selectCustomer','',2),('54fa6f798bd3d','super','192.168.10.1','2015-03-07 10:50:14','request','suggestItem','',2),('54fa6f798bd3d','super','192.168.10.1','2015-03-07 10:50:15','wholeSale','add','',2),('54fa6f798bd3d','super','192.168.10.1','2015-03-07 10:50:27','wholeSale','completeSale','',2),('54fa6f798bd3d','super','192.168.10.1','2015-03-07 10:50:33','wholeSale','index','',2),('54fa6f798bd3d','super','192.168.10.1','2015-03-07 10:50:37','request','suggestClient','',2),('54fa6f798bd3d','super','192.168.10.1','2015-03-07 10:50:37','request','suggestClient','',2),('54fa6f798bd3d','super','192.168.10.1','2015-03-07 10:50:37','request','suggestClient','',2),('54fa6f798bd3d','super','192.168.10.1','2015-03-07 10:50:38','wholeSale','selectCustomer','',2),('54fa6f798bd3d','super','192.168.10.1','2015-03-07 10:50:52','site','error','',2),('54fa6f798bd3d','super','192.168.10.1','2015-03-07 10:51:03','wholeSale','index','',2),('54fa6f798bd3d','super','192.168.10.1','2015-03-07 10:51:07','site','error','',2),('54fa6f798bd3d','super','192.168.10.1','2015-03-07 10:51:14','site','error','',2),('54fa6f798bd3d','super','192.168.10.1','2015-03-07 10:51:17','site','error','',2),('54fa6f798bd3d','super','192.168.10.1','2015-03-07 10:51:21','employee','admin','',2),('54fa6f798bd3d','super','192.168.10.1','2015-03-07 10:51:23','site','error','',2),('54fa6f798bd3d','super','192.168.10.1','2015-03-07 10:52:20','client','admin','',2),('','Guest','192.168.10.1','2015-03-07 18:08:37','site','index','',0),('','Guest','192.168.10.1','2015-03-07 18:54:26','site','index','',0),('54fae6f90fa15','super','192.168.10.1','2015-03-07 18:54:35','dashboard','view','',2),('54fae6f90fa15','super','192.168.10.1','2015-03-07 18:54:42','wholeSale','index','',2),('54fae6f90fa15','super','192.168.10.1','2015-03-07 18:54:44','request','suggestItem','',2),('54fae6f90fa15','super','192.168.10.1','2015-03-07 18:54:45','wholeSale','add','',2),('54fae6f90fa15','super','192.168.10.1','2015-03-07 18:54:46','request','suggestItem','',2),('54fae6f90fa15','super','192.168.10.1','2015-03-07 18:54:47','wholeSale','add','',2),('54fae6f90fa15','super','192.168.10.1','2015-03-07 18:54:48','request','suggestItem','',2),('54fae6f90fa15','super','192.168.10.1','2015-03-07 18:54:48','wholeSale','add','',2),('54fae6f90fa15','super','192.168.10.1','2015-03-07 18:54:50','request','suggestItem','',2),('54fae6f90fa15','super','192.168.10.1','2015-03-07 18:54:50','wholeSale','add','',2),('54fae6f90fa15','super','192.168.10.1','2015-03-07 18:54:51','request','suggestItem','',2),('54fae6f90fa15','super','192.168.10.1','2015-03-07 18:54:52','wholeSale','add','',2),('54fae6f90fa15','super','192.168.10.1','2015-03-07 18:54:55','request','suggestClient','',2),('54fae6f90fa15','super','192.168.10.1','2015-03-07 18:54:55','request','suggestClient','',2),('54fae6f90fa15','super','192.168.10.1','2015-03-07 18:54:56','request','suggestClient','',2),('54fae6f90fa15','super','192.168.10.1','2015-03-07 18:54:56','wholeSale','selectCustomer','',2),('','Guest','192.168.10.1','2015-03-08 13:58:07','site','index','',0),('54fbf30509075','super','192.168.10.1','2015-03-08 13:58:15','dashboard','view','',2),('54fbf30509075','super','192.168.10.1','2015-03-08 13:58:20','wholeSale','index','',2),('54fbf30509075','super','192.168.10.1','2015-03-08 13:58:23','request','suggestItem','',2),('54fbf30509075','super','192.168.10.1','2015-03-08 13:58:23','request','suggestItem','',2),('54fbf30509075','super','192.168.10.1','2015-03-08 13:58:24','wholeSale','add','',2),('54fbf30509075','super','192.168.10.1','2015-03-08 13:58:24','request','suggestItem','',2),('54fbf30509075','super','192.168.10.1','2015-03-08 13:58:25','wholeSale','add','',2),('54fbf30509075','super','192.168.10.1','2015-03-08 13:58:26','request','suggestItem','',2),('54fbf30509075','super','192.168.10.1','2015-03-08 13:58:27','wholeSale','add','',2),('54fbf30509075','super','192.168.10.1','2015-03-08 13:58:28','request','suggestItem','',2),('54fbf30509075','super','192.168.10.1','2015-03-08 13:58:28','request','suggestItem','',2),('54fbf30509075','super','192.168.10.1','2015-03-08 13:58:29','wholeSale','add','',2),('54fbf30509075','super','192.168.10.1','2015-03-08 13:58:33','request','suggestClient','',2),('54fbf30509075','super','192.168.10.1','2015-03-08 13:58:33','request','suggestClient','',2),('54fbf30509075','super','192.168.10.1','2015-03-08 13:58:33','request','suggestClient','',2),('54fbf30509075','super','192.168.10.1','2015-03-08 13:58:34','wholeSale','selectCustomer','',2),('54fbf30509075','super','192.168.10.1','2015-03-08 13:58:38','wholeSale','AddPayment','',2),('54fbf30509075','super','192.168.10.1','2015-03-08 13:58:41','wholeSale','completeSale','',2),('54fbf30509075','super','192.168.10.1','2015-03-08 14:00:08','wholeSale','index','',2),('54fbf30509075','super','192.168.10.1','2015-03-08 14:00:09','request','suggestItem','',2),('54fbf30509075','super','192.168.10.1','2015-03-08 14:00:09','wholeSale','add','',2),('54fbf30509075','super','192.168.10.1','2015-03-08 14:00:10','request','suggestItem','',2),('54fbf30509075','super','192.168.10.1','2015-03-08 14:00:10','request','suggestItem','',2),('54fbf30509075','super','192.168.10.1','2015-03-08 14:00:11','wholeSale','add','',2),('54fbf30509075','super','192.168.10.1','2015-03-08 14:00:11','request','suggestItem','',2),('54fbf30509075','super','192.168.10.1','2015-03-08 14:00:13','wholeSale','add','',2),('54fbf30509075','super','192.168.10.1','2015-03-08 14:00:18','wholeSale','DeletePayment','',2),('54fbf30509075','super','192.168.10.1','2015-03-08 14:00:20','request','suggestClient','',2),('54fbf30509075','super','192.168.10.1','2015-03-08 14:00:20','request','suggestClient','',2),('54fbf30509075','super','192.168.10.1','2015-03-08 14:00:20','request','suggestClient','',2),('54fbf30509075','super','192.168.10.1','2015-03-08 14:00:21','wholeSale','selectCustomer','',2),('54fbf30509075','super','192.168.10.1','2015-03-08 14:00:33','wholeSale','editItem','',2),('54fbf30509075','super','192.168.10.1','2015-03-08 14:01:00','wholeSale','AddPayment','',2),('54fbf30509075','super','192.168.10.1','2015-03-08 14:01:03','wholeSale','completeSale','',2),('54fbf30509075','super','192.168.10.1','2015-03-08 14:02:11','wholeSale','index','',2),('54fbf30509075','super','192.168.10.1','2015-03-08 14:02:12','request','suggestItem','',2),('54fbf30509075','super','192.168.10.1','2015-03-08 14:02:14','wholeSale','add','',2),('54fbf30509075','super','192.168.10.1','2015-03-08 14:02:14','request','suggestItem','',2),('54fbf30509075','super','192.168.10.1','2015-03-08 14:02:14','request','suggestItem','',2),('54fbf30509075','super','192.168.10.1','2015-03-08 14:02:19','wholeSale','add','',2),('54fbf30509075','super','192.168.10.1','2015-03-08 14:02:22','wholeSale','DeleteItem','',2),('54fbf30509075','super','192.168.10.1','2015-03-08 14:02:24','request','suggestItem','',2),('54fbf30509075','super','192.168.10.1','2015-03-08 14:02:26','wholeSale','add','',2),('54fbf30509075','super','192.168.10.1','2015-03-08 14:02:26','request','suggestItem','',2),('54fbf30509075','super','192.168.10.1','2015-03-08 14:02:27','wholeSale','add','',2),('54fbf30509075','super','192.168.10.1','2015-03-08 14:02:29','wholeSale','DeleteItem','',2),('54fbf30509075','super','192.168.10.1','2015-03-08 14:02:37','request','suggestItem','',2),('54fbf30509075','super','192.168.10.1','2015-03-08 14:03:45','request','suggestItem','',2),('54fbf30509075','super','192.168.10.1','2015-03-08 14:03:55','request','suggestItem','',2),('54fbf30509075','super','192.168.10.1','2015-03-08 14:04:02','request','suggestItem','',2),('54fbf30509075','super','192.168.10.1','2015-03-08 14:04:28','request','suggestItem','',2),('54fbf30509075','super','192.168.10.1','2015-03-08 14:04:28','request','suggestItem','',2),('54fbf30509075','super','192.168.10.1','2015-03-08 14:04:28','request','suggestItem','',2),('54fbf30509075','super','192.168.10.1','2015-03-08 14:04:28','request','suggestItem','',2),('54fbf30509075','super','192.168.10.1','2015-03-08 14:04:28','request','suggestItem','',2),('54fbf30509075','super','192.168.10.1','2015-03-08 14:04:28','request','suggestItem','',2),('54fbf30509075','super','192.168.10.1','2015-03-08 14:04:29','request','suggestItem','',2),('54fbf30509075','super','192.168.10.1','2015-03-08 14:04:34','request','suggestItem','',2),('54fbf30509075','super','192.168.10.1','2015-03-08 14:04:48','request','suggestItem','',2),('54fbf30509075','super','192.168.10.1','2015-03-08 14:04:48','wholeSale','index','',2),('54fbf30509075','super','192.168.10.1','2015-03-08 14:04:49','request','suggestItem','',2),('54fbf30509075','super','192.168.10.1','2015-03-08 14:05:01','wholeSale','index','',2),('54fbf30509075','super','192.168.10.1','2015-03-08 14:05:03','request','suggestItem','',2),('54fbf30509075','super','192.168.10.1','2015-03-08 14:05:22','wholeSale','index','',2),('54fbf30509075','super','192.168.10.1','2015-03-08 14:05:24','wholeSale','index','',2),('54fbf30509075','super','192.168.10.1','2015-03-08 14:05:25','wholeSale','index','',2),('54fbf30509075','super','192.168.10.1','2015-03-08 14:05:27','request','suggestItem','',2),('54fbf30509075','super','192.168.10.1','2015-03-08 14:06:17','wholeSale','index','',2),('54fbf30509075','super','192.168.10.1','2015-03-08 14:06:18','request','suggestItem','',2),('54fbf30509075','super','192.168.10.1','2015-03-08 14:06:20','request','suggestItem','',2),('54fbf30509075','super','192.168.10.1','2015-03-08 14:06:50','request','suggestItem','',2),('54fbf30509075','super','192.168.10.1','2015-03-08 14:06:52','wholeSale','add','',2),('54fbf30509075','super','192.168.10.1','2015-03-08 14:06:59','wholeSale','DeletePayment','',2),('54fbf30509075','super','192.168.10.1','2015-03-08 14:07:20','request','suggestClient','',2),('54fbf30509075','super','192.168.10.1','2015-03-08 14:07:20','request','suggestClient','',2),('54fbf30509075','super','192.168.10.1','2015-03-08 14:07:20','request','suggestClient','',2),('54fbf30509075','super','192.168.10.1','2015-03-08 14:07:21','wholeSale','selectCustomer','',2),('54fbf30509075','super','192.168.10.1','2015-03-08 14:07:34','wholeSale','AddPayment','',2),('54fbf30509075','super','192.168.10.1','2015-03-08 14:07:38','wholeSale','completeSale','',2),('54fbf30509075','super','192.168.10.1','2015-03-08 14:07:42','wholeSale','index','',2),('54fbf30509075','super','192.168.10.1','2015-03-08 14:10:44','request','suggestClient','',2),('54fbf30509075','super','192.168.10.1','2015-03-08 14:10:44','request','suggestClient','',2),('54fbf30509075','super','192.168.10.1','2015-03-08 14:10:44','request','suggestClient','',2),('54fbf30509075','super','192.168.10.1','2015-03-08 14:10:45','wholeSale','selectCustomer','',2),('54fbf30509075','super','192.168.10.1','2015-03-08 14:10:48','wholeSale','index','',2),('54fbf30509075','super','192.168.10.1','2015-03-08 14:10:51','wholeSale','removeCustomer','',2),('54fbf30509075','super','192.168.10.1','2015-03-08 14:10:54','request','suggestClient','',2),('54fbf30509075','super','192.168.10.1','2015-03-08 14:10:54','request','suggestClient','',2),('54fbf30509075','super','192.168.10.1','2015-03-08 14:10:54','request','suggestClient','',2),('54fbf30509075','super','192.168.10.1','2015-03-08 14:10:54','wholeSale','selectCustomer','',2),('54fbf30509075','super','192.168.10.1','2015-03-08 14:10:56','request','suggestItem','',2),('54fbf30509075','super','192.168.10.1','2015-03-08 14:10:56','wholeSale','add','',2),('54fbf30509075','super','192.168.10.1','2015-03-08 14:12:50','wholeSale','completeSale','',2),('54fbf30509075','super','192.168.10.1','2015-03-08 14:12:53','wholeSale','index','',2),('54fbf30509075','super','192.168.10.1','2015-03-08 14:17:06','wholeSale','index','',2),('54fbf30509075','super','192.168.10.1','2015-03-08 14:17:08','request','suggestItem','',2),('54fbf30509075','super','192.168.10.1','2015-03-08 14:17:09','wholeSale','add','',2),('54fbf30509075','super','192.168.10.1','2015-03-08 14:17:10','request','suggestItem','',2),('54fbf30509075','super','192.168.10.1','2015-03-08 14:17:10','wholeSale','add','',2),('54fbf30509075','super','192.168.10.1','2015-03-08 14:17:11','request','suggestItem','',2),('54fbf30509075','super','192.168.10.1','2015-03-08 14:17:12','wholeSale','add','',2),('54fbf30509075','super','192.168.10.1','2015-03-08 14:17:12','request','suggestItem','',2),('54fbf30509075','super','192.168.10.1','2015-03-08 14:17:12','request','suggestItem','',2),('54fbf30509075','super','192.168.10.1','2015-03-08 14:17:20','wholeSale','index','',2),('54fbf30509075','super','192.168.10.1','2015-03-08 14:17:22','request','suggestItem','',2),('54fbf30509075','super','192.168.10.1','2015-03-08 14:17:24','wholeSale','add','',2),('54fbf30509075','super','192.168.10.1','2015-03-08 14:17:35','wholeSale','editItem','',2),('54fbf30509075','super','192.168.10.1','2015-03-08 14:18:09','request','suggestClient','',2),('54fbf30509075','super','192.168.10.1','2015-03-08 14:18:09','request','suggestClient','',2),('54fbf30509075','super','192.168.10.1','2015-03-08 14:18:09','request','suggestClient','',2),('54fbf30509075','super','192.168.10.1','2015-03-08 14:18:10','wholeSale','selectCustomer','',2),('54fbf30509075','super','192.168.10.1','2015-03-08 14:52:03','wholeSale','index','',2),('54fbf30509075','super','192.168.10.1','2015-03-08 15:07:02','wholeSale','index','',2),('54fbf30509075','super','192.168.10.1','2015-03-08 15:10:06','wholeSale','index','',2),('54fbf30509075','super','192.168.10.1','2015-03-08 15:10:09','wholeSale','AddPayment','',2),('54fbf30509075','super','192.168.10.1','2015-03-08 15:10:12','wholeSale','DeletePayment','',2),('54fbf30509075','super','192.168.10.1','2015-03-08 15:12:38','wholeSale','index','',2),('54fbf30509075','super','192.168.10.1','2015-03-08 15:12:41','wholeSale','index','',2),('54fbf30509075','super','192.168.10.1','2015-03-08 15:12:43','wholeSale','index','',2),('54fbf30509075','super','192.168.10.1','2015-03-08 15:12:47','site','error','',2),('54fbf30509075','super','192.168.10.1','2015-03-08 15:12:52','wholeSale','index','',2),('54fbf30509075','super','192.168.10.1','2015-03-08 15:13:11','wholeSale','index','',2),('54fbf30509075','super','192.168.10.1','2015-03-08 15:13:22','wholeSale','index','',2),('54fbf30509075','super','192.168.10.1','2015-03-08 15:13:36','wholeSale','index','',2),('54fbf30509075','super','192.168.10.1','2015-03-08 15:14:16','wholeSale','index','',2),('54fbf30509075','super','192.168.10.1','2015-03-08 15:18:03','wholeSale','index','',2),('54fbf30509075','super','192.168.10.1','2015-03-08 15:25:54','wholeSale','index','',2),('54fbf30509075','super','192.168.10.1','2015-03-08 15:26:15','wholeSale','index','',2),('54fbf30509075','super','192.168.10.1','2015-03-08 15:27:07','wholeSale','index','',2),('54fbf30509075','super','192.168.10.1','2015-03-08 15:30:42','site','error','',2),('54fbf30509075','super','192.168.10.1','2015-03-08 15:30:51','wholeSale','index','',2),('54fbf30509075','super','192.168.10.1','2015-03-08 15:31:38','wholeSale','index','',2),('54fbf30509075','super','192.168.10.1','2015-03-08 15:31:44','wholeSale','AddPayment','',2),('54fbf30509075','super','192.168.10.1','2015-03-08 15:32:06','wholeSale','index','',2),('54fbf30509075','super','192.168.10.1','2015-03-08 15:32:14','wholeSale','AddPayment','',2),('54fbf30509075','super','192.168.10.1','2015-03-08 15:33:20','wholeSale','index','',2),('54fbf30509075','super','192.168.10.1','2015-03-08 15:42:35','wholeSale','index','',2),('54fbf30509075','super','192.168.10.1','2015-03-08 15:44:57','salePayment','index','',2),('54fbf30509075','super','192.168.10.1','2015-03-08 15:45:28','request','suggestClient','',2),('54fbf30509075','super','192.168.10.1','2015-03-08 15:45:28','request','suggestClient','',2),('54fbf30509075','super','192.168.10.1','2015-03-08 15:45:28','request','suggestClient','',2),('54fbf30509075','super','192.168.10.1','2015-03-08 15:45:38','site','error','',2),('54fbf30509075','super','192.168.10.1','2015-03-08 15:45:40','site','error','',2),('54fbf30509075','super','192.168.10.1','2015-03-08 15:45:44','rbacUser','Update','',2),('','Guest','192.168.10.1','2015-03-08 15:45:47','site','index','',0),('54fc0c4097d84','super','192.168.10.1','2015-03-08 15:45:52','dashboard','view','',2),('54fc0c4097d84','super','192.168.10.1','2015-03-08 15:45:57','wholeSale','index','',2),('54fc0c4097d84','super','192.168.10.1','2015-03-08 15:46:01','wholeSale','index','',2),('54fc0c4097d84','super','192.168.10.1','2015-03-08 15:46:05','wholeSale','index','',2),('54fc0c4097d84','super','192.168.10.1','2015-03-08 15:46:17','request','suggestItem','',2),('54fc0c4097d84','super','192.168.10.1','2015-03-08 15:46:28','site','error','',2),('54fc0c4097d84','super','192.168.10.1','2015-03-08 15:46:30','site','error','',2),('54fc0c4097d84','super','192.168.10.1','2015-03-08 15:46:33','site','error','',2),('54fc0c4097d84','super','192.168.10.1','2015-03-08 15:46:34','site','error','',2),('54fc0c4097d84','super','192.168.10.1','2015-03-08 15:46:36','site','error','',2),('54fc0c4097d84','super','192.168.10.1','2015-03-08 15:46:38','site','error','',2),('54fc0c4097d84','super','192.168.10.1','2015-03-08 15:47:45','wholeSale','index','',2),('54fc0c4097d84','super','192.168.10.1','2015-03-08 15:47:49','wholeSale','DeleteItem','',2),('54fc0c4097d84','super','192.168.10.1','2015-03-08 15:47:49','request','suggestItem','',2),('54fc0c4097d84','super','192.168.10.1','2015-03-08 15:47:50','wholeSale','add','',2),('54fc0c4097d84','super','192.168.10.1','2015-03-08 15:47:50','request','suggestItem','',2),('54fc0c4097d84','super','192.168.10.1','2015-03-08 15:47:53','request','suggestItem','',2),('54fc0c4097d84','super','192.168.10.1','2015-03-08 15:47:55','wholeSale','add','',2),('54fc0c4097d84','super','192.168.10.1','2015-03-08 15:48:01','wholeSale','cancelSale','',2),('54fc0c4097d84','super','192.168.10.1','2015-03-08 15:48:10','request','suggestClient','',2),('54fc0c4097d84','super','192.168.10.1','2015-03-08 15:48:11','request','suggestClient','',2),('54fc0c4097d84','super','192.168.10.1','2015-03-08 15:48:12','wholeSale','selectCustomer','',2),('54fc0c4097d84','super','192.168.10.1','2015-03-08 15:48:20','request','suggestItem','',2),('54fc0c4097d84','super','192.168.10.1','2015-03-08 15:48:21','wholeSale','add','',2),('54fc0c4097d84','super','192.168.10.1','2015-03-08 15:49:09','saleItem','ListSuspendedSale','',2),('54fc0c4097d84','super','192.168.10.1','2015-03-08 15:49:54','wholeSale','index','',2),('54fc0c4097d84','super','192.168.10.1','2015-03-08 15:52:51','request','suggestItem','',2),('54fc0c4097d84','super','192.168.10.1','2015-03-08 15:52:52','wholeSale','add','',2),('54fc0c4097d84','super','192.168.10.1','2015-03-08 15:52:53','request','suggestItem','',2),('54fc0c4097d84','super','192.168.10.1','2015-03-08 15:52:53','wholeSale','add','',2),('54fc0c4097d84','super','192.168.10.1','2015-03-08 15:52:54','request','suggestItem','',2),('54fc0c4097d84','super','192.168.10.1','2015-03-08 15:52:55','wholeSale','add','',2),('54fc0c4097d84','super','192.168.10.1','2015-03-08 15:52:55','request','suggestItem','',2),('54fc0c4097d84','super','192.168.10.1','2015-03-08 15:52:56','wholeSale','add','',2),('54fc0c4097d84','super','192.168.10.1','2015-03-08 15:52:58','request','suggestClient','',2),('54fc0c4097d84','super','192.168.10.1','2015-03-08 15:52:58','request','suggestClient','',2),('54fc0c4097d84','super','192.168.10.1','2015-03-08 15:52:58','request','suggestClient','',2),('54fc0c4097d84','super','192.168.10.1','2015-03-08 15:52:59','wholeSale','selectCustomer','',2),('54fc0c4097d84','super','192.168.10.1','2015-03-08 15:53:02','wholeSale','SuspendSale','',2),('54fc0c4097d84','super','192.168.10.1','2015-03-08 15:53:05','saleItem','ListSuspendedSale','',2),('54fc0c4097d84','super','192.168.10.1','2015-03-08 15:53:41','wholeSale','index','',2),('54fc0c4097d84','super','192.168.10.1','2015-03-08 15:55:35','wholeSale','index','',2),('54fc0c4097d84','super','192.168.10.1','2015-03-08 15:55:59','wholeSale','index','',2),('54fc0c4097d84','super','192.168.10.1','2015-03-08 15:56:04','wholeSale','ListSuspendedSale','',2),('54fc0c4097d84','super','192.168.10.1','2015-03-08 15:56:58','wholeSale','ListSuspendedSale','',2),('54fc0c4097d84','super','192.168.10.1','2015-03-08 15:57:34','wholeSale','ListSuspendedSale','',2),('54fc0c4097d84','super','192.168.10.1','2015-03-08 15:57:47','wholeSale','ListSuspendedSale','',2),('54fc0c4097d84','super','192.168.10.1','2015-03-08 15:57:54','wholeSale','ListSuspendedSale','',2),('54fc0c4097d84','super','192.168.10.1','2015-03-08 15:58:14','wholeSale','ListSuspendedSale','',2),('54fc0c4097d84','super','192.168.10.1','2015-03-08 15:58:37','wholeSale','ListSuspendedSale','',2),('54fc0c4097d84','super','192.168.10.1','2015-03-08 15:58:45','wholeSale','ListSuspendedSale','',2),('54fc0c4097d84','super','192.168.10.1','2015-03-08 15:59:08','wholeSale','ListSuspendedSale','',2),('54fc0c4097d84','super','192.168.10.1','2015-03-08 15:59:11','wholeSale','ListSuspendedSale','',2),('54fc0c4097d84','super','192.168.10.1','2015-03-08 15:59:30','wholeSale','ListSuspendedSale','',2),('54fc0c4097d84','super','192.168.10.1','2015-03-08 15:59:59','wholeSale','ListSuspendedSale','',2),('54fc0c4097d84','super','192.168.10.1','2015-03-08 16:00:02','wholeSale','ListSuspendedSale','',2),('54fc0c4097d84','super','192.168.10.1','2015-03-08 16:00:20','wholeSale','ListSuspendedSale','',2),('54fc0c4097d84','super','192.168.10.1','2015-03-08 16:00:32','wholeSale','ListSuspendedSale','',2),('54fc0c4097d84','super','192.168.10.1','2015-03-08 16:02:01','wholeSale','index','',2),('54fc0c4097d84','super','192.168.10.1','2015-03-08 16:02:29','wholeSale','ListSuspendedSale','',2),('54fc0c4097d84','super','192.168.10.1','2015-03-08 16:02:37','wholeSale','index','',2),('54fc0c4097d84','super','192.168.10.1','2015-03-08 16:02:51','wholeSale','ListSuspendedSale','',2),('54fc0c4097d84','super','192.168.10.1','2015-03-08 16:03:04','wholeSale','index','',2),('54fc0c4097d84','super','192.168.10.1','2015-03-08 16:05:08','wholeSale','index','',2),('54fc0c4097d84','super','192.168.10.1','2015-03-08 16:06:42','salePayment','index','',2),('54fc0c4097d84','super','192.168.10.1','2015-03-08 16:06:46','salePayment','index','',2),('54fc0c4097d84','super','192.168.10.1','2015-03-08 16:06:48','salePayment','index','',2),('54fc0c4097d84','super','192.168.10.1','2015-03-08 16:06:51','wholeSale','index','',2),('54fc0c4097d84','super','192.168.10.1','2015-03-08 16:07:08','salePayment','index','',2),('54fc0c4097d84','super','192.168.10.1','2015-03-08 16:07:59','wholeSale','index','',2),('54fc0c4097d84','super','192.168.10.1','2015-03-08 16:11:06','wholeSale','index','',2),('54fc0c4097d84','super','192.168.10.1','2015-03-08 16:11:18','wholeSale','index','',2),('','Guest','192.168.10.1','2015-03-08 20:42:03','site','index','',0),('54fc51b116f2d','super','192.168.10.1','2015-03-08 20:42:11','dashboard','view','',2),('54fc51b116f2d','super','192.168.10.1','2015-03-08 20:42:16','wholeSale','index','',2),('54fc51b116f2d','super','192.168.10.1','2015-03-08 20:42:27','request','suggestItem','',2),('54fc51b116f2d','super','192.168.10.1','2015-03-08 20:42:38','site','error','',2),('54fc51b116f2d','super','192.168.10.1','2015-03-08 20:42:41','site','error','',2),('54fc51b116f2d','super','192.168.10.1','2015-03-08 20:44:31','site','error','',2),('54fc51b116f2d','super','192.168.10.1','2015-03-08 20:44:38','wholeSale','index','',2),('54fc51b116f2d','super','192.168.10.1','2015-03-08 20:47:41','wholeSale','index','',2),('54fc51b116f2d','super','192.168.10.1','2015-03-08 21:00:42','wholeSale','index','',2),('54fc51b116f2d','super','192.168.10.1','2015-03-08 21:00:47','request','suggestItem','',2),('54fc51b116f2d','super','192.168.10.1','2015-03-08 21:00:48','wholeSale','add','',2),('54fc51b116f2d','super','192.168.10.1','2015-03-08 21:01:00','request','suggestItem','',2),('54fc51b116f2d','super','192.168.10.1','2015-03-08 21:01:01','wholeSale','add','',2),('54fc51b116f2d','super','192.168.10.1','2015-03-08 21:01:04','wholeSale','index','',2),('54fc51b116f2d','super','192.168.10.1','2015-03-08 21:01:08','wholeSale','index','',2),('54fc51b116f2d','super','192.168.10.1','2015-03-08 21:01:10','request','suggestItem','',2),('54fc51b116f2d','super','192.168.10.1','2015-03-08 21:01:11','wholeSale','add','',2),('54fc51b116f2d','super','192.168.10.1','2015-03-08 21:01:24','request','suggestClient','',2),('54fc51b116f2d','super','192.168.10.1','2015-03-08 21:01:24','request','suggestClient','',2),('54fc51b116f2d','super','192.168.10.1','2015-03-08 21:01:24','request','suggestClient','',2),('54fc51b116f2d','super','192.168.10.1','2015-03-08 21:01:25','wholeSale','selectCustomer','',2),('54fc51b116f2d','super','192.168.10.1','2015-03-08 21:15:25','site','error','',2),('54fc51b116f2d','super','192.168.10.1','2015-03-08 21:16:02','site','error','',2),('54fc51b116f2d','super','192.168.10.1','2015-03-08 21:16:22','wholeSale','index','',2),('54fc51b116f2d','super','192.168.10.1','2015-03-08 21:17:10','wholeSale','index','',2),('54fc51b116f2d','super','192.168.10.1','2015-03-08 21:17:43','wholeSale','index','',2),('54fc51b116f2d','super','192.168.10.1','2015-03-08 21:17:46','wholeSale','index','',2),('54fc51b116f2d','super','192.168.10.1','2015-03-08 21:18:49','wholeSale','index','',2),('54fc51b116f2d','super','192.168.10.1','2015-03-08 21:18:53','wholeSale','index','',2),('54fc51b116f2d','super','192.168.10.1','2015-03-08 21:23:26','wholeSale','index','',2),('54fc51b116f2d','super','192.168.10.1','2015-03-08 21:24:15','wholeSale','index','',2),('54fc51b116f2d','super','192.168.10.1','2015-03-08 21:24:20','wholeSale','index','',2),('54fc51b116f2d','super','192.168.10.1','2015-03-08 21:29:51','site','error','',2),('54fc51b116f2d','super','192.168.10.1','2015-03-08 21:29:55','site','error','',2),('54fc51b116f2d','super','192.168.10.1','2015-03-08 21:30:10','site','error','',2),('54fc51b116f2d','super','192.168.10.1','2015-03-08 21:30:22','wholeSale','index','',2),('54fc51b116f2d','super','192.168.10.1','2015-03-08 21:30:26','wholeSale','index','',2),('54fc51b116f2d','super','192.168.10.1','2015-03-08 21:30:37','wholeSale','removeCustomer','',2),('54fc51b116f2d','super','192.168.10.1','2015-03-08 21:30:39','wholeSale','index','',2),('54fc51b116f2d','super','192.168.10.1','2015-03-08 21:30:41','wholeSale','index','',2),('54fc51b116f2d','super','192.168.10.1','2015-03-08 21:30:43','wholeSale','index','',2),('54fc51b116f2d','super','192.168.10.1','2015-03-08 21:30:46','wholeSale','index','',2),('54fc51b116f2d','super','192.168.10.1','2015-03-08 21:30:49','wholeSale','index','',2),('54fc51b116f2d','super','192.168.10.1','2015-03-08 21:31:20','wholeSale','index','',2),('54fc51b116f2d','super','192.168.10.1','2015-03-08 21:31:42','wholeSale','index','',2),('54fc51b116f2d','super','192.168.10.1','2015-03-08 21:31:47','wholeSale','index','',2),('54fc51b116f2d','super','192.168.10.1','2015-03-08 21:32:00','wholeSale','index','',2),('54fc51b116f2d','super','192.168.10.1','2015-03-08 21:32:04','wholeSale','index','',2),('54fc51b116f2d','super','192.168.10.1','2015-03-08 21:32:10','wholeSale','index','',2),('54fc51b116f2d','super','192.168.10.1','2015-03-08 21:32:20','wholeSale','index','',2),('54fc51b116f2d','super','192.168.10.1','2015-03-08 21:33:12','wholeSale','index','',2),('54fc51b116f2d','super','192.168.10.1','2015-03-08 21:33:37','wholeSale','index','',2),('54fc51b116f2d','super','192.168.10.1','2015-03-08 21:33:52','wholeSale','index','',2),('54fc51b116f2d','super','192.168.10.1','2015-03-08 21:34:09','wholeSale','index','',2),('54fc51b116f2d','super','192.168.10.1','2015-03-08 21:34:24','wholeSale','index','',2),('54fc51b116f2d','super','192.168.10.1','2015-03-08 21:34:26','wholeSale','index','',2),('54fc51b116f2d','super','192.168.10.1','2015-03-08 21:34:36','wholeSale','index','',2),('54fc51b116f2d','super','192.168.10.1','2015-03-08 21:34:38','wholeSale','index','',2),('54fc51b116f2d','super','192.168.10.1','2015-03-08 21:34:49','request','suggestClient','',2),('54fc51b116f2d','super','192.168.10.1','2015-03-08 21:34:49','request','suggestClient','',2),('54fc51b116f2d','super','192.168.10.1','2015-03-08 21:34:49','request','suggestClient','',2),('54fc51b116f2d','super','192.168.10.1','2015-03-08 21:34:50','wholeSale','selectCustomer','',2),('54fc51b116f2d','super','192.168.10.1','2015-03-08 21:36:34','wholeSale','index','',2),('54fc51b116f2d','super','192.168.10.1','2015-03-08 21:36:37','wholeSale','removeCustomer','',2),('54fc51b116f2d','super','192.168.10.1','2015-03-08 21:36:39','wholeSale','index','',2),('54fc51b116f2d','super','192.168.10.1','2015-03-08 21:36:41','request','suggestClient','',2),('54fc51b116f2d','super','192.168.10.1','2015-03-08 21:36:41','request','suggestClient','',2),('54fc51b116f2d','super','192.168.10.1','2015-03-08 21:36:41','request','suggestClient','',2),('54fc51b116f2d','super','192.168.10.1','2015-03-08 21:36:42','wholeSale','selectCustomer','',2),('','Guest','192.168.10.1','2015-03-09 08:58:20','site','login','',0),('54fcfe41a1520','super','192.168.10.1','2015-03-09 08:58:25','wholeSale','index','',2),('54fcfe41a1520','super','192.168.10.1','2015-03-09 08:58:30','wholeSale','index','',2),('54fcfe41a1520','super','192.168.10.1','2015-03-09 08:58:31','request','suggestItem','',2),('54fcfe41a1520','super','192.168.10.1','2015-03-09 08:58:32','wholeSale','add','',2),('54fcfe41a1520','super','192.168.10.1','2015-03-09 08:58:37','request','suggestClient','',2),('54fcfe41a1520','super','192.168.10.1','2015-03-09 08:58:37','request','suggestClient','',2),('54fcfe41a1520','super','192.168.10.1','2015-03-09 08:58:37','request','suggestClient','',2),('54fcfe41a1520','super','192.168.10.1','2015-03-09 08:58:38','wholeSale','selectCustomer','',2),('54fcfe41a1520','super','192.168.10.1','2015-03-09 08:58:54','wholeSale','ListSuspendedSale','',2),('54fcfe41a1520','super','192.168.10.1','2015-03-09 08:59:00','wholeSale','index','',2),('54fcfe41a1520','super','192.168.10.1','2015-03-09 08:59:02','wholeSale','ListSuspendedSale','',2),('54fcfe41a1520','super','192.168.10.1','2015-03-09 08:59:05','wholeSale','index','',2),('54fcfe41a1520','super','192.168.10.1','2015-03-09 08:59:29','wholeSale','index','',2),('54fcfe41a1520','super','192.168.10.1','2015-03-09 08:59:31','wholeSale','index','',2),('54fcfe41a1520','super','192.168.10.1','2015-03-09 09:06:31','wholeSale','index','',2),('54fcfe41a1520','super','192.168.10.1','2015-03-09 09:06:37','request','suggestItem','',2),('54fcfe41a1520','super','192.168.10.1','2015-03-09 09:06:38','wholeSale','add','',2),('54fcfe41a1520','super','192.168.10.1','2015-03-09 09:06:39','request','suggestItem','',2),('54fcfe41a1520','super','192.168.10.1','2015-03-09 09:06:40','wholeSale','add','',2),('54fcfe41a1520','super','192.168.10.1','2015-03-09 09:06:41','request','suggestItem','',2),('54fcfe41a1520','super','192.168.10.1','2015-03-09 09:06:41','wholeSale','add','',2),('54fcfe41a1520','super','192.168.10.1','2015-03-09 09:07:08','wholeSale','index','',2),('54fcfe41a1520','super','192.168.10.1','2015-03-09 09:07:10','request','suggestItem','',2),('54fcfe41a1520','super','192.168.10.1','2015-03-09 09:07:19','wholeSale','index','',2),('54fcfe41a1520','super','192.168.10.1','2015-03-09 09:07:20','request','suggestItem','',2),('54fcfe41a1520','super','192.168.10.1','2015-03-09 09:07:23','wholeSale','add','',2),('54fcfe41a1520','super','192.168.10.1','2015-03-09 09:07:24','request','suggestItem','',2),('54fcfe41a1520','super','192.168.10.1','2015-03-09 09:07:25','wholeSale','add','',2),('54fcfe41a1520','super','192.168.10.1','2015-03-09 09:07:26','request','suggestItem','',2),('54fcfe41a1520','super','192.168.10.1','2015-03-09 09:07:27','wholeSale','add','',2),('54fcfe41a1520','super','192.168.10.1','2015-03-09 09:07:38','wholeSale','index','',2),('54fcfe41a1520','super','192.168.10.1','2015-03-09 09:11:05','wholeSale','index','',2),('54fcfe41a1520','super','192.168.10.1','2015-03-09 09:11:07','request','suggestItem','',2),('54fcfe41a1520','super','192.168.10.1','2015-03-09 09:11:08','wholeSale','add','',2),('54fcfe41a1520','super','192.168.10.1','2015-03-09 09:11:32','wholeSale','index','',2),('54fcfe41a1520','super','192.168.10.1','2015-03-09 09:11:35','wholeSale','index','',2),('54fcfe41a1520','super','192.168.10.1','2015-03-09 09:11:37','wholeSale','index','',2),('54fcfe41a1520','super','192.168.10.1','2015-03-09 09:11:39','wholeSale','index','',2),('54fcfe41a1520','super','192.168.10.1','2015-03-09 09:13:51','wholeSale','index','',2),('54fcfe41a1520','super','192.168.10.1','2015-03-09 09:14:02','wholeSale','index','',2),('54fcfe41a1520','super','192.168.10.1','2015-03-09 09:14:48','request','suggestItem','',2),('54fcfe41a1520','super','192.168.10.1','2015-03-09 09:15:57','site','error','',2),('54fcfe41a1520','super','192.168.10.1','2015-03-09 09:16:09','wholeSale','index','',2),('54fcfe41a1520','super','192.168.10.1','2015-03-09 09:16:50','wholeSale','index','',2),('54fcfe41a1520','super','192.168.10.1','2015-03-09 09:16:52','wholeSale','index','',2),('54fcfe41a1520','super','192.168.10.1','2015-03-09 09:17:26','wholeSale','index','',2),('54fcfe41a1520','super','192.168.10.1','2015-03-09 09:18:09','wholeSale','index','',2),('54fcfe41a1520','super','192.168.10.1','2015-03-09 09:18:12','request','suggestItem','',2),('54fcfe41a1520','super','192.168.10.1','2015-03-09 09:18:36','wholeSale','index','',2),('54fcfe41a1520','super','192.168.10.1','2015-03-09 09:18:57','wholeSale','index','',2),('54fcfe41a1520','super','192.168.10.1','2015-03-09 09:19:08','wholeSale','index','',2),('54fcfe41a1520','super','192.168.10.1','2015-03-09 09:19:22','wholeSale','index','',2),('54fcfe41a1520','super','192.168.10.1','2015-03-09 09:19:31','wholeSale','index','',2),('54fcfe41a1520','super','192.168.10.1','2015-03-09 09:19:33','request','suggestItem','',2),('54fcfe41a1520','super','192.168.10.1','2015-03-09 09:19:34','wholeSale','add','',2),('54fcfe41a1520','super','192.168.10.1','2015-03-09 09:19:51','wholeSale','index','',2),('54fcfe41a1520','super','192.168.10.1','2015-03-09 09:20:43','wholeSale','index','',2),('54fcfe41a1520','super','192.168.10.1','2015-03-09 09:20:53','wholeSale','index','',2),('54fcfe41a1520','super','192.168.10.1','2015-03-09 09:20:56','wholeSale','index','',2),('54fcfe41a1520','super','192.168.10.1','2015-03-09 09:21:03','wholeSale','index','',2),('54fcfe41a1520','super','192.168.10.1','2015-03-09 09:21:12','wholeSale','index','',2),('54fcfe41a1520','super','192.168.10.1','2015-03-09 09:21:17','wholeSale','index','',2),('54fcfe41a1520','super','192.168.10.1','2015-03-09 09:21:29','wholeSale','index','',2),('54fcfe41a1520','super','192.168.10.1','2015-03-09 09:21:45','wholeSale','editItem','',2),('54fcfe41a1520','super','192.168.10.1','2015-03-09 09:21:48','request','suggestItem','',2),('54fcfe41a1520','super','192.168.10.1','2015-03-09 09:21:49','wholeSale','add','',2),('54fcfe41a1520','super','192.168.10.1','2015-03-09 09:21:49','request','suggestItem','',2),('54fcfe41a1520','super','192.168.10.1','2015-03-09 09:21:51','wholeSale','add','',2),('54fcfe41a1520','super','192.168.10.1','2015-03-09 09:21:51','request','suggestItem','',2),('54fcfe41a1520','super','192.168.10.1','2015-03-09 09:21:53','wholeSale','add','',2),('54fcfe41a1520','super','192.168.10.1','2015-03-09 09:21:55','wholeSale','index','',2),('54fcfe41a1520','super','192.168.10.1','2015-03-09 09:21:57','request','suggestItem','',2),('54fcfe41a1520','super','192.168.10.1','2015-03-09 09:21:58','wholeSale','add','',2),('54fcfe41a1520','super','192.168.10.1','2015-03-09 09:21:58','request','suggestItem','',2),('54fcfe41a1520','super','192.168.10.1','2015-03-09 09:21:59','wholeSale','add','',2),('54fcfe41a1520','super','192.168.10.1','2015-03-09 09:25:31','wholeSale','index','',2),('54fcfe41a1520','super','192.168.10.1','2015-03-09 09:26:26','wholeSale','index','',2),('54fcfe41a1520','super','192.168.10.1','2015-03-09 09:26:34','wholeSale','editItem','',2),('54fcfe41a1520','super','192.168.10.1','2015-03-09 09:26:36','wholeSale','editItem','',2),('54fcfe41a1520','super','192.168.10.1','2015-03-09 09:27:09','request','suggestItem','',2),('54fcfe41a1520','super','192.168.10.1','2015-03-09 09:30:18','wholeSale','index','',2),('54fcfe41a1520','super','192.168.10.1','2015-03-09 09:30:33','wholeSale','AddPayment','',2),('54fcfe41a1520','super','192.168.10.1','2015-03-09 09:30:41','wholeSale','AddPayment','',2),('54fcfe41a1520','super','192.168.10.1','2015-03-09 09:30:44','wholeSale','index','',2),('54fcfe41a1520','super','192.168.10.1','2015-03-09 09:42:12','wholeSale','index','',2),('54fcfe41a1520','super','192.168.10.1','2015-03-09 09:42:44','wholeSale','index','',2),('54fcfe41a1520','super','192.168.10.1','2015-03-09 09:43:08','wholeSale','index','',2),('54fcfe41a1520','super','192.168.10.1','2015-03-09 09:51:10','wholeSale','index','',2),('54fcfe41a1520','super','192.168.10.1','2015-03-09 09:53:28','wholeSale','index','',2),('54fcfe41a1520','super','192.168.10.1','2015-03-09 09:53:42','wholeSale','index','',2),('54fcfe41a1520','super','192.168.10.1','2015-03-09 09:56:55','wholeSale','index','',2),('54fcfe41a1520','super','192.168.10.1','2015-03-09 09:57:25','wholeSale','index','',2),('54fcfe41a1520','super','192.168.10.1','2015-03-09 09:58:42','wholeSale','index','',2),('54fcfe41a1520','super','192.168.10.1','2015-03-09 09:58:44','wholeSale','index','',2),('54fcfe41a1520','super','192.168.10.1','2015-03-09 09:58:55','wholeSale','index','',2),('54fcfe41a1520','super','192.168.10.1','2015-03-09 09:59:48','wholeSale','index','',2),('54fcfe41a1520','super','192.168.10.1','2015-03-09 10:00:19','wholeSale','index','',2),('54fcfe41a1520','super','192.168.10.1','2015-03-09 10:00:24','wholeSale','index','',2),('54fcfe41a1520','super','192.168.10.1','2015-03-09 10:00:28','wholeSale','index','',2),('54fcfe41a1520','super','192.168.10.1','2015-03-09 10:00:56','wholeSale','index','',2),('54fcfe41a1520','super','192.168.10.1','2015-03-09 10:01:11','wholeSale','index','',2),('54fcfe41a1520','super','192.168.10.1','2015-03-09 10:01:14','wholeSale','index','',2),('54fcfe41a1520','super','192.168.10.1','2015-03-09 10:01:31','wholeSale','index','',2),('54fcfe41a1520','super','192.168.10.1','2015-03-09 10:01:52','wholeSale','index','',2),('54fcfe41a1520','super','192.168.10.1','2015-03-09 10:01:54','wholeSale','index','',2),('54fcfe41a1520','super','192.168.10.1','2015-03-09 10:05:52','wholeSale','index','',2),('54fcfe41a1520','super','192.168.10.1','2015-03-09 10:05:56','wholeSale','index','',2),('54fcfe41a1520','super','192.168.10.1','2015-03-09 10:11:38','wholeSale','AddPayment','',2),('54fcfe41a1520','super','192.168.10.1','2015-03-09 10:11:54','site','error','',2),('54fcfe41a1520','super','192.168.10.1','2015-03-09 10:12:04','wholeSale','index','',2),('54fcfe41a1520','super','192.168.10.1','2015-03-09 10:12:22','wholeSale','AddPayment','',2),('54fcfe41a1520','super','192.168.10.1','2015-03-09 10:12:26','wholeSale','index','',2),('54fcfe41a1520','super','192.168.10.1','2015-03-09 10:36:32','wholeSale','index','',2),('','Guest','192.168.10.1','2015-03-09 14:22:43','site','login','',0),('54fd4a4a322f8','super','192.168.10.1','2015-03-09 14:22:50','wholeSale','index','',2),('54fd4a4a322f8','super','192.168.10.1','2015-03-09 14:22:53','request','suggestItem','',2),('54fd4a4a322f8','super','192.168.10.1','2015-03-09 14:22:53','wholeSale','add','',2),('54fd4a4a322f8','super','192.168.10.1','2015-03-09 14:22:54','request','suggestItem','',2),('54fd4a4a322f8','super','192.168.10.1','2015-03-09 14:22:54','wholeSale','add','',2),('54fd4a4a322f8','super','192.168.10.1','2015-03-09 14:22:55','request','suggestItem','',2),('54fd4a4a322f8','super','192.168.10.1','2015-03-09 14:22:55','wholeSale','add','',2),('54fd4a4a322f8','super','192.168.10.1','2015-03-09 14:22:56','request','suggestItem','',2),('54fd4a4a322f8','super','192.168.10.1','2015-03-09 14:22:57','wholeSale','add','',2),('54fd4a4a322f8','super','192.168.10.1','2015-03-09 14:23:01','request','suggestClient','',2),('54fd4a4a322f8','super','192.168.10.1','2015-03-09 14:23:01','request','suggestClient','',2),('54fd4a4a322f8','super','192.168.10.1','2015-03-09 14:23:01','request','suggestClient','',2),('54fd4a4a322f8','super','192.168.10.1','2015-03-09 14:23:02','wholeSale','selectCustomer','',2),('54fd4a4a322f8','super','192.168.10.1','2015-03-09 14:23:20','wholeSale','index','',2),('54fd4a4a322f8','super','192.168.10.1','2015-03-09 14:23:45','wholeSale','AddPayment','',2),('54fd4a4a322f8','super','192.168.10.1','2015-03-09 14:26:05','wholeSale','index','',2),('54fd4a4a322f8','super','192.168.10.1','2015-03-09 14:26:12','wholeSale','completeSale','',2),('54fd4a4a322f8','super','192.168.10.1','2015-03-09 14:26:15','wholeSale','completeSale','',2),('54fd4a4a322f8','super','192.168.10.1','2015-03-09 14:27:00','wholeSale','index','',2),('54fd4a4a322f8','super','192.168.10.1','2015-03-09 14:27:05','wholeSale','completeSale','',2),('54fd4a4a322f8','super','192.168.10.1','2015-03-09 14:27:06','wholeSale','index','',2),('54fd4a4a322f8','super','192.168.10.1','2015-03-09 14:27:40','wholeSale','index','',2),('54fd4a4a322f8','super','192.168.10.1','2015-03-09 14:27:42','wholeSale','completeSale','',2),('54fd4a4a322f8','super','192.168.10.1','2015-03-09 14:29:49','wholeSale','index','',2),('54fd4a4a322f8','super','192.168.10.1','2015-03-09 14:33:46','wholeSale','index','',2),('54fd4a4a322f8','super','192.168.10.1','2015-03-09 14:33:50','request','suggestClient','',2),('54fd4a4a322f8','super','192.168.10.1','2015-03-09 14:33:50','request','suggestClient','',2),('54fd4a4a322f8','super','192.168.10.1','2015-03-09 14:33:50','request','suggestClient','',2),('54fd4a4a322f8','super','192.168.10.1','2015-03-09 14:33:51','wholeSale','selectCustomer','',2),('54fd4a4a322f8','super','192.168.10.1','2015-03-09 14:33:56','site','error','',2),('54fd4a4a322f8','super','192.168.10.1','2015-03-09 14:34:05','site','error','',2),('54fd4a4a322f8','super','192.168.10.1','2015-03-09 14:34:09','wholeSale','index','',2),('54fd4a4a322f8','super','192.168.10.1','2015-03-09 14:34:14','request','suggestItem','',2),('54fd4a4a322f8','super','192.168.10.1','2015-03-09 14:34:15','wholeSale','add','',2),('54fd4a4a322f8','super','192.168.10.1','2015-03-09 14:34:30','wholeSale','AddPayment','',2),('54fd4a4a322f8','super','192.168.10.1','2015-03-09 14:34:33','wholeSale','completeSale','',2),('54fd4a4a322f8','super','192.168.10.1','2015-03-09 14:34:40','wholeSale','index','',2),('54fd4a4a322f8','super','192.168.10.1','2015-03-09 14:34:42','request','suggestClient','',2),('54fd4a4a322f8','super','192.168.10.1','2015-03-09 14:34:42','request','suggestClient','',2),('54fd4a4a322f8','super','192.168.10.1','2015-03-09 14:34:43','wholeSale','selectCustomer','',2),('54fd4a4a322f8','super','192.168.10.1','2015-03-09 14:36:25','wholeSale','index','',2),('54fd4a4a322f8','super','192.168.10.1','2015-03-09 14:36:34','wholeSale','index','',2),('54fd4a4a322f8','super','192.168.10.1','2015-03-09 14:36:36','request','suggestItem','',2),('54fd4a4a322f8','super','192.168.10.1','2015-03-09 14:36:44','wholeSale','index','',2),('54fd4a4a322f8','super','192.168.10.1','2015-03-09 14:36:46','request','suggestItem','',2),('54fd4a4a322f8','super','192.168.10.1','2015-03-09 14:36:47','wholeSale','add','',2),('54fd4a4a322f8','super','192.168.10.1','2015-03-09 14:36:48','request','suggestItem','',2),('54fd4a4a322f8','super','192.168.10.1','2015-03-09 14:36:48','wholeSale','add','',2),('54fd4a4a322f8','super','192.168.10.1','2015-03-09 14:37:02','wholeSale','AddPayment','',2),('54fd4a4a322f8','super','192.168.10.1','2015-03-09 14:37:05','wholeSale','completeSale','',2),('54fd4a4a322f8','super','192.168.10.1','2015-03-09 14:37:08','wholeSale','index','',2),('54fd4a4a322f8','super','192.168.10.1','2015-03-09 14:37:11','request','suggestClient','',2),('54fd4a4a322f8','super','192.168.10.1','2015-03-09 14:37:11','request','suggestClient','',2),('54fd4a4a322f8','super','192.168.10.1','2015-03-09 14:37:11','request','suggestClient','',2),('54fd4a4a322f8','super','192.168.10.1','2015-03-09 14:37:11','wholeSale','selectCustomer','',2),('54fd4a4a322f8','super','192.168.10.1','2015-03-09 14:39:18','request','suggestItem','',2),('54fd4a4a322f8','super','192.168.10.1','2015-03-09 14:39:18','wholeSale','add','',2),('54fd4a4a322f8','super','192.168.10.1','2015-03-09 14:39:20','wholeSale','index','',2),('54fd4a4a322f8','super','192.168.10.1','2015-03-09 14:41:49','request','suggestItem','',2),('54fd4a4a322f8','super','192.168.10.1','2015-03-09 14:41:50','wholeSale','add','',2),('54fd4a4a322f8','super','192.168.10.1','2015-03-09 14:41:50','request','suggestItem','',2),('54fd4a4a322f8','super','192.168.10.1','2015-03-09 14:41:51','wholeSale','add','',2),('54fd4a4a322f8','super','192.168.10.1','2015-03-09 14:41:52','request','suggestItem','',2),('54fd4a4a322f8','super','192.168.10.1','2015-03-09 14:41:53','wholeSale','add','',2),('54fd4a4a322f8','super','192.168.10.1','2015-03-09 14:42:00','request','suggestItem','',2),('54fd4a4a322f8','super','192.168.10.1','2015-03-09 14:42:01','wholeSale','add','',2),('54fd4a4a322f8','super','192.168.10.1','2015-03-09 14:42:02','request','suggestItem','',2),('54fd4a4a322f8','super','192.168.10.1','2015-03-09 14:42:03','wholeSale','add','',2),('54fd4a4a322f8','super','192.168.10.1','2015-03-09 14:42:03','request','suggestItem','',2),('54fd4a4a322f8','super','192.168.10.1','2015-03-09 14:42:04','wholeSale','add','',2),('54fd4a4a322f8','super','192.168.10.1','2015-03-09 14:42:05','request','suggestItem','',2),('54fd4a4a322f8','super','192.168.10.1','2015-03-09 14:42:06','wholeSale','add','',2),('54fd4a4a322f8','super','192.168.10.1','2015-03-09 14:42:12','wholeSale','editItem','',2),('54fd4a4a322f8','super','192.168.10.1','2015-03-09 14:42:17','wholeSale','editItem','',2),('54fd4a4a322f8','super','192.168.10.1','2015-03-09 14:42:20','wholeSale','editItem','',2),('54fd4a4a322f8','super','192.168.10.1','2015-03-09 14:42:26','wholeSale','AddPayment','',2),('54fd4a4a322f8','super','192.168.10.1','2015-03-09 14:42:29','wholeSale','completeSale','',2),('54fd4a4a322f8','super','192.168.10.1','2015-03-09 14:42:50','wholeSale','index','',2),('54fd4a4a322f8','super','192.168.10.1','2015-03-09 14:42:52','request','suggestClient','',2),('54fd4a4a322f8','super','192.168.10.1','2015-03-09 14:42:53','request','suggestClient','',2),('54fd4a4a322f8','super','192.168.10.1','2015-03-09 14:42:53','request','suggestClient','',2),('54fd4a4a322f8','super','192.168.10.1','2015-03-09 14:42:53','wholeSale','selectCustomer','',2),('54fd4a4a322f8','super','192.168.10.1','2015-03-09 14:43:01','wholeSale','index','',2),('54fd4a4a322f8','super','192.168.10.1','2015-03-09 14:45:20','wholeSale','index','',2),('54fd4a4a322f8','super','192.168.10.1','2015-03-09 14:45:22','request','suggestItem','',2),('54fd4a4a322f8','super','192.168.10.1','2015-03-09 14:45:22','wholeSale','add','',2),('54fd4a4a322f8','super','192.168.10.1','2015-03-09 14:45:23','request','suggestItem','',2),('54fd4a4a322f8','super','192.168.10.1','2015-03-09 14:45:23','wholeSale','add','',2),('54fd4a4a322f8','super','192.168.10.1','2015-03-09 14:45:24','request','suggestItem','',2),('54fd4a4a322f8','super','192.168.10.1','2015-03-09 14:45:24','wholeSale','add','',2),('54fd4a4a322f8','super','192.168.10.1','2015-03-09 14:45:26','request','suggestItem','',2),('54fd4a4a322f8','super','192.168.10.1','2015-03-09 14:45:28','wholeSale','add','',2),('54fd4a4a322f8','super','192.168.10.1','2015-03-09 14:45:30','request','suggestItem','',2),('54fd4a4a322f8','super','192.168.10.1','2015-03-09 14:45:31','wholeSale','add','',2),('54fd4a4a322f8','super','192.168.10.1','2015-03-09 14:45:32','request','suggestItem','',2),('54fd4a4a322f8','super','192.168.10.1','2015-03-09 14:45:32','wholeSale','add','',2),('54fd4a4a322f8','super','192.168.10.1','2015-03-09 14:45:33','request','suggestItem','',2),('54fd4a4a322f8','super','192.168.10.1','2015-03-09 14:45:34','wholeSale','add','',2),('54fd4a4a322f8','super','192.168.10.1','2015-03-09 14:45:44','wholeSale','AddPayment','',2),('54fd4a4a322f8','super','192.168.10.1','2015-03-09 14:45:48','wholeSale','index','',2),('54fd4a4a322f8','super','192.168.10.1','2015-03-09 14:45:52','wholeSale','completeSale','',2),('54fd4a4a322f8','super','192.168.10.1','2015-03-09 14:46:38','wholeSale','index','',2),('54fd4a4a322f8','super','192.168.10.1','2015-03-09 14:46:39','request','suggestItem','',2),('54fd4a4a322f8','super','192.168.10.1','2015-03-09 14:46:40','wholeSale','add','',2),('54fd4a4a322f8','super','192.168.10.1','2015-03-09 14:46:40','request','suggestItem','',2),('54fd4a4a322f8','super','192.168.10.1','2015-03-09 14:46:41','wholeSale','add','',2),('54fd4a4a322f8','super','192.168.10.1','2015-03-09 14:46:41','request','suggestItem','',2),('54fd4a4a322f8','super','192.168.10.1','2015-03-09 14:46:42','wholeSale','add','',2),('54fd4a4a322f8','super','192.168.10.1','2015-03-09 14:46:43','request','suggestItem','',2),('54fd4a4a322f8','super','192.168.10.1','2015-03-09 14:46:43','wholeSale','add','',2),('54fd4a4a322f8','super','192.168.10.1','2015-03-09 14:46:47','wholeSale','editItem','',2),('54fd4a4a322f8','super','192.168.10.1','2015-03-09 14:46:51','wholeSale','editItem','',2),('54fd4a4a322f8','super','192.168.10.1','2015-03-09 14:46:52','wholeSale','editItem','',2),('54fd4a4a322f8','super','192.168.10.1','2015-03-09 14:46:55','wholeSale','editItem','',2),('54fd4a4a322f8','super','192.168.10.1','2015-03-09 14:46:57','wholeSale','editItem','',2),('54fd4a4a322f8','super','192.168.10.1','2015-03-09 14:47:03','wholeSale','AddPayment','',2),('54fd4a4a322f8','super','192.168.10.1','2015-03-09 14:47:06','wholeSale','completeSale','',2),('54fd4a4a322f8','super','192.168.10.1','2015-03-09 14:47:08','wholeSale','completeSale','',2),('54fd4a4a322f8','super','192.168.10.1','2015-03-09 14:47:24','wholeSale','completeSale','',2),('54fd4a4a322f8','super','192.168.10.1','2015-03-09 14:47:31','wholeSale','completeSale','',2),('54fd4a4a322f8','super','192.168.10.1','2015-03-09 14:47:36','wholeSale','completeSale','',2),('54fd4a4a322f8','super','192.168.10.1','2015-03-09 14:48:08','wholeSale','index','',2),('54fd4a4a322f8','super','192.168.10.1','2015-03-09 14:48:17','wholeSale','completeSale','',2),('54fd4a4a322f8','super','192.168.10.1','2015-03-09 14:48:40','wholeSale','completeSale','',2),('54fd4a4a322f8','super','192.168.10.1','2015-03-09 14:48:45','wholeSale','completeSale','',2),('54fd4a4a322f8','super','192.168.10.1','2015-03-09 14:48:54','wholeSale','index','',2),('54fd4a4a322f8','super','192.168.10.1','2015-03-09 14:49:38','wholeSale','index','',2),('54fd4a4a322f8','super','192.168.10.1','2015-03-09 14:49:41','wholeSale','completeSale','',2),('54fd4a4a322f8','super','192.168.10.1','2015-03-09 14:50:12','request','suggestClient','',2),('54fd4a4a322f8','super','192.168.10.1','2015-03-09 14:50:13','request','suggestClient','',2),('54fd4a4a322f8','super','192.168.10.1','2015-03-09 14:50:13','request','suggestClient','',2),('54fd4a4a322f8','super','192.168.10.1','2015-03-09 14:50:15','request','suggestClient','',2),('54fd4a4a322f8','super','192.168.10.1','2015-03-09 14:50:15','request','suggestClient','',2),('54fd4a4a322f8','super','192.168.10.1','2015-03-09 14:50:15','request','suggestClient','',2),('54fd4a4a322f8','super','192.168.10.1','2015-03-09 14:50:15','request','suggestClient','',2),('54fd4a4a322f8','super','192.168.10.1','2015-03-09 14:50:15','request','suggestClient','',2),('54fd4a4a322f8','super','192.168.10.1','2015-03-09 14:50:16','wholeSale','selectCustomer','',2),('54fd4a4a322f8','super','192.168.10.1','2015-03-09 14:50:34','wholeSale','completeSale','',2),('54fd4a4a322f8','super','192.168.10.1','2015-03-09 14:50:36','wholeSale','index','',2),('54fd4a4a322f8','super','192.168.10.1','2015-03-09 14:50:44','wholeSale','index','',2),('','Guest','192.168.10.1','2015-03-09 16:39:54','site','login','',0),('54fd6d3ce8cc9','super','192.168.10.1','2015-03-09 16:51:57','site','error','',2),('54fd6d3ce8cc9','super','192.168.10.1','2015-03-09 16:52:00','site','error','',2),('54fd6d3ce8cc9','super','192.168.10.1','2015-03-09 16:52:07','site','error','',2),('54fd6d3ce8cc9','super','192.168.10.1','2015-03-09 16:52:36','wholeSale','index','',2),('54fd6d3ce8cc9','super','192.168.10.1','2015-03-09 16:54:02','wholeSale','index','',2),('54fd6d3ce8cc9','super','192.168.10.1','2015-03-09 16:54:04','wholeSale','index','',2),('54fd6d3ce8cc9','super','192.168.10.1','2015-03-09 16:54:06','wholeSale','index','',2),('54fd6d3ce8cc9','super','192.168.10.1','2015-03-09 16:54:37','wholeSale','index','',2),('54fd6d3ce8cc9','super','192.168.10.1','2015-03-09 16:55:29','wholeSale','index','',2),('54fd6d3ce8cc9','super','192.168.10.1','2015-03-09 16:58:32','wholeSale','index','',2),('54fd6d3ce8cc9','super','192.168.10.1','2015-03-09 17:04:09','wholeSale','index','',2),('54fd6d3ce8cc9','super','192.168.10.1','2015-03-09 17:20:28','wholeSale','index','',2),('54fd6d3ce8cc9','super','192.168.10.1','2015-03-09 17:20:30','request','suggestItem','',2),('54fd6d3ce8cc9','super','192.168.10.1','2015-03-09 17:20:30','wholeSale','add','',2),('54fd6d3ce8cc9','super','192.168.10.1','2015-03-09 17:20:31','request','suggestItem','',2),('54fd6d3ce8cc9','super','192.168.10.1','2015-03-09 17:20:32','wholeSale','add','',2),('54fd6d3ce8cc9','super','192.168.10.1','2015-03-09 17:20:33','wholeSale','index','',2),('54fd6d3ce8cc9','super','192.168.10.1','2015-03-09 17:20:57','wholeSale','AddPayment','',2),('54fd6d3ce8cc9','super','192.168.10.1','2015-03-09 17:22:25','wholeSale','index','',2),('54fd6d3ce8cc9','super','192.168.10.1','2015-03-09 17:22:28','wholeSale','AddPayment','',2),('54fd6d3ce8cc9','super','192.168.10.1','2015-03-09 17:23:23','wholeSale','index','',2),('54fd6d3ce8cc9','super','192.168.10.1','2015-03-09 17:26:40','wholeSale','index','',2),('54fd6d3ce8cc9','super','192.168.10.1','2015-03-09 17:27:30','wholeSale','index','',2),('54fd6d3ce8cc9','super','192.168.10.1','2015-03-09 17:27:33','wholeSale','index','',2),('54fd6d3ce8cc9','super','192.168.10.1','2015-03-09 17:28:29','wholeSale','index','',2),('54fd6d3ce8cc9','super','192.168.10.1','2015-03-09 17:28:34','wholeSale','AddPayment','',2),('54fd6d3ce8cc9','super','192.168.10.1','2015-03-09 17:28:48','wholeSale','AddPayment','',2),('54fd6d3ce8cc9','super','192.168.10.1','2015-03-09 17:33:25','wholeSale','index','',2),('54fd6d3ce8cc9','super','192.168.10.1','2015-03-09 17:33:35','wholeSale','AddPayment','',2),('54fd6d3ce8cc9','super','192.168.10.1','2015-03-09 17:33:39','wholeSale','AddPayment','',2),('54fd6d3ce8cc9','super','192.168.10.1','2015-03-09 17:33:51','site','error','',2),('54fd6d3ce8cc9','super','192.168.10.1','2015-03-09 17:34:13','wholeSale','index','',2),('54fd6d3ce8cc9','super','192.168.10.1','2015-03-09 17:34:13','wholeSale','index','',2),('54fd6d3ce8cc9','super','192.168.10.1','2015-03-09 17:34:17','site','error','',2),('54fd6d3ce8cc9','super','192.168.10.1','2015-03-09 17:34:23','site','error','',2),('54fd6d3ce8cc9','super','192.168.10.1','2015-03-09 17:34:30','wholeSale','index','',2),('54fd6d3ce8cc9','super','192.168.10.1','2015-03-09 17:34:37','wholeSale','AddPayment','',2),('54fd6d3ce8cc9','super','192.168.10.1','2015-03-09 17:35:09','wholeSale','index','',2),('54fd6d3ce8cc9','super','192.168.10.1','2015-03-09 17:35:15','wholeSale','AddPayment','',2),('54fd6d3ce8cc9','super','192.168.10.1','2015-03-09 17:35:26','wholeSale','index','',2),('54fd6d3ce8cc9','super','192.168.10.1','2015-03-09 17:39:47','wholeSale','index','',2),('54fd6d3ce8cc9','super','192.168.10.1','2015-03-09 18:00:54','request','suggestItem','',2),('54fd6d3ce8cc9','super','192.168.10.1','2015-03-09 18:00:54','wholeSale','add','',2),('54fd6d3ce8cc9','super','192.168.10.1','2015-03-09 18:00:55','request','suggestItem','',2),('54fd6d3ce8cc9','super','192.168.10.1','2015-03-09 18:00:56','wholeSale','add','',2),('54fd6d3ce8cc9','super','192.168.10.1','2015-03-09 18:00:57','request','suggestItem','',2),('54fd6d3ce8cc9','super','192.168.10.1','2015-03-09 18:00:57','wholeSale','add','',2),('54fd6d3ce8cc9','super','192.168.10.1','2015-03-09 18:05:41','wholeSale','index','',2),('54fd6d3ce8cc9','super','192.168.10.1','2015-03-09 18:05:46','site','error','',2),('54fd6d3ce8cc9','super','192.168.10.1','2015-03-09 18:05:52','wholeSale','index','',2),('54fd6d3ce8cc9','super','192.168.10.1','2015-03-09 18:06:28','wholeSale','index','',2),('54fd6d3ce8cc9','super','192.168.10.1','2015-03-09 18:06:55','wholeSale','index','',2),('54fd6d3ce8cc9','super','192.168.10.1','2015-03-09 18:06:55','wholeSale','index','',2),('54fd6d3ce8cc9','super','192.168.10.1','2015-03-09 18:07:00','wholeSale','index','',2),('54fd6d3ce8cc9','super','192.168.10.1','2015-03-09 18:07:01','wholeSale','index','',2),('54fd6d3ce8cc9','super','192.168.10.1','2015-03-09 18:07:17','wholeSale','index','',2),('54fd6d3ce8cc9','super','192.168.10.1','2015-03-09 18:08:32','wholeSale','index','',2),('54fd6d3ce8cc9','super','192.168.10.1','2015-03-09 18:09:07','wholeSale','index','',2),('54fd6d3ce8cc9','super','192.168.10.1','2015-03-09 18:09:07','wholeSale','index','',2),('54fd6d3ce8cc9','super','192.168.10.1','2015-03-09 18:09:18','wholeSale','index','',2),('54fd6d3ce8cc9','super','192.168.10.1','2015-03-09 18:09:52','wholeSale','index','',2),('54fd6d3ce8cc9','super','192.168.10.1','2015-03-09 18:10:14','wholeSale','index','',2),('54fd6d3ce8cc9','super','192.168.10.1','2015-03-09 18:10:15','wholeSale','index','',2),('54fd6d3ce8cc9','super','192.168.10.1','2015-03-09 18:11:01','wholeSale','index','',2),('54fd6d3ce8cc9','super','192.168.10.1','2015-03-09 18:13:27','wholeSale','index','',2),('54fd6d3ce8cc9','super','192.168.10.1','2015-03-09 18:13:45','wholeSale','index','',2),('54fd6d3ce8cc9','super','192.168.10.1','2015-03-09 18:14:26','wholeSale','index','',2),('54fd6d3ce8cc9','super','192.168.10.1','2015-03-09 18:15:05','wholeSale','index','',2),('54fd6d3ce8cc9','super','192.168.10.1','2015-03-09 18:29:38','wholeSale','index','',2),('54fd6d3ce8cc9','super','192.168.10.1','2015-03-09 18:29:46','wholeSale','index','',2),('54fd6d3ce8cc9','super','192.168.10.1','2015-03-09 18:32:37','wholeSale','index','',2),('54fd6d3ce8cc9','super','192.168.10.1','2015-03-09 18:32:38','wholeSale','index','',2),('54fd6d3ce8cc9','super','192.168.10.1','2015-03-09 18:34:05','wholeSale','index','',2),('54fd6d3ce8cc9','super','192.168.10.1','2015-03-09 18:34:36','site','error','',2),('54fd6d3ce8cc9','super','192.168.10.1','2015-03-09 18:34:50','wholeSale','index','',2),('54fd6d3ce8cc9','super','192.168.10.1','2015-03-09 18:38:43','wholeSale','index','',2),('54fd6d3ce8cc9','super','192.168.10.1','2015-03-09 18:41:01','wholeSale','index','',2),('54fd6d3ce8cc9','super','192.168.10.1','2015-03-09 18:41:31','wholeSale','index','',2),('54fd6d3ce8cc9','super','192.168.10.1','2015-03-09 18:42:17','wholeSale','index','',2),('54fd6d3ce8cc9','super','192.168.10.1','2015-03-09 18:42:18','wholeSale','index','',2),('54fd6d3ce8cc9','super','192.168.10.1','2015-03-09 18:42:21','wholeSale','index','',2),('54fd6d3ce8cc9','super','192.168.10.1','2015-03-09 18:43:16','wholeSale','index','',2),('54fd6d3ce8cc9','super','192.168.10.1','2015-03-09 18:43:55','wholeSale','index','',2),('54fd6d3ce8cc9','super','192.168.10.1','2015-03-09 18:44:03','wholeSale','index','',2),('54fd6d3ce8cc9','super','192.168.10.1','2015-03-09 18:44:39','wholeSale','index','',2),('','Guest','192.168.10.1','2015-03-10 20:50:29','site','index','',0),('54fef6ae3a1fb','super','192.168.10.1','2015-03-10 20:50:40','dashboard','view','',2),('54fef6ae3a1fb','super','192.168.10.1','2015-03-10 20:50:57','wholeSale','index','',2),('54fef6ae3a1fb','super','192.168.10.1','2015-03-10 20:51:01','request','suggestItem','',2),('54fef6ae3a1fb','super','192.168.10.1','2015-03-10 20:51:02','wholeSale','add','',2),('54fef6ae3a1fb','super','192.168.10.1','2015-03-10 20:51:02','request','suggestItem','',2),('54fef6ae3a1fb','super','192.168.10.1','2015-03-10 20:51:03','wholeSale','add','',2),('54fef6ae3a1fb','super','192.168.10.1','2015-03-10 20:51:04','request','suggestItem','',2),('54fef6ae3a1fb','super','192.168.10.1','2015-03-10 20:51:04','wholeSale','add','',2),('54fef6ae3a1fb','super','192.168.10.1','2015-03-10 20:51:55','wholeSale','index','',2),('','Guest','192.168.10.1','2015-03-11 11:26:04','site','index','',0),('54ffc3e1273ea','super','192.168.10.1','2015-03-11 11:26:10','dashboard','view','',2),('54ffc3e1273ea','super','192.168.10.1','2015-03-11 11:26:17','wholeSale','index','',2),('54ffc3e1273ea','super','192.168.10.1','2015-03-11 11:26:26','wholeSale','index','',2),('54ffc3e1273ea','super','192.168.10.1','2015-03-11 11:26:28','request','suggestItem','',2),('54ffc3e1273ea','super','192.168.10.1','2015-03-11 11:26:29','wholeSale','add','',2),('','Guest','192.168.10.1','2015-03-13 05:22:08','site','index','',0),('','Guest','192.168.10.1','2015-03-13 05:22:14','site','index','',0),('5502119a45805','super','192.168.10.1','2015-03-13 05:22:19','dashboard','view','',2),('5502119a45805','super','192.168.10.1','2015-03-13 05:24:10','wholeSale','index','',2),('5502119a45805','super','192.168.10.1','2015-03-13 05:24:14','request','suggestItem','',2),('5502119a45805','super','192.168.10.1','2015-03-13 05:24:15','wholeSale','add','',2),('5502119a45805','super','192.168.10.1','2015-03-13 05:24:15','request','suggestItem','',2),('5502119a45805','super','192.168.10.1','2015-03-13 05:24:17','wholeSale','add','',2),('5502119a45805','super','192.168.10.1','2015-03-13 05:24:17','request','suggestItem','',2),('5502119a45805','super','192.168.10.1','2015-03-13 05:24:18','wholeSale','add','',2),('5502119a45805','super','192.168.10.1','2015-03-13 05:33:08','wholeSale','index','',2),('5502119a45805','super','192.168.10.1','2015-03-13 05:34:19','site','error','',2),('5502119a45805','super','192.168.10.1','2015-03-13 05:35:43','wholeSale','index','',2),('5502119a45805','super','192.168.10.1','2015-03-13 05:36:06','wholeSale','index','',2),('5502119a45805','super','192.168.10.1','2015-03-13 05:36:08','wholeSale','index','',2),('5502119a45805','super','192.168.10.1','2015-03-13 05:36:10','wholeSale','index','',2),('5502119a45805','super','192.168.10.1','2015-03-13 05:37:53','wholeSale','index','',2),('5502119a45805','super','192.168.10.1','2015-03-13 05:37:57','wholeSale','index','',2),('5502119a45805','super','192.168.10.1','2015-03-13 05:38:00','wholeSale','index','',2),('5502119a45805','super','192.168.10.1','2015-03-13 05:38:02','wholeSale','index','',2),('5502119a45805','super','192.168.10.1','2015-03-13 05:38:56','wholeSale','index','',2),('5502119a45805','super','192.168.10.1','2015-03-13 05:39:01','wholeSale','index','',2),('5502119a45805','super','192.168.10.1','2015-03-13 05:39:03','wholeSale','index','',2),('5502119a45805','super','192.168.10.1','2015-03-13 05:39:07','wholeSale','index','',2),('5502119a45805','super','192.168.10.1','2015-03-13 05:39:25','wholeSale','index','',2),('5502119a45805','super','192.168.10.1','2015-03-13 05:39:28','wholeSale','index','',2),('5502119a45805','super','192.168.10.1','2015-03-13 05:39:49','wholeSale','index','',2),('5502119a45805','super','192.168.10.1','2015-03-13 05:39:52','wholeSale','index','',2),('5502119a45805','super','192.168.10.1','2015-03-13 05:39:55','wholeSale','index','',2),('5502119a45805','super','192.168.10.1','2015-03-13 05:39:57','wholeSale','index','',2),('5502119a45805','super','192.168.10.1','2015-03-13 05:40:01','wholeSale','index','',2),('5502119a45805','super','192.168.10.1','2015-03-13 05:41:15','wholeSale','index','',2),('5502119a45805','super','192.168.10.1','2015-03-13 05:41:18','wholeSale','index','',2),('5502119a45805','super','192.168.10.1','2015-03-13 05:45:44','wholeSale','index','',2),('5502119a45805','super','192.168.10.1','2015-03-13 05:46:28','wholeSale','index','',2),('5502119a45805','super','192.168.10.1','2015-03-13 05:59:58','wholeSale','index','',2),('5502119a45805','super','192.168.10.1','2015-03-13 06:00:02','wholeSale','index','',2),('','Guest','192.168.10.1','2015-03-13 06:00:11','site','index','',0),('','Guest','192.168.10.1','2015-03-13 06:00:14','site','index','',0),('55021a819922d','super','192.168.10.1','2015-03-13 06:00:17','dashboard','view','',2),('55021a819922d','super','192.168.10.1','2015-03-13 06:00:19','wholeSale','index','',2),('55021a819922d','super','192.168.10.1','2015-03-13 06:00:22','request','suggestItem','',2),('55021a819922d','super','192.168.10.1','2015-03-13 06:00:22','wholeSale','add','',2),('55021a819922d','super','192.168.10.1','2015-03-13 06:00:39','wholeSale','index','',2),('55021a819922d','super','192.168.10.1','2015-03-13 06:05:29','site','error','',2),('55021a819922d','super','192.168.10.1','2015-03-13 06:06:18','wholeSale','index','',2),('55021a819922d','super','192.168.10.1','2015-03-13 06:06:21','wholeSale','index','',2),('55021a819922d','super','192.168.10.1','2015-03-13 06:06:56','site','error','',2),('55021a819922d','super','192.168.10.1','2015-03-13 06:07:04','wholeSale','index','',2),('55021a819922d','super','192.168.10.1','2015-03-13 06:07:18','wholeSale','index','',2),('55021a819922d','super','192.168.10.1','2015-03-13 06:07:51','wholeSale','index','',2),('55021a819922d','super','192.168.10.1','2015-03-13 06:09:14','site','error','',2),('55021a819922d','super','192.168.10.1','2015-03-13 06:09:39','wholeSale','index','',2),('55021a819922d','super','192.168.10.1','2015-03-13 06:09:58','wholeSale','index','',2),('55021a819922d','super','192.168.10.1','2015-03-13 06:10:00','wholeSale','index','',2),('55021a819922d','super','192.168.10.1','2015-03-13 06:10:19','wholeSale','index','',2),('55021a819922d','super','192.168.10.1','2015-03-13 06:13:35','wholeSale','index','',2),('55021a819922d','super','192.168.10.1','2015-03-13 06:13:42','site','error','',2),('55021a819922d','super','192.168.10.1','2015-03-13 06:14:01','wholeSale','index','',2),('55021a819922d','super','192.168.10.1','2015-03-13 06:14:03','wholeSale','setCurrencyType','',2),('55021a819922d','super','192.168.10.1','2015-03-13 06:14:08','wholeSale','setCurrencyType','',2),('55021a819922d','super','192.168.10.1','2015-03-13 06:14:09','wholeSale','setCurrencyType','',2),('55021a819922d','super','192.168.10.1','2015-03-13 06:14:11','wholeSale','setCurrencyType','',2),('55021a819922d','super','192.168.10.1','2015-03-13 06:14:12','wholeSale','setCurrencyType','',2),('55021a819922d','super','192.168.10.1','2015-03-13 06:14:13','wholeSale','setCurrencyType','',2),('55021a819922d','super','192.168.10.1','2015-03-13 06:14:15','wholeSale','setCurrencyType','',2),('55021a819922d','super','192.168.10.1','2015-03-13 06:14:16','wholeSale','setCurrencyType','',2),('55021a819922d','super','192.168.10.1','2015-03-13 06:14:19','wholeSale','setCurrencyType','',2),('55021a819922d','super','192.168.10.1','2015-03-13 06:14:20','wholeSale','setCurrencyType','',2),('55021a819922d','super','192.168.10.1','2015-03-13 06:14:23','wholeSale','setCurrencyType','',2),('55021a819922d','super','192.168.10.1','2015-03-13 06:14:23','wholeSale','setCurrencyType','',2),('55021a819922d','super','192.168.10.1','2015-03-13 06:22:14','wholeSale','index','',2),('55021a819922d','super','192.168.10.1','2015-03-13 06:24:12','wholeSale','index','',2),('55021a819922d','super','192.168.10.1','2015-03-13 06:24:17','wholeSale','AddPayment','',2),('55021a819922d','super','192.168.10.1','2015-03-13 06:24:43','wholeSale','DeletePayment','',2),('55021a819922d','super','192.168.10.1','2015-03-13 06:24:48','wholeSale','AddPayment','',2),('','Guest','192.168.10.1','2015-03-13 07:05:04','site','index','',0),('550229b42984a','super','192.168.10.1','2015-03-13 07:05:08','dashboard','view','',2),('550229b42984a','super','192.168.10.1','2015-03-13 07:05:11','wholeSale','index','',2),('550229b42984a','super','192.168.10.1','2015-03-13 07:05:11','wholeSale','index','',2),('550229b42984a','super','192.168.10.1','2015-03-13 07:05:12','request','suggestItem','',2),('550229b42984a','super','192.168.10.1','2015-03-13 07:05:13','wholeSale','add','',2),('550229b42984a','super','192.168.10.1','2015-03-13 07:05:13','request','suggestItem','',2),('550229b42984a','super','192.168.10.1','2015-03-13 07:05:14','wholeSale','add','',2),('550229b42984a','super','192.168.10.1','2015-03-13 07:05:15','request','suggestItem','',2),('550229b42984a','super','192.168.10.1','2015-03-13 07:05:16','wholeSale','add','',2),('550229b42984a','super','192.168.10.1','2015-03-13 07:05:34','site','error','',2),('550229b42984a','super','192.168.10.1','2015-03-13 07:05:59','site','error','',2),('550229b42984a','super','192.168.10.1','2015-03-13 07:06:13','wholeSale','index','',2),('550229b42984a','super','192.168.10.1','2015-03-13 07:07:09','wholeSale','index','',2),('550229b42984a','super','192.168.10.1','2015-03-13 07:07:12','site','error','',2),('550229b42984a','super','192.168.10.1','2015-03-13 07:13:22','wholeSale','index','',2),('550229b42984a','super','192.168.10.1','2015-03-13 07:13:25','wholeSale','DeletePayment','',2),('550229b42984a','super','192.168.10.1','2015-03-13 07:13:32','wholeSale','AddPayment','',2),('550229b42984a','super','192.168.10.1','2015-03-13 07:13:33','wholeSale','DeletePayment','',2),('550229b42984a','super','192.168.10.1','2015-03-13 07:13:41','wholeSale','index','',2),('550229b42984a','super','192.168.10.1','2015-03-13 07:22:45','wholeSale','index','',2),('550229b42984a','super','192.168.10.1','2015-03-13 07:22:55','wholeSale','index','',2),('550229b42984a','super','192.168.10.1','2015-03-13 07:22:59','wholeSale','AddPayment','',2),('550229b42984a','super','192.168.10.1','2015-03-13 07:23:00','wholeSale','DeletePayment','',2),('550229b42984a','super','192.168.10.1','2015-03-13 07:23:01','wholeSale','AddPayment','',2),('550229b42984a','super','192.168.10.1','2015-03-13 07:23:05','wholeSale','DeletePayment','',2),('550229b42984a','super','192.168.10.1','2015-03-13 07:23:07','wholeSale','AddPayment','',2),('550229b42984a','super','192.168.10.1','2015-03-13 07:23:08','wholeSale','DeletePayment','',2),('550229b42984a','super','192.168.10.1','2015-03-13 07:23:12','wholeSale','AddPayment','',2),('550229b42984a','super','192.168.10.1','2015-03-13 07:23:13','wholeSale','DeletePayment','',2),('550229b42984a','super','192.168.10.1','2015-03-13 07:23:18','wholeSale','AddPayment','',2),('550229b42984a','super','192.168.10.1','2015-03-13 07:23:27','wholeSale','DeletePayment','',2),('550229b42984a','super','192.168.10.1','2015-03-13 07:24:09','wholeSale','index','',2),('550229b42984a','super','192.168.10.1','2015-03-13 07:24:13','wholeSale','AddPayment','',2),('550229b42984a','super','192.168.10.1','2015-03-13 07:24:17','wholeSale','setCurrencyType','',2),('550229b42984a','super','192.168.10.1','2015-03-13 07:24:20','wholeSale','AddPayment','',2),('550229b42984a','super','192.168.10.1','2015-03-13 07:24:36','request','suggestClient','',2),('550229b42984a','super','192.168.10.1','2015-03-13 07:24:36','request','suggestClient','',2),('550229b42984a','super','192.168.10.1','2015-03-13 07:24:37','request','suggestClient','',2),('550229b42984a','super','192.168.10.1','2015-03-13 07:24:38','wholeSale','selectCustomer','',2),('550229b42984a','super','192.168.10.1','2015-03-13 07:25:36','wholeSale','index','',2),('550229b42984a','super','192.168.10.1','2015-03-13 07:25:45','wholeSale','index','',2),('550229b42984a','super','192.168.10.1','2015-03-13 07:25:47','wholeSale','index','',2),('550229b42984a','super','192.168.10.1','2015-03-13 07:25:56','wholeSale','index','',2),('550229b42984a','super','192.168.10.1','2015-03-13 07:26:10','wholeSale','index','',2),('550229b42984a','super','192.168.10.1','2015-03-13 07:26:37','wholeSale','index','',2),('550229b42984a','super','192.168.10.1','2015-03-13 07:26:54','wholeSale','DeletePayment','',2),('550229b42984a','super','192.168.10.1','2015-03-13 07:26:55','wholeSale','DeletePayment','',2),('550229b42984a','super','192.168.10.1','2015-03-13 07:26:57','wholeSale','index','',2),('','Guest','192.168.10.1','2015-03-13 08:22:51','site','index','',0),('55023bf2e4f67','super','192.168.10.1','2015-03-13 08:23:01','dashboard','view','',2),('55023bf2e4f67','super','192.168.10.1','2015-03-13 08:23:12','wholeSale','index','',2),('55023bf2e4f67','super','192.168.10.1','2015-03-13 08:23:12','wholeSale','index','',2),('55023bf2e4f67','super','192.168.10.1','2015-03-13 08:23:16','request','suggestItem','',2),('55023bf2e4f67','super','192.168.10.1','2015-03-13 08:23:20','request','suggestItem','',2),('55023bf2e4f67','super','192.168.10.1','2015-03-13 08:23:21','wholeSale','add','',2),('55023bf2e4f67','super','192.168.10.1','2015-03-13 08:23:23','request','suggestItem','',2),('55023bf2e4f67','super','192.168.10.1','2015-03-13 08:23:24','wholeSale','add','',2),('55023bf2e4f67','super','192.168.10.1','2015-03-13 08:23:29','wholeSale','setCurrencyType','',2),('55023bf2e4f67','super','192.168.10.1','2015-03-13 08:23:32','wholeSale','setCurrencyType','',2),('55023bf2e4f67','super','192.168.10.1','2015-03-13 08:24:24','request','suggestClient','',2),('55023bf2e4f67','super','192.168.10.1','2015-03-13 08:24:28','request','suggestClient','',2),('55023bf2e4f67','super','192.168.10.1','2015-03-13 08:24:29','request','suggestClient','',2),('55023bf2e4f67','super','192.168.10.1','2015-03-13 08:24:29','request','suggestClient','',2),('55023bf2e4f67','super','192.168.10.1','2015-03-13 08:24:29','request','suggestClient','',2),('55023bf2e4f67','super','192.168.10.1','2015-03-13 08:24:30','request','suggestClient','',2),('55023bf2e4f67','super','192.168.10.1','2015-03-13 08:24:35','request','suggestItem','',2),('55023bf2e4f67','super','192.168.10.1','2015-03-13 08:24:36','wholeSale','add','',2),('55023bf2e4f67','super','192.168.10.1','2015-03-13 08:24:47','request','suggestItem','',2),('55023bf2e4f67','super','192.168.10.1','2015-03-13 08:25:58','request','suggestItem','',2),('55023bf2e4f67','super','192.168.10.1','2015-03-13 08:26:00','wholeSale','add','',2),('55023bf2e4f67','super','192.168.10.1','2015-03-13 08:27:11','request','suggestItem','',2),('55023bf2e4f67','super','192.168.10.1','2015-03-13 08:27:11','wholeSale','add','',2),('55023bf2e4f67','super','192.168.10.1','2015-03-13 08:27:20','request','suggestItem','',2),('55023bf2e4f67','super','192.168.10.1','2015-03-13 08:27:21','wholeSale','add','',2),('55023bf2e4f67','super','192.168.10.1','2015-03-13 08:27:33','request','suggestItem','',2),('55023bf2e4f67','super','192.168.10.1','2015-03-13 08:27:44','wholeSale','add','',2),('55023bf2e4f67','super','192.168.10.1','2015-03-13 08:28:53','wholeSale','setCurrencyType','',2),('','Guest','192.168.10.1','2015-03-13 09:55:01','site','index','',0),('','Guest','192.168.10.1','2015-03-13 10:33:14','site','index','',0),('55025a8187906','super','192.168.10.1','2015-03-13 10:33:30','dashboard','view','',2),('55025a8187906','super','192.168.10.1','2015-03-13 10:33:54','wholeSale','index','',2),('55025a8187906','super','192.168.10.1','2015-03-13 10:33:58','request','suggestItem','',2),('55025a8187906','super','192.168.10.1','2015-03-13 10:34:02','request','suggestItem','',2),('55025a8187906','super','192.168.10.1','2015-03-13 10:34:04','wholeSale','add','',2),('55025a8187906','super','192.168.10.1','2015-03-13 10:34:06','request','suggestItem','',2),('55025a8187906','super','192.168.10.1','2015-03-13 10:34:08','wholeSale','add','',2),('55025a8187906','super','192.168.10.1','2015-03-13 10:34:10','request','suggestClient','',2),('55025a8187906','super','192.168.10.1','2015-03-13 10:34:11','request','suggestClient','',2),('55025a8187906','super','192.168.10.1','2015-03-13 10:34:11','request','suggestClient','',2),('55025a8187906','super','192.168.10.1','2015-03-13 10:34:11','request','suggestClient','',2),('55025a8187906','super','192.168.10.1','2015-03-13 10:34:13','wholeSale','selectCustomer','',2),('55025a8187906','super','192.168.10.1','2015-03-13 10:35:20','wholeSale','index','',2),('55025a8187906','super','192.168.10.1','2015-03-13 10:35:25','wholeSale','AddPayment','',2),('55025a8187906','super','192.168.10.1','2015-03-13 10:37:14','wholeSale','DeletePayment','',2),('55025a8187906','super','192.168.10.1','2015-03-13 10:37:18','wholeSale','AddPayment','',2),('55025a8187906','super','192.168.10.1','2015-03-13 10:37:34','wholeSale','setCurrencyType','',2),('55025a8187906','super','192.168.10.1','2015-03-13 10:37:41','wholeSale','AddPayment','',2),('55025a8187906','super','192.168.10.1','2015-03-13 10:38:21','wholeSale','DeletePayment','',2),('55025a8187906','super','192.168.10.1','2015-03-13 10:38:22','wholeSale','DeletePayment','',2),('55025a8187906','super','192.168.10.1','2015-03-13 10:59:56','wholeSale','index','',2),('55025a8187906','super','192.168.10.1','2015-03-13 10:59:59','wholeSale','index','',2),('55025a8187906','super','192.168.10.1','2015-03-13 11:00:12','wholeSale','setCurrencyType','',2),('55025a8187906','super','192.168.10.1','2015-03-13 11:00:16','wholeSale','AddPayment','',2),('55025a8187906','super','192.168.10.1','2015-03-13 11:00:20','wholeSale','setCurrencyType','',2),('55025a8187906','super','192.168.10.1','2015-03-13 11:00:21','wholeSale','AddPayment','',2),('55025a8187906','super','192.168.10.1','2015-03-13 11:00:29','wholeSale','index','',2),('55025a8187906','super','192.168.10.1','2015-03-13 11:02:04','wholeSale','completeSale','',2),('55025a8187906','super','192.168.10.1','2015-03-13 11:02:10','wholeSale','index','',2),('55025a8187906','super','192.168.10.1','2015-03-13 11:02:31','wholeSale','completeSale','',2),('55025a8187906','super','192.168.10.1','2015-03-13 11:02:33','wholeSale','completeSale','',2),('','Guest','192.168.10.1','2015-03-13 15:30:21','site','login','',0),('','Guest','192.168.10.1','2015-03-13 15:34:29','site','login','',0),('5502a119448e3','super','192.168.10.1','2015-03-13 15:34:33','dashboard','view','',2),('5502a119448e3','super','192.168.10.1','2015-03-13 15:34:36','wholeSale','index','',2),('5502a119448e3','super','192.168.10.1','2015-03-13 15:34:38','request','suggestItem','',2),('5502a119448e3','super','192.168.10.1','2015-03-13 15:34:39','wholeSale','add','',2),('5502a119448e3','super','192.168.10.1','2015-03-13 15:34:39','request','suggestItem','',2),('5502a119448e3','super','192.168.10.1','2015-03-13 15:34:40','wholeSale','add','',2),('5502a119448e3','super','192.168.10.1','2015-03-13 15:34:40','request','suggestItem','',2),('5502a119448e3','super','192.168.10.1','2015-03-13 15:34:41','wholeSale','add','',2),('5502a119448e3','super','192.168.10.1','2015-03-13 15:34:48','wholeSale','AddPayment','',2),('5502a119448e3','super','192.168.10.1','2015-03-13 15:34:51','request','suggestClient','',2),('5502a119448e3','super','192.168.10.1','2015-03-13 15:34:51','request','suggestClient','',2),('5502a119448e3','super','192.168.10.1','2015-03-13 15:34:51','request','suggestClient','',2),('5502a119448e3','super','192.168.10.1','2015-03-13 15:34:52','wholeSale','selectCustomer','',2),('5502a119448e3','super','192.168.10.1','2015-03-13 15:34:55','wholeSale','completeSale','',2),('5502a119448e3','super','192.168.10.1','2015-03-13 16:17:33','wholeSale','index','',2),('5502a119448e3','super','192.168.10.1','2015-03-13 16:17:34','request','suggestItem','',2),('5502a119448e3','super','192.168.10.1','2015-03-13 16:17:35','wholeSale','add','',2),('5502a119448e3','super','192.168.10.1','2015-03-13 16:17:35','request','suggestItem','',2),('5502a119448e3','super','192.168.10.1','2015-03-13 16:17:38','request','suggestItem','',2),('5502a119448e3','super','192.168.10.1','2015-03-13 16:17:38','wholeSale','add','',2),('5502a119448e3','super','192.168.10.1','2015-03-13 16:17:40','request','suggestClient','',2),('5502a119448e3','super','192.168.10.1','2015-03-13 16:17:40','request','suggestClient','',2),('5502a119448e3','super','192.168.10.1','2015-03-13 16:17:40','request','suggestClient','',2),('5502a119448e3','super','192.168.10.1','2015-03-13 16:17:40','wholeSale','selectCustomer','',2),('5502a119448e3','super','192.168.10.1','2015-03-13 16:17:44','request','suggestItem','',2),('5502a119448e3','super','192.168.10.1','2015-03-13 16:17:45','wholeSale','add','',2),('5502a119448e3','super','192.168.10.1','2015-03-13 16:17:52','wholeSale','AddPayment','',2),('5502a119448e3','super','192.168.10.1','2015-03-13 16:17:54','wholeSale','setCurrencyType','',2),('5502a119448e3','super','192.168.10.1','2015-03-13 16:17:56','wholeSale','AddPayment','',2),('5502a119448e3','super','192.168.10.1','2015-03-13 16:17:57','wholeSale','completeSale','',2),('5502a119448e3','super','192.168.10.1','2015-03-13 16:18:00','wholeSale','completeSale','',2),('5502a119448e3','super','192.168.10.1','2015-03-13 16:20:40','wholeSale','completeSale','',2),('5502a119448e3','super','192.168.10.1','2015-03-13 16:20:42','wholeSale','completeSale','',2),('','Guest','192.168.10.1','2015-03-13 21:14:03','site','index','',0),('5502f0bf3d01b','super','192.168.10.1','2015-03-13 21:14:25','dashboard','view','',2),('5502f0bf3d01b','super','192.168.10.1','2015-03-13 21:15:27','wholeSale','index','',2),('5502f0bf3d01b','super','192.168.10.1','2015-03-13 21:23:33','request','suggestItem','',2),('5502f0bf3d01b','super','192.168.10.1','2015-03-13 21:23:33','wholeSale','add','',2),('5502f0bf3d01b','super','192.168.10.1','2015-03-13 21:23:34','request','suggestItem','',2),('5502f0bf3d01b','super','192.168.10.1','2015-03-13 21:23:34','wholeSale','add','',2),('5502f0bf3d01b','super','192.168.10.1','2015-03-13 21:23:36','request','suggestClient','',2),('5502f0bf3d01b','super','192.168.10.1','2015-03-13 21:23:36','request','suggestClient','',2),('5502f0bf3d01b','super','192.168.10.1','2015-03-13 21:23:36','request','suggestClient','',2),('5502f0bf3d01b','super','192.168.10.1','2015-03-13 21:23:37','wholeSale','selectCustomer','',2),('5502f0bf3d01b','super','192.168.10.1','2015-03-13 21:23:41','wholeSale','AddPayment','',2),('5502f0bf3d01b','super','192.168.10.1','2015-03-13 21:28:40','wholeSale','completeSale','',2),('5502f0bf3d01b','super','192.168.10.1','2015-03-13 21:29:08','wholeSale','index','',2),('5502f0bf3d01b','super','192.168.10.1','2015-03-13 21:39:00','wholeSale','index','',2),('5502f0bf3d01b','super','192.168.10.1','2015-03-13 21:39:02','request','suggestItem','',2),('5502f0bf3d01b','super','192.168.10.1','2015-03-13 21:39:04','wholeSale','add','',2),('5502f0bf3d01b','super','192.168.10.1','2015-03-13 21:39:04','request','suggestItem','',2),('5502f0bf3d01b','super','192.168.10.1','2015-03-13 21:39:05','wholeSale','add','',2),('5502f0bf3d01b','super','192.168.10.1','2015-03-13 21:39:06','request','suggestItem','',2),('5502f0bf3d01b','super','192.168.10.1','2015-03-13 21:39:06','request','suggestItem','',2),('5502f0bf3d01b','super','192.168.10.1','2015-03-13 21:39:06','request','suggestItem','',2),('5502f0bf3d01b','super','192.168.10.1','2015-03-13 21:39:08','wholeSale','add','',2),('5502f0bf3d01b','super','192.168.10.1','2015-03-13 21:39:08','request','suggestItem','',2),('5502f0bf3d01b','super','192.168.10.1','2015-03-13 21:39:10','wholeSale','add','',2),('5502f0bf3d01b','super','192.168.10.1','2015-03-13 21:39:10','request','suggestItem','',2),('5502f0bf3d01b','super','192.168.10.1','2015-03-13 21:39:11','wholeSale','add','',2),('5502f0bf3d01b','super','192.168.10.1','2015-03-13 21:39:17','request','suggestClient','',2),('5502f0bf3d01b','super','192.168.10.1','2015-03-13 21:39:17','request','suggestClient','',2),('5502f0bf3d01b','super','192.168.10.1','2015-03-13 21:39:17','request','suggestClient','',2),('5502f0bf3d01b','super','192.168.10.1','2015-03-13 21:39:18','wholeSale','selectCustomer','',2),('5502f0bf3d01b','super','192.168.10.1','2015-03-13 21:39:29','wholeSale','AddPayment','',2),('5502f0bf3d01b','super','192.168.10.1','2015-03-13 21:39:38','wholeSale','setCurrencyType','',2),('5502f0bf3d01b','super','192.168.10.1','2015-03-13 21:39:40','wholeSale','AddPayment','',2),('5502f0bf3d01b','super','192.168.10.1','2015-03-13 21:39:48','wholeSale','completeSale','',2),('5502f0bf3d01b','super','192.168.10.1','2015-03-13 21:39:51','wholeSale','index','',2),('5502f0bf3d01b','super','192.168.10.1','2015-03-13 21:41:06','request','suggestClient','',2),('5502f0bf3d01b','super','192.168.10.1','2015-03-13 21:41:06','request','suggestClient','',2),('5502f0bf3d01b','super','192.168.10.1','2015-03-13 21:41:06','request','suggestClient','',2),('5502f0bf3d01b','super','192.168.10.1','2015-03-13 21:41:07','wholeSale','selectCustomer','',2),('5502f0bf3d01b','super','192.168.10.1','2015-03-13 21:41:11','request','suggestItem','',2),('5502f0bf3d01b','super','192.168.10.1','2015-03-13 21:41:12','wholeSale','add','',2),('5502f0bf3d01b','super','192.168.10.1','2015-03-13 21:41:12','request','suggestItem','',2),('5502f0bf3d01b','super','192.168.10.1','2015-03-13 21:41:13','wholeSale','add','',2),('5502f0bf3d01b','super','192.168.10.1','2015-03-13 21:41:14','request','suggestItem','',2),('5502f0bf3d01b','super','192.168.10.1','2015-03-13 21:41:15','wholeSale','add','',2),('5502f0bf3d01b','super','192.168.10.1','2015-03-13 21:41:15','request','suggestItem','',2),('5502f0bf3d01b','super','192.168.10.1','2015-03-13 21:41:16','wholeSale','add','',2),('5502f0bf3d01b','super','192.168.10.1','2015-03-13 21:41:38','wholeSale','setCurrencyType','',2),('5502f0bf3d01b','super','192.168.10.1','2015-03-13 21:41:43','wholeSale','AddPayment','',2),('5502f0bf3d01b','super','192.168.10.1','2015-03-13 21:41:51','wholeSale','AddPayment','',2),('5502f0bf3d01b','super','192.168.10.1','2015-03-13 21:41:57','wholeSale','DeletePayment','',2),('5502f0bf3d01b','super','192.168.10.1','2015-03-13 21:42:02','wholeSale','AddPayment','',2),('5502f0bf3d01b','super','192.168.10.1','2015-03-13 21:42:08','wholeSale','setCurrencyType','',2),('5502f0bf3d01b','super','192.168.10.1','2015-03-13 21:42:13','wholeSale','AddPayment','',2),('5502f0bf3d01b','super','192.168.10.1','2015-03-13 21:42:16','wholeSale','setCurrencyType','',2),('5502f0bf3d01b','super','192.168.10.1','2015-03-13 21:42:22','wholeSale','AddPayment','',2),('5502f0bf3d01b','super','192.168.10.1','2015-03-13 21:43:46','wholeSale','DeletePayment','',2),('5502f0bf3d01b','super','192.168.10.1','2015-03-13 21:43:48','wholeSale','setCurrencyType','',2),('5502f0bf3d01b','super','192.168.10.1','2015-03-13 21:44:03','wholeSale','AddPayment','',2),('5502f0bf3d01b','super','192.168.10.1','2015-03-13 21:44:43','wholeSale','completeSale','',2),('5502f0bf3d01b','super','192.168.10.1','2015-03-13 21:44:46','wholeSale','index','',2),('5502f0bf3d01b','super','192.168.10.1','2015-03-13 21:44:49','request','suggestClient','',2),('5502f0bf3d01b','super','192.168.10.1','2015-03-13 21:44:49','request','suggestClient','',2),('5502f0bf3d01b','super','192.168.10.1','2015-03-13 21:44:49','request','suggestClient','',2),('5502f0bf3d01b','super','192.168.10.1','2015-03-13 21:44:50','wholeSale','selectCustomer','',2),('5502f0bf3d01b','super','192.168.10.1','2015-03-13 21:51:09','wholeSale','index','',2),('5502f0bf3d01b','super','192.168.10.1','2015-03-13 21:51:11','wholeSale','add','',2),('5502f0bf3d01b','super','192.168.10.1','2015-03-13 21:51:20','wholeSale','index','',2),('5502f0bf3d01b','super','192.168.10.1','2015-03-13 21:51:25','wholeSale','removeCustomer','',2),('5502f0bf3d01b','super','192.168.10.1','2015-03-13 21:51:27','request','suggestClient','',2),('5502f0bf3d01b','super','192.168.10.1','2015-03-13 21:51:27','request','suggestClient','',2),('5502f0bf3d01b','super','192.168.10.1','2015-03-13 21:51:29','request','suggestClient','',2),('5502f0bf3d01b','super','192.168.10.1','2015-03-13 21:51:29','request','suggestClient','',2),('5502f0bf3d01b','super','192.168.10.1','2015-03-13 21:51:29','request','suggestClient','',2),('5502f0bf3d01b','super','192.168.10.1','2015-03-13 21:51:30','wholeSale','selectCustomer','',2),('5502f0bf3d01b','super','192.168.10.1','2015-03-13 21:51:33','request','suggestItem','',2),('5502f0bf3d01b','super','192.168.10.1','2015-03-13 21:51:34','wholeSale','add','',2),('5502f0bf3d01b','super','192.168.10.1','2015-03-13 21:51:34','request','suggestItem','',2),('5502f0bf3d01b','super','192.168.10.1','2015-03-13 21:51:35','wholeSale','add','',2),('5502f0bf3d01b','super','192.168.10.1','2015-03-13 21:51:35','request','suggestItem','',2),('5502f0bf3d01b','super','192.168.10.1','2015-03-13 21:51:36','wholeSale','add','',2),('5502f0bf3d01b','super','192.168.10.1','2015-03-13 21:51:36','request','suggestItem','',2),('5502f0bf3d01b','super','192.168.10.1','2015-03-13 21:51:37','wholeSale','add','',2),('5502f0bf3d01b','super','192.168.10.1','2015-03-13 21:51:38','request','suggestItem','',2),('5502f0bf3d01b','super','192.168.10.1','2015-03-13 21:51:38','wholeSale','add','',2),('5502f0bf3d01b','super','192.168.10.1','2015-03-13 21:52:20','request','suggestItem','',2),('5502f0bf3d01b','super','192.168.10.1','2015-03-13 21:52:22','wholeSale','add','',2),('5502f0bf3d01b','super','192.168.10.1','2015-03-13 21:52:22','request','suggestItem','',2),('5502f0bf3d01b','super','192.168.10.1','2015-03-13 21:52:24','wholeSale','add','',2),('5502f0bf3d01b','super','192.168.10.1','2015-03-13 21:52:42','wholeSale','ListSuspendedSale','',2),('5502f0bf3d01b','super','192.168.10.1','2015-03-13 21:52:44','wholeSale','index','',2),('5502f0bf3d01b','super','192.168.10.1','2015-03-13 21:52:49','item','createImage','',2),('5502f0bf3d01b','super','192.168.10.1','2015-03-13 21:52:52','wholeSale','index','',2),('5502f0bf3d01b','super','192.168.10.1','2015-03-13 21:54:45','wholeSale','DeleteItem','',2),('5502f0bf3d01b','super','192.168.10.1','2015-03-13 21:54:46','wholeSale','DeleteItem','',2),('','Guest','192.168.10.1','2015-03-13 21:54:50','site','index','',0),('','Guest','192.168.10.1','2015-03-14 16:37:01','site','index','',0),('550401429ef3f','super','192.168.10.1','2015-03-14 16:37:08','dashboard','view','',2),('','Guest','192.168.10.1','2015-03-14 20:44:33','site','index','',0),('55043b4759091','super','192.168.10.1','2015-03-14 20:44:40','dashboard','view','',2),('55043b4759091','super','192.168.10.1','2015-03-14 20:44:53','wholeSale','index','',2),('55043b4759091','super','192.168.10.1','2015-03-14 20:44:57','item','admin','',2),('55043b4759091','super','192.168.10.1','2015-03-14 20:45:00','item','createImage','',2),('55043b4759091','super','192.168.10.1','2015-03-14 20:45:09','item','createImage','',2),('55043b4759091','super','192.168.10.1','2015-03-14 20:45:11','wholeSale','index','',2),('55043b4759091','super','192.168.10.1','2015-03-14 20:45:12','request','suggestItem','',2),('55043b4759091','super','192.168.10.1','2015-03-14 20:45:13','wholeSale','add','',2),('55043b4759091','super','192.168.10.1','2015-03-14 20:45:13','request','suggestItem','',2),('55043b4759091','super','192.168.10.1','2015-03-14 20:45:14','wholeSale','add','',2),('55043b4759091','super','192.168.10.1','2015-03-14 20:45:14','request','suggestItem','',2),('55043b4759091','super','192.168.10.1','2015-03-14 20:45:16','wholeSale','add','',2),('55043b4759091','super','192.168.10.1','2015-03-14 20:45:19','wholeSale','index','',2),('55043b4759091','super','192.168.10.1','2015-03-14 20:45:51','wholeSale','index','',2),('55043b4759091','super','192.168.10.1','2015-03-14 20:46:00','wholeSale','index','',2),('','Guest','192.168.10.1','2015-03-14 20:46:02','site','index','',0),('55043b9c56fbe','super','192.168.10.1','2015-03-14 20:46:04','dashboard','view','',2),('55043b9c56fbe','super','192.168.10.1','2015-03-14 20:46:06','wholeSale','index','',2),('55043b9c56fbe','super','192.168.10.1','2015-03-14 20:46:07','request','suggestItem','',2),('55043b9c56fbe','super','192.168.10.1','2015-03-14 20:46:08','wholeSale','add','',2),('55043b9c56fbe','super','192.168.10.1','2015-03-14 20:46:08','request','suggestItem','',2),('55043b9c56fbe','super','192.168.10.1','2015-03-14 20:46:08','wholeSale','add','',2),('55043b9c56fbe','super','192.168.10.1','2015-03-14 20:46:09','request','suggestItem','',2),('55043b9c56fbe','super','192.168.10.1','2015-03-14 20:46:10','wholeSale','add','',2),('55043b9c56fbe','super','192.168.10.1','2015-03-14 20:46:10','request','suggestItem','',2),('55043b9c56fbe','super','192.168.10.1','2015-03-14 20:46:11','wholeSale','add','',2),('55043b9c56fbe','super','192.168.10.1','2015-03-14 20:46:12','request','suggestItem','',2),('55043b9c56fbe','super','192.168.10.1','2015-03-14 20:46:13','wholeSale','add','',2),('55043b9c56fbe','super','192.168.10.1','2015-03-14 20:46:17','wholeSale','index','',2),('','Guest','192.168.10.1','2015-03-14 20:46:33','site','login','',0),('55043b9c56fbe','super','192.168.10.1','2015-03-14 20:46:44','wholeSale','index','',2),('55043b9c56fbe','super','192.168.10.1','2015-03-14 20:50:18','wholeSale','index','',2),('55043b9c56fbe','super','192.168.10.1','2015-03-14 20:50:24','wholeSale','editItem','',2),('55043b9c56fbe','super','192.168.10.1','2015-03-14 20:50:29','wholeSale','setCurrencyType','',2),('55043b9c56fbe','super','192.168.10.1','2015-03-14 20:50:30','wholeSale','setCurrencyType','',2),('55043b9c56fbe','super','192.168.10.1','2015-03-14 20:50:32','wholeSale','setCurrencyType','',2),('55043b9c56fbe','super','192.168.10.1','2015-03-14 20:50:33','wholeSale','setCurrencyType','',2),('55043b9c56fbe','super','192.168.10.1','2015-03-14 20:50:36','wholeSale','AddPayment','',2),('55043b9c56fbe','super','192.168.10.1','2015-03-14 20:50:46','wholeSale','DeletePayment','',2),('55043b9c56fbe','super','192.168.10.1','2015-03-14 20:50:48','wholeSale','setCurrencyType','',2),('55043b9c56fbe','super','192.168.10.1','2015-03-14 20:50:51','wholeSale','AddPayment','',2),('55043b9c56fbe','super','192.168.10.1','2015-03-14 20:50:55','wholeSale','setCurrencyType','',2),('55043b9c56fbe','super','192.168.10.1','2015-03-14 20:50:58','wholeSale','AddPayment','',2),('55043b9c56fbe','super','192.168.10.1','2015-03-14 20:51:06','wholeSale','DeletePayment','',2),('55043b9c56fbe','super','192.168.10.1','2015-03-14 20:51:08','wholeSale','DeletePayment','',2),('55043b9c56fbe','super','192.168.10.1','2015-03-14 20:51:21','request','suggestClient','',2),('55043b9c56fbe','super','192.168.10.1','2015-03-14 20:51:21','request','suggestClient','',2),('55043b9c56fbe','super','192.168.10.1','2015-03-14 20:51:21','request','suggestClient','',2),('55043b9c56fbe','super','192.168.10.1','2015-03-14 20:51:22','request','suggestClient','',2),('55043b9c56fbe','super','192.168.10.1','2015-03-14 20:51:22','request','suggestClient','',2),('55043b9c56fbe','super','192.168.10.1','2015-03-14 20:51:22','request','suggestClient','',2),('55043b9c56fbe','super','192.168.10.1','2015-03-14 20:51:22','request','suggestClient','',2),('55043b9c56fbe','super','192.168.10.1','2015-03-14 20:51:24','request','suggestClient','',2),('55043b9c56fbe','super','192.168.10.1','2015-03-14 20:51:24','request','suggestClient','',2),('55043b9c56fbe','super','192.168.10.1','2015-03-14 20:51:24','request','suggestClient','',2),('55043b9c56fbe','super','192.168.10.1','2015-03-14 20:51:24','request','suggestClient','',2),('55043b9c56fbe','super','192.168.10.1','2015-03-14 20:51:25','wholeSale','selectCustomer','',2),('55043b9c56fbe','super','192.168.10.1','2015-03-14 20:51:27','wholeSale','removeCustomer','',2),('55043b9c56fbe','super','192.168.10.1','2015-03-14 20:51:28','request','suggestClient','',2),('55043b9c56fbe','super','192.168.10.1','2015-03-14 20:51:29','request','suggestClient','',2),('55043b9c56fbe','super','192.168.10.1','2015-03-14 20:51:29','request','suggestClient','',2),('55043b9c56fbe','super','192.168.10.1','2015-03-14 20:51:29','wholeSale','selectCustomer','',2),('55043b9c56fbe','super','192.168.10.1','2015-03-14 20:51:47','wholeSale','cancelSale','',2),('55043b9c56fbe','super','192.168.10.1','2015-03-14 20:51:48','wholeSale','index','',2),('','Guest','192.168.10.1','2015-03-15 16:31:15','site','index','',0),('5505516a93e5e','super','192.168.10.1','2015-03-15 16:31:23','dashboard','view','',2),('5505516a93e5e','super','192.168.10.1','2015-03-15 16:31:30','wholeSale','index','',2),('','Guest','192.168.10.1','2015-03-16 08:37:29','site','login','',0),('','Guest','192.168.10.1','2015-03-19 07:54:29','site','index','',0),('550a1e735bf0e','super','192.168.10.1','2015-03-19 07:55:19','dashboard','view','',2),('550a1e735bf0e','super','192.168.10.1','2015-03-19 07:55:35','client','admin','',2),('550a1e735bf0e','super','192.168.10.1','2015-03-19 07:55:40','client','update','',2),('550a1e735bf0e','super','192.168.10.1','2015-03-19 07:55:42','client','admin','',2),('550a1e735bf0e','super','192.168.10.1','2015-03-19 07:56:13','client','update','',2),('550a1e735bf0e','super','192.168.10.1','2015-03-19 07:56:15','client','admin','',2),('550a1e735bf0e','super','192.168.10.1','2015-03-19 07:56:17','client','create','',2),('550a1e735bf0e','super','192.168.10.1','2015-03-19 07:57:39','client','create','',2),('550a1e735bf0e','super','192.168.10.1','2015-03-19 07:57:43','client','admin','',2),('','Guest','192.168.10.1','2015-03-19 12:47:49','site','index','',0),('550a63095a6a6','super','192.168.10.1','2015-03-19 12:47:54','dashboard','view','',2),('550a63095a6a6','super','192.168.10.1','2015-03-19 12:47:57','wholeSale','index','',2),('550a63095a6a6','super','192.168.10.1','2015-03-19 12:48:01','request','suggestItem','',2),('550a63095a6a6','super','192.168.10.1','2015-03-19 12:48:04','wholeSale','index','',2),('550a63095a6a6','super','192.168.10.1','2015-03-19 12:48:05','request','suggestItem','',2),('550a63095a6a6','super','192.168.10.1','2015-03-19 12:48:06','wholeSale','add','',2),('550a63095a6a6','super','192.168.10.1','2015-03-19 12:48:06','request','suggestItem','',2),('550a63095a6a6','super','192.168.10.1','2015-03-19 12:48:07','wholeSale','add','',2),('550a63095a6a6','super','192.168.10.1','2015-03-19 12:48:07','request','suggestItem','',2),('550a63095a6a6','super','192.168.10.1','2015-03-19 12:48:08','wholeSale','add','',2),('550a63095a6a6','super','192.168.10.1','2015-03-19 12:48:08','request','suggestItem','',2),('550a63095a6a6','super','192.168.10.1','2015-03-19 12:48:09','request','suggestItem','',2),('550a63095a6a6','super','192.168.10.1','2015-03-19 12:48:10','wholeSale','add','',2),('550a63095a6a6','super','192.168.10.1','2015-03-19 12:48:13','request','suggestItem','',2),('550a63095a6a6','super','192.168.10.1','2015-03-19 12:48:17','wholeSale','add','',2),('550a63095a6a6','super','192.168.10.1','2015-03-19 12:48:20','request','suggestClient','',2),('550a63095a6a6','super','192.168.10.1','2015-03-19 12:48:20','request','suggestClient','',2),('550a63095a6a6','super','192.168.10.1','2015-03-19 12:48:20','request','suggestClient','',2),('550a63095a6a6','super','192.168.10.1','2015-03-19 12:48:21','wholeSale','selectCustomer','',2),('550a63095a6a6','super','192.168.10.1','2015-03-19 12:48:27','wholeSale','setCurrencyType','',2),('550a63095a6a6','super','192.168.10.1','2015-03-19 12:48:28','wholeSale','setCurrencyType','',2),('550a63095a6a6','super','192.168.10.1','2015-03-19 12:48:29','wholeSale','setCurrencyType','',2),('550a63095a6a6','super','192.168.10.1','2015-03-19 12:48:33','wholeSale','setCurrencyType','',2),('550a63095a6a6','super','192.168.10.1','2015-03-19 12:48:36','wholeSale','AddPayment','',2),('550a63095a6a6','super','192.168.10.1','2015-03-19 12:48:44','wholeSale','DeletePayment','',2),('550a63095a6a6','super','192.168.10.1','2015-03-19 12:48:47','wholeSale','AddPayment','',2),('550a63095a6a6','super','192.168.10.1','2015-03-19 12:48:53','wholeSale','completeSale','',2),('550a63095a6a6','super','192.168.10.1','2015-03-19 12:50:16','wholeSale','index','',2),('550a63095a6a6','super','192.168.10.1','2015-03-19 12:50:18','request','suggestItem','',2),('550a63095a6a6','super','192.168.10.1','2015-03-19 12:50:19','wholeSale','add','',2),('550a63095a6a6','super','192.168.10.1','2015-03-19 12:50:19','request','suggestItem','',2),('550a63095a6a6','super','192.168.10.1','2015-03-19 12:50:20','wholeSale','add','',2),('550a63095a6a6','super','192.168.10.1','2015-03-19 12:50:20','request','suggestItem','',2),('550a63095a6a6','super','192.168.10.1','2015-03-19 12:50:21','wholeSale','add','',2),('550a63095a6a6','super','192.168.10.1','2015-03-19 12:50:22','request','suggestItem','',2),('550a63095a6a6','super','192.168.10.1','2015-03-19 12:50:22','wholeSale','add','',2),('550a63095a6a6','super','192.168.10.1','2015-03-19 12:50:25','request','suggestClient','',2),('550a63095a6a6','super','192.168.10.1','2015-03-19 12:50:25','request','suggestClient','',2),('550a63095a6a6','super','192.168.10.1','2015-03-19 12:50:25','request','suggestClient','',2),('550a63095a6a6','super','192.168.10.1','2015-03-19 12:50:26','wholeSale','selectCustomer','',2),('550a63095a6a6','super','192.168.10.1','2015-03-19 12:50:29','wholeSale','AddPayment','',2),('550a63095a6a6','super','192.168.10.1','2015-03-19 12:50:31','wholeSale','setCurrencyType','',2),('550a63095a6a6','super','192.168.10.1','2015-03-19 12:50:33','wholeSale','AddPayment','',2),('550a63095a6a6','super','192.168.10.1','2015-03-19 12:50:40','wholeSale','completeSale','',2),('550a63095a6a6','super','192.168.10.1','2015-03-19 12:51:30','wholeSale','index','',2),('550a63095a6a6','super','192.168.10.1','2015-03-19 12:51:31','request','suggestItem','',2),('550a63095a6a6','super','192.168.10.1','2015-03-19 12:51:32','wholeSale','add','',2),('550a63095a6a6','super','192.168.10.1','2015-03-19 12:51:32','request','suggestItem','',2),('550a63095a6a6','super','192.168.10.1','2015-03-19 12:51:33','wholeSale','add','',2),('550a63095a6a6','super','192.168.10.1','2015-03-19 12:51:33','request','suggestItem','',2),('550a63095a6a6','super','192.168.10.1','2015-03-19 12:51:34','wholeSale','add','',2),('550a63095a6a6','super','192.168.10.1','2015-03-19 12:51:34','request','suggestItem','',2),('550a63095a6a6','super','192.168.10.1','2015-03-19 12:51:35','wholeSale','add','',2),('550a63095a6a6','super','192.168.10.1','2015-03-19 12:51:35','request','suggestItem','',2),('550a63095a6a6','super','192.168.10.1','2015-03-19 12:51:36','wholeSale','add','',2),('550a63095a6a6','super','192.168.10.1','2015-03-19 12:51:37','request','suggestClient','',2),('550a63095a6a6','super','192.168.10.1','2015-03-19 12:51:38','request','suggestClient','',2),('550a63095a6a6','super','192.168.10.1','2015-03-19 12:51:38','request','suggestClient','',2),('550a63095a6a6','super','192.168.10.1','2015-03-19 12:51:38','request','suggestClient','',2),('550a63095a6a6','super','192.168.10.1','2015-03-19 12:51:39','wholeSale','selectCustomer','',2),('550a63095a6a6','super','192.168.10.1','2015-03-19 12:51:41','wholeSale','AddPayment','',2),('550a63095a6a6','super','192.168.10.1','2015-03-19 12:51:43','wholeSale','DeletePayment','',2),('550a63095a6a6','super','192.168.10.1','2015-03-19 12:52:21','wholeSale','index','',2),('550a63095a6a6','super','192.168.10.1','2015-03-19 12:52:23','wholeSale','AddPayment','',2),('550a63095a6a6','super','192.168.10.1','2015-03-19 12:52:25','wholeSale','setCurrencyType','',2),('550a63095a6a6','super','192.168.10.1','2015-03-19 12:52:26','wholeSale','AddPayment','',2),('550a63095a6a6','super','192.168.10.1','2015-03-19 12:52:27','wholeSale','setCurrencyType','',2),('550a63095a6a6','super','192.168.10.1','2015-03-19 12:52:29','wholeSale','AddPayment','',2),('550a63095a6a6','super','192.168.10.1','2015-03-19 12:52:31','wholeSale','DeletePayment','',2),('550a63095a6a6','super','192.168.10.1','2015-03-19 12:52:32','wholeSale','DeletePayment','',2),('550a63095a6a6','super','192.168.10.1','2015-03-19 12:52:32','wholeSale','DeletePayment','',2),('550a63095a6a6','super','192.168.10.1','2015-03-19 12:52:36','wholeSale','index','',2),('550a63095a6a6','super','192.168.10.1','2015-03-19 12:52:38','wholeSale','index','',2),('550a63095a6a6','super','192.168.10.1','2015-03-19 12:52:43','wholeSale','removeCustomer','',2),('550a63095a6a6','super','192.168.10.1','2015-03-19 12:52:44','request','suggestClient','',2),('550a63095a6a6','super','192.168.10.1','2015-03-19 12:52:45','request','suggestClient','',2),('550a63095a6a6','super','192.168.10.1','2015-03-19 12:52:45','request','suggestClient','',2),('550a63095a6a6','super','192.168.10.1','2015-03-19 12:52:46','wholeSale','selectCustomer','',2),('550a63095a6a6','super','192.168.10.1','2015-03-19 12:52:51','item','admin','',2),('550a63095a6a6','super','192.168.10.1','2015-03-19 12:52:54','item','createImage','',2),('550a63095a6a6','super','192.168.10.1','2015-03-19 12:53:40','item','createImage','',2),('550a63095a6a6','super','192.168.10.1','2015-03-19 12:55:07','item','createImage','',2),('550a63095a6a6','super','192.168.10.1','2015-03-19 12:55:13','item','admin','',2),('','Guest','192.168.10.1','2015-03-20 13:06:20','site','index','',0),('550bb8e54cccb','super','192.168.10.1','2015-03-20 13:06:33','dashboard','view','',2),('550bb8e54cccb','super','192.168.10.1','2015-03-20 13:06:40','item','admin','',2),('550bb8e54cccb','super','192.168.10.1','2015-03-20 13:07:31','item','createImage','',2),('550bb8e54cccb','super','192.168.10.1','2015-03-20 13:07:43','priceTier','admin','',2),('550bb8e54cccb','super','192.168.10.1','2015-03-20 13:08:00','wholeSale','index','',2),('550bb8e54cccb','super','192.168.10.1','2015-03-20 13:08:08','priceTier','admin','',2),('550bb8e54cccb','super','192.168.10.1','2015-03-20 13:08:54','priceTier','admin','',2),('550bb8e54cccb','super','192.168.10.1','2015-03-20 13:09:51','priceTier','admin','',2),('','Guest','192.168.10.1','2015-03-20 18:28:36','site','index','',0),('550c046841331','super','192.168.10.1','2015-03-20 18:28:40','dashboard','view','',2),('550c046841331','super','192.168.10.1','2015-03-20 18:28:47','item','admin','',2),('550c046841331','super','192.168.10.1','2015-03-20 18:28:49','item','createImage','',2),('550c046841331','super','192.168.10.1','2015-03-20 18:28:57','item','admin','',2),('550c046841331','super','192.168.10.1','2015-03-20 18:29:03','report','SaleInvoice','',2),('550c046841331','super','192.168.10.1','2015-03-20 18:29:06','report','SaleInvoice','',2),('550c046841331','super','192.168.10.1','2015-03-20 18:29:07','report','SaleInvoice','',2),('550c046841331','super','192.168.10.1','2015-03-20 18:29:09','report','SaleInvoice','',2),('550c046841331','super','192.168.10.1','2015-03-20 18:29:13','report','SaleInvoice','',2),('','Guest','192.168.10.1','2015-03-20 19:07:42','site','index','',0),('','Guest','192.168.10.1','2015-03-20 19:12:33','site','index','',0),('550c0eb693e7e','super','192.168.10.1','2015-03-20 19:12:38','dashboard','view','',2),('550c0eb693e7e','super','192.168.10.1','2015-03-20 19:12:40','wholeSale','index','',2),('550c0eb693e7e','super','192.168.10.1','2015-03-20 19:12:44','request','suggestItem','',2),('550c0eb693e7e','super','192.168.10.1','2015-03-20 19:12:45','wholeSale','add','',2),('550c0eb693e7e','super','192.168.10.1','2015-03-20 19:12:45','request','suggestItem','',2),('550c0eb693e7e','super','192.168.10.1','2015-03-20 19:12:46','wholeSale','add','',2),('550c0eb693e7e','super','192.168.10.1','2015-03-20 19:12:46','request','suggestItem','',2),('550c0eb693e7e','super','192.168.10.1','2015-03-20 19:12:47','wholeSale','add','',2),('550c0eb693e7e','super','192.168.10.1','2015-03-20 19:12:47','request','suggestItem','',2),('550c0eb693e7e','super','192.168.10.1','2015-03-20 19:12:48','wholeSale','add','',2),('550c0eb693e7e','super','192.168.10.1','2015-03-20 19:12:48','request','suggestItem','',2),('550c0eb693e7e','super','192.168.10.1','2015-03-20 19:12:50','wholeSale','add','',2),('550c0eb693e7e','super','192.168.10.1','2015-03-20 19:12:58','wholeSale','SetPriceTier','',2),('550c0eb693e7e','super','192.168.10.1','2015-03-20 19:12:59','wholeSale','SetPriceTier','',2),('550c0eb693e7e','super','192.168.10.1','2015-03-20 19:13:00','wholeSale','SetPriceTier','',2),('550c0eb693e7e','super','192.168.10.1','2015-03-20 19:13:02','wholeSale','SetPriceTier','',2),('550c0eb693e7e','super','192.168.10.1','2015-03-20 19:13:02','wholeSale','SetPriceTier','',2),('550c0eb693e7e','super','192.168.10.1','2015-03-20 19:13:03','wholeSale','SetPriceTier','',2),('550c0eb693e7e','super','192.168.10.1','2015-03-20 19:13:04','wholeSale','SetPriceTier','',2),('550c0eb693e7e','super','192.168.10.1','2015-03-20 19:13:06','wholeSale','SetPriceTier','',2),('550c0eb693e7e','super','192.168.10.1','2015-03-20 19:13:08','item','admin','',2),('550c0eb693e7e','super','192.168.10.1','2015-03-20 19:13:12','item','UpdateImage','',2),('550c0eb693e7e','super','192.168.10.1','2015-03-20 19:13:26','item','admin','',2),('550c0eb693e7e','super','192.168.10.1','2015-03-20 19:13:28','wholeSale','index','',2),('550c0eb693e7e','super','192.168.10.1','2015-03-20 19:13:31','wholeSale','SetPriceTier','',2),('550c0eb693e7e','super','192.168.10.1','2015-03-20 19:13:40','request','suggestItem','',2),('550c0eb693e7e','super','192.168.10.1','2015-03-20 19:13:40','request','suggestItem','',2),('550c0eb693e7e','super','192.168.10.1','2015-03-20 19:13:41','request','suggestItem','',2),('550c0eb693e7e','super','192.168.10.1','2015-03-20 19:13:43','wholeSale','add','',2),('550c0eb693e7e','super','192.168.10.1','2015-03-20 19:13:48','item','admin','',2),('550c0eb693e7e','super','192.168.10.1','2015-03-20 19:13:51','item','UpdateImage','',2),('550c0eb693e7e','super','192.168.10.1','2015-03-20 19:14:06','item','admin','',2),('550c0eb693e7e','super','192.168.10.1','2015-03-20 19:14:08','item','UpdateImage','',2),('550c0eb693e7e','super','192.168.10.1','2015-03-20 19:16:43','item','admin','',2),('550c0eb693e7e','super','192.168.10.1','2015-03-20 19:16:45','item','UpdateImage','',2),('550c0eb693e7e','super','192.168.10.1','2015-03-20 19:20:03','priceTier','admin','',2),('550c0eb693e7e','super','192.168.10.1','2015-03-20 19:20:06','settings','index','',2),('550c0eb693e7e','super','192.168.10.1','2015-03-20 19:20:11','settings','index','',2),('550c0eb693e7e','super','192.168.10.1','2015-03-20 19:20:12','item','admin','',2),('550c0eb693e7e','super','192.168.10.1','2015-03-20 19:20:17','item','UpdateImage','',2),('550c0eb693e7e','super','192.168.10.1','2015-03-20 19:20:23','wholeSale','index','',2),('550c0eb693e7e','super','192.168.10.1','2015-03-20 19:20:25','wholeSale','SetPriceTier','',2),('550c0eb693e7e','super','192.168.10.1','2015-03-20 19:20:28','wholeSale','SetPriceTier','',2),('550c0eb693e7e','super','192.168.10.1','2015-03-20 19:21:53','wholeSale','SetPriceTier','',2),('550c0eb693e7e','super','192.168.10.1','2015-03-20 19:21:55','wholeSale','SetPriceTier','',2),('550c0eb693e7e','super','192.168.10.1','2015-03-20 19:22:08','wholeSale','SetPriceTier','',2),('550c0eb693e7e','super','192.168.10.1','2015-03-20 19:23:05','wholeSale','SetPriceTier','',2),('550c0eb693e7e','super','192.168.10.1','2015-03-20 19:23:12','wholeSale','SetPriceTier','',2),('550c0eb693e7e','super','192.168.10.1','2015-03-20 19:23:17','wholeSale','SetPriceTier','',2),('550c0eb693e7e','super','192.168.10.1','2015-03-20 19:23:31','wholeSale','index','',2),('','Guest','192.168.10.1','2015-03-20 21:29:43','site','index','',0),('550c2ef505b7a','super','192.168.10.1','2015-03-20 21:30:15','dashboard','view','',2),('550c2ef505b7a','super','192.168.10.1','2015-03-20 21:30:19','wholeSale','index','',2),('550c2ef505b7a','super','192.168.10.1','2015-03-20 21:30:22','request','suggestItem','',2),('550c2ef505b7a','super','192.168.10.1','2015-03-20 21:30:23','wholeSale','add','',2),('550c2ef505b7a','super','192.168.10.1','2015-03-20 21:30:27','wholeSale','SetPriceTier','',2),('550c2ef505b7a','super','192.168.10.1','2015-03-20 21:30:29','wholeSale','SetPriceTier','',2),('550c2ef505b7a','super','192.168.10.1','2015-03-20 21:30:30','wholeSale','SetPriceTier','',2),('550c2ef505b7a','super','192.168.10.1','2015-03-20 21:30:31','wholeSale','SetPriceTier','',2),('550c2ef505b7a','super','192.168.10.1','2015-03-20 21:30:33','wholeSale','SetPriceTier','',2),('550c2ef505b7a','super','192.168.10.1','2015-03-20 21:30:34','wholeSale','SetPriceTier','',2),('550c2ef505b7a','super','192.168.10.1','2015-03-20 21:30:35','wholeSale','SetPriceTier','',2),('550c2ef505b7a','super','192.168.10.1','2015-03-20 21:30:37','wholeSale','SetPriceTier','',2),('550c2ef505b7a','super','192.168.10.1','2015-03-20 21:30:38','wholeSale','SetPriceTier','',2),('550c2ef505b7a','super','192.168.10.1','2015-03-20 21:30:41','wholeSale','SetPriceTier','',2),('550c2ef505b7a','super','192.168.10.1','2015-03-20 21:30:41','wholeSale','SetPriceTier','',2),('550c2ef505b7a','super','192.168.10.1','2015-03-20 21:30:44','wholeSale','index','',2),('550c2ef505b7a','super','192.168.10.1','2015-03-20 21:31:25','request','suggestClient','',2),('550c2ef505b7a','super','192.168.10.1','2015-03-20 21:31:26','wholeSale','selectCustomer','',2),('550c2ef505b7a','super','192.168.10.1','2015-03-20 21:31:28','wholeSale','removeCustomer','',2),('550c2ef505b7a','super','192.168.10.1','2015-03-20 21:32:44','wholeSale','index','',2),('550c2ef505b7a','super','192.168.10.1','2015-03-20 21:32:59','request','suggestItem','',2),('550c2ef505b7a','super','192.168.10.1','2015-03-20 21:33:01','wholeSale','add','',2),('550c2ef505b7a','super','192.168.10.1','2015-03-20 21:33:05','wholeSale','setCurrencyType','',2),('550c2ef505b7a','super','192.168.10.1','2015-03-20 21:33:13','wholeSale','AddPayment','',2),('550c2ef505b7a','super','192.168.10.1','2015-03-20 21:33:26','wholeSale','setCurrencyType','',2),('550c2ef505b7a','super','192.168.10.1','2015-03-20 21:37:31','wholeSale','index','',2),('550c2ef505b7a','super','192.168.10.1','2015-03-20 21:37:34','wholeSale','DeletePayment','',2),('550c2ef505b7a','super','192.168.10.1','2015-03-20 21:37:38','wholeSale','AddPayment','',2),('550c2ef505b7a','super','192.168.10.1','2015-03-20 21:37:43','wholeSale','setCurrencyType','',2),('550c2ef505b7a','super','192.168.10.1','2015-03-20 21:37:47','wholeSale','index','',2),('550c2ef505b7a','super','192.168.10.1','2015-03-20 21:38:09','wholeSale','index','',2),('550c2ef505b7a','super','192.168.10.1','2015-03-20 21:38:12','wholeSale','AddPayment','',2),('550c2ef505b7a','super','192.168.10.1','2015-03-20 21:38:17','wholeSale','setCurrencyType','',2),('550c2ef505b7a','super','192.168.10.1','2015-03-20 21:38:19','wholeSale','AddPayment','',2),('550c2ef505b7a','super','192.168.10.1','2015-03-20 21:38:22','wholeSale','DeletePayment','',2),('550c2ef505b7a','super','192.168.10.1','2015-03-20 21:38:23','wholeSale','DeletePayment','',2),('550c2ef505b7a','super','192.168.10.1','2015-03-20 21:39:12','wholeSale','completeSale','',2),('550c2ef505b7a','super','192.168.10.1','2015-03-20 21:39:14','wholeSale','completeSale','',2),('550c2ef505b7a','super','192.168.10.1','2015-03-20 21:39:16','wholeSale','index','',2),('550c2ef505b7a','super','192.168.10.1','2015-03-20 21:39:19','wholeSale','index','',2),('550c2ef505b7a','super','192.168.10.1','2015-03-20 21:42:08','wholeSale','index','',2),('550c2ef505b7a','super','192.168.10.1','2015-03-20 21:42:13','wholeSale','completeSale','',2),('550c2ef505b7a','super','192.168.10.1','2015-03-20 21:43:52','wholeSale','completeSale','',2),('550c2ef505b7a','super','192.168.10.1','2015-03-20 21:44:42','wholeSale','completeSale','',2),('550c2ef505b7a','super','192.168.10.1','2015-03-20 21:45:46','wholeSale','setCurrencyType','',2),('550c2ef505b7a','super','192.168.10.1','2015-03-20 21:45:58','wholeSale','setCurrencyType','',2),('550c2ef505b7a','super','192.168.10.1','2015-03-20 21:46:03','wholeSale','AddPayment','',2),('550c2ef505b7a','super','192.168.10.1','2015-03-20 21:46:05','request','suggestClient','',2),('550c2ef505b7a','super','192.168.10.1','2015-03-20 21:46:05','request','suggestClient','',2),('550c2ef505b7a','super','192.168.10.1','2015-03-20 21:46:05','request','suggestClient','',2),('550c2ef505b7a','super','192.168.10.1','2015-03-20 21:46:06','wholeSale','selectCustomer','',2),('550c2ef505b7a','super','192.168.10.1','2015-03-20 21:46:08','wholeSale','removeCustomer','',2),('550c2ef505b7a','super','192.168.10.1','2015-03-20 21:46:19','wholeSale','ListSuspendedSale','',2),('550c2ef505b7a','super','192.168.10.1','2015-03-20 21:46:24','wholeSale','index','',2),('550c2ef505b7a','super','192.168.10.1','2015-03-20 21:46:26','wholeSale','ListSuspendedSale','',2),('550c2ef505b7a','super','192.168.10.1','2015-03-20 21:46:28','wholeSale','index','',2),('550c2ef505b7a','super','192.168.10.1','2015-03-20 21:46:29','wholeSale','ListSuspendedSale','',2),('550c2ef505b7a','super','192.168.10.1','2015-03-20 21:46:48','wholeSale','index','',2),('550c2ef505b7a','super','192.168.10.1','2015-03-20 21:46:53','wholeSale','ListSuspendedSale','',2),('550c2ef505b7a','super','192.168.10.1','2015-03-20 21:47:00','wholeSale','index','',2),('550c2ef505b7a','super','192.168.10.1','2015-03-20 21:47:18','wholeSale','DeletePayment','',2),('550c2ef505b7a','super','192.168.10.1','2015-03-20 21:47:19','wholeSale','DeletePayment','',2),('550c2ef505b7a','super','192.168.10.1','2015-03-20 21:48:30','wholeSale','index','',2),('550c2ef505b7a','super','192.168.10.1','2015-03-20 21:50:00','wholeSale','index','',2),('550c2ef505b7a','super','192.168.10.1','2015-03-20 21:50:02','wholeSale','index','',2),('550c2ef505b7a','super','192.168.10.1','2015-03-20 21:50:04','wholeSale','index','',2),('550c2ef505b7a','super','192.168.10.1','2015-03-20 21:50:08','wholeSale','index','',2),('550c2ef505b7a','super','192.168.10.1','2015-03-20 21:53:48','wholeSale','ListSuspendedSale','',2),('550c2ef505b7a','super','192.168.10.1','2015-03-20 21:53:50','wholeSale','index','',2),('550c2ef505b7a','super','192.168.10.1','2015-03-20 21:53:54','wholeSale','ListSuspendedSale','',2),('550c2ef505b7a','super','192.168.10.1','2015-03-20 21:53:56','wholeSale','index','',2),('550c2ef505b7a','super','192.168.10.1','2015-03-20 21:55:38','wholeSale','index','',2),('550c2ef505b7a','super','192.168.10.1','2015-03-20 21:56:07','wholeSale','index','',2),('550c2ef505b7a','super','192.168.10.1','2015-03-20 21:56:09','wholeSale','ListSuspendedSale','',2),('550c2ef505b7a','super','192.168.10.1','2015-03-20 21:56:15','wholeSale','index','',2),('550c2ef505b7a','super','192.168.10.1','2015-03-20 21:56:16','request','suggestItem','',2),('550c2ef505b7a','super','192.168.10.1','2015-03-20 21:56:17','wholeSale','add','',2),('550c2ef505b7a','super','192.168.10.1','2015-03-20 21:56:17','request','suggestItem','',2),('550c2ef505b7a','super','192.168.10.1','2015-03-20 21:56:18','wholeSale','add','',2),('550c2ef505b7a','super','192.168.10.1','2015-03-20 21:56:19','request','suggestItem','',2),('550c2ef505b7a','super','192.168.10.1','2015-03-20 21:56:20','wholeSale','add','',2),('550c2ef505b7a','super','192.168.10.1','2015-03-20 21:56:22','wholeSale','SuspendSale','',2),('550c2ef505b7a','super','192.168.10.1','2015-03-20 21:56:24','wholeSale','ListSuspendedSale','',2),('550c2ef505b7a','super','192.168.10.1','2015-03-20 21:57:04','wholeSale','ListSuspendedSale','',2),('550c2ef505b7a','super','192.168.10.1','2015-03-20 21:57:26','wholeSale','ListSuspendedSale','',2),('550c2ef505b7a','super','192.168.10.1','2015-03-20 21:57:42','wholeSale','ListSuspendedSale','',2),('550c2ef505b7a','super','192.168.10.1','2015-03-20 21:57:45','wholeSale','ListSuspendedSale','',2),('550c2ef505b7a','super','192.168.10.1','2015-03-20 21:59:37','site','error','',2),('550c2ef505b7a','super','192.168.10.1','2015-03-20 22:00:07','client','admin','',2),('550c2ef505b7a','super','192.168.10.1','2015-03-20 22:00:26','client','admin','',2),('550c2ef505b7a','super','192.168.10.1','2015-03-20 22:00:28','wholeSale','index','',2),('550c2ef505b7a','super','192.168.10.1','2015-03-20 22:00:30','site','error','',2),('550c2ef505b7a','super','192.168.10.1','2015-03-20 22:02:22','site','error','',2),('550c2ef505b7a','super','192.168.10.1','2015-03-20 22:03:24','wholeSale','ListSuspendedSale','',2),('550c2ef505b7a','super','192.168.10.1','2015-03-20 22:03:35','client','admin','',2),('550c2ef505b7a','super','192.168.10.1','2015-03-20 22:03:51','wholeSale','index','',2),('550c2ef505b7a','super','192.168.10.1','2015-03-20 22:03:53','request','suggestClient','',2),('550c2ef505b7a','super','192.168.10.1','2015-03-20 22:03:53','request','suggestClient','',2),('550c2ef505b7a','super','192.168.10.1','2015-03-20 22:03:53','request','suggestClient','',2),('550c2ef505b7a','super','192.168.10.1','2015-03-20 22:03:54','wholeSale','selectCustomer','',2),('550c2ef505b7a','super','192.168.10.1','2015-03-20 22:03:57','wholeSale','SuspendSale','',2),('550c2ef505b7a','super','192.168.10.1','2015-03-20 22:03:58','wholeSale','ListSuspendedSale','',2),('550c2ef505b7a','super','192.168.10.1','2015-03-20 22:04:02','wholeSale','ListSuspendedSale','',2),('550c2ef505b7a','super','192.168.10.1','2015-03-20 22:04:05','wholeSale','ListSuspendedSale','',2),('550c2ef505b7a','super','192.168.10.1','2015-03-20 22:04:09','wholeSale','index','',2),('550c2ef505b7a','super','192.168.10.1','2015-03-20 22:04:12','request','suggestClient','',2),('550c2ef505b7a','super','192.168.10.1','2015-03-20 22:04:12','request','suggestClient','',2),('550c2ef505b7a','super','192.168.10.1','2015-03-20 22:04:12','request','suggestClient','',2),('550c2ef505b7a','super','192.168.10.1','2015-03-20 22:04:13','wholeSale','selectCustomer','',2),('','Guest','192.168.10.1','2015-03-21 05:21:08','site','index','',0),('550c9e79024eb','super','192.168.10.1','2015-03-21 05:26:02','dashboard','view','',2),('550c9e79024eb','super','192.168.10.1','2015-03-21 05:26:07','wholeSale','index','',2),('550c9e79024eb','super','192.168.10.1','2015-03-21 05:26:10','wholeSale','ListSuspendedSale','',2),('550c9e79024eb','super','192.168.10.1','2015-03-21 05:36:40','wholeSale','index','',2),('550c9e79024eb','super','192.168.10.1','2015-03-21 05:36:44','wholeSale','ListSuspendedSale','',2),('550c9e79024eb','super','192.168.10.1','2015-03-21 05:36:48','wholeSale','index','',2),('550c9e79024eb','super','192.168.10.1','2015-03-21 05:36:52','wholeSale','DeleteItem','',2),('550c9e79024eb','super','192.168.10.1','2015-03-21 05:36:56','wholeSale','SuspendSale','',2),('550c9e79024eb','super','192.168.10.1','2015-03-21 05:36:57','wholeSale','ListSuspendedSale','',2),('550c9e79024eb','super','192.168.10.1','2015-03-21 05:36:59','wholeSale','index','',2),('','Guest','192.168.10.1','2015-03-21 05:38:51','site','index','',0),('550ca1839874c','super','192.168.10.1','2015-03-21 05:39:00','dashboard','view','',2),('550ca1839874c','super','192.168.10.1','2015-03-21 05:39:08','wholeSale','index','',2),('550ca1839874c','super','192.168.10.1','2015-03-21 05:39:12','wholeSale','ListSuspendedSale','',2),('550ca1839874c','super','192.168.10.1','2015-03-21 05:39:15','wholeSale','index','',2),('550ca1839874c','super','192.168.10.1','2015-03-21 05:40:25','wholeSale','SuspendSale','',2),('550ca1839874c','super','192.168.10.1','2015-03-21 05:41:16','wholeSale','ListSuspendedSale','',2),('550ca1839874c','super','192.168.10.1','2015-03-21 05:41:23','wholeSale','index','',2),('550ca1839874c','super','192.168.10.1','2015-03-21 05:41:25','wholeSale','ListSuspendedSale','',2),('550ca1839874c','super','192.168.10.1','2015-03-21 05:41:34','wholeSale','index','',2),('550ca1839874c','super','192.168.10.1','2015-03-21 05:42:22','wholeSale','DeleteItem','',2),('550ca1839874c','super','192.168.10.1','2015-03-21 05:42:24','wholeSale','SuspendSale','',2),('550ca1839874c','super','192.168.10.1','2015-03-21 05:42:26','wholeSale','ListSuspendedSale','',2),('550ca1839874c','super','192.168.10.1','2015-03-21 05:42:27','wholeSale','index','',2),('550ca1839874c','super','192.168.10.1','2015-03-21 05:44:57','wholeSale','index','',2),('550ca1839874c','super','192.168.10.1','2015-03-21 05:45:05','wholeSale','SuspendSale','',2),('550ca1839874c','super','192.168.10.1','2015-03-21 05:45:14','wholeSale','index','',2),('550ca1839874c','super','192.168.10.1','2015-03-21 05:45:15','wholeSale','ListSuspendedSale','',2),('550ca1839874c','super','192.168.10.1','2015-03-21 05:45:36','wholeSale','ListSuspendedSale','',2),('550ca1839874c','super','192.168.10.1','2015-03-21 05:45:38','wholeSale','index','',2),('550ca1839874c','super','192.168.10.1','2015-03-21 05:46:46','wholeSale','index','',2),('550ca1839874c','super','192.168.10.1','2015-03-21 05:50:51','wholeSale','index','',2),('550ca1839874c','super','192.168.10.1','2015-03-21 05:50:55','request','suggestClient','',2),('550ca1839874c','super','192.168.10.1','2015-03-21 05:50:55','request','suggestClient','',2),('550ca1839874c','super','192.168.10.1','2015-03-21 05:50:55','request','suggestClient','',2),('550ca1839874c','super','192.168.10.1','2015-03-21 05:50:56','wholeSale','selectCustomer','',2),('550c9e79024eb','super','192.168.10.1','2015-03-21 06:05:58','wholeSale','index','',2),('550ca1839874c','super','192.168.10.1','2015-03-21 06:06:09','wholeSale','index','',2),('550ca1839874c','super','192.168.10.1','2015-03-21 06:06:12','wholeSale','SuspendSale','',2),('550ca1839874c','super','192.168.10.1','2015-03-21 06:13:06','wholeSale','ListSuspendedSale','',2),('550ca1839874c','super','192.168.10.1','2015-03-21 06:13:10','wholeSale','index','',2),('550ca1839874c','super','192.168.10.1','2015-03-21 06:13:14','wholeSale','DeleteItem','',2),('550ca1839874c','super','192.168.10.1','2015-03-21 06:13:17','wholeSale','SuspendSale','',2),('550ca1839874c','super','192.168.10.1','2015-03-21 06:13:59','wholeSale','ListSuspendedSale','',2),('550ca1839874c','super','192.168.10.1','2015-03-21 06:14:01','wholeSale','index','',2),('550ca1839874c','super','192.168.10.1','2015-03-21 06:14:10','wholeSale','cancelSale','',2),('550ca1839874c','super','192.168.10.1','2015-03-21 06:14:11','wholeSale','ListSuspendedSale','',2),('550ca1839874c','super','192.168.10.1','2015-03-21 06:16:55','wholeSale','ListSuspendedSale','',2),('550ca1839874c','super','192.168.10.1','2015-03-21 06:17:16','wholeSale','ListSuspendedSale','',2),('550ca1839874c','super','192.168.10.1','2015-03-21 06:17:18','wholeSale','ListSuspendedSale','',2),('550ca1839874c','super','192.168.10.1','2015-03-21 06:17:19','wholeSale','ListSuspendedSale','',2),('550ca1839874c','super','192.168.10.1','2015-03-21 06:17:20','wholeSale','ListSuspendedSale','',2),('550ca1839874c','super','192.168.10.1','2015-03-21 06:19:26','wholeSale','index','',2),('550ca1839874c','super','192.168.10.1','2015-03-21 06:19:28','wholeSale','ListSuspendedSale','',2),('550ca1839874c','super','192.168.10.1','2015-03-21 06:19:33','wholeSale','ListSuspendedSale','',2),('550ca1839874c','super','192.168.10.1','2015-03-21 06:19:36','wholeSale','ListSuspendedSale','',2),('550ca1839874c','super','192.168.10.1','2015-03-21 06:19:37','wholeSale','ListSuspendedSale','',2),('550ca1839874c','super','192.168.10.1','2015-03-21 06:21:31','item','admin','',2),('550ca1839874c','super','192.168.10.1','2015-03-21 06:21:35','item','admin','',2),('550ca1839874c','super','192.168.10.1','2015-03-21 06:25:57','item','admin','',2),('550ca1839874c','super','192.168.10.1','2015-03-21 06:26:02','site','error','',2),('550ca1839874c','super','192.168.10.1','2015-03-21 06:26:29','wholeSale','ListSuspendedSale','',2),('','Guest','192.168.10.1','2015-03-22 05:42:27','site','index','',0),('550df3e5a8401','super','192.168.10.1','2015-03-22 05:42:51','dashboard','view','',2),('550df3e5a8401','super','192.168.10.1','2015-03-22 05:45:06','wholeSale','index','',2),('550df3e5a8401','super','192.168.10.1','2015-03-22 05:45:09','wholeSale','ListSuspendedSale','',2),('550df3e5a8401','super','192.168.10.1','2015-03-22 05:46:32','wholeSale','ListSuspendedSale','',2),('550df3e5a8401','super','192.168.10.1','2015-03-22 05:46:45','wholeSale','ListSuspendedSale','',2),('550df3e5a8401','super','192.168.10.1','2015-03-22 05:46:50','wholeSale','ListSuspendedSale','',2),('550df3e5a8401','super','192.168.10.1','2015-03-22 05:47:03','wholeSale','ListSuspendedSale','',2),('550df3e5a8401','super','192.168.10.1','2015-03-22 05:47:08','wholeSale','ListSuspendedSale','',2),('550df3e5a8401','super','192.168.10.1','2015-03-22 05:47:10','wholeSale','ListSuspendedSale','',2),('550df3e5a8401','super','192.168.10.1','2015-03-22 05:53:50','wholeSale','ListSuspendedSale','',2),('550df3e5a8401','super','192.168.10.1','2015-03-22 05:53:54','wholeSale','ListSuspendedSale','',2),('550df3e5a8401','super','192.168.10.1','2015-03-22 05:53:57','wholeSale','ListSuspendedSale','',2),('550df3e5a8401','super','192.168.10.1','2015-03-22 05:53:58','wholeSale','ListSuspendedSale','',2),('550df3e5a8401','super','192.168.10.1','2015-03-22 05:53:58','wholeSale','ListSuspendedSale','',2),('550df3e5a8401','super','192.168.10.1','2015-03-22 05:53:59','wholeSale','ListSuspendedSale','',2),('550df3e5a8401','super','192.168.10.1','2015-03-22 05:54:02','wholeSale','ListSuspendedSale','',2),('550df3e5a8401','super','192.168.10.1','2015-03-22 05:54:04','wholeSale','ListSuspendedSale','',2),('550df3e5a8401','super','192.168.10.1','2015-03-22 05:55:19','wholeSale','ListSuspendedSale','',2),('550df3e5a8401','super','192.168.10.1','2015-03-22 05:55:23','wholeSale','ListSuspendedSale','',2),('550df3e5a8401','super','192.168.10.1','2015-03-22 05:55:26','wholeSale','ListSuspendedSale','',2),('550df3e5a8401','super','192.168.10.1','2015-03-22 05:55:29','wholeSale','ListSuspendedSale','',2),('550df3e5a8401','super','192.168.10.1','2015-03-22 05:56:18','wholeSale','ListSuspendedSale','',2),('550df3e5a8401','super','192.168.10.1','2015-03-22 05:56:20','wholeSale','ListSuspendedSale','',2),('550df3e5a8401','super','192.168.10.1','2015-03-22 05:56:23','wholeSale','ListSuspendedSale','',2),('550df3e5a8401','super','192.168.10.1','2015-03-22 05:56:24','wholeSale','ListSuspendedSale','',2),('550df3e5a8401','super','192.168.10.1','2015-03-22 05:56:27','wholeSale','ListSuspendedSale','',2),('550df3e5a8401','super','192.168.10.1','2015-03-22 05:56:28','wholeSale','ListSuspendedSale','',2),('550df3e5a8401','super','192.168.10.1','2015-03-22 05:56:28','wholeSale','ListSuspendedSale','',2),('550df3e5a8401','super','192.168.10.1','2015-03-22 05:56:29','wholeSale','ListSuspendedSale','',2),('550df3e5a8401','super','192.168.10.1','2015-03-22 05:56:31','wholeSale','ListSuspendedSale','',2),('550df3e5a8401','super','192.168.10.1','2015-03-22 05:56:32','wholeSale','ListSuspendedSale','',2),('550df3e5a8401','super','192.168.10.1','2015-03-22 05:56:32','wholeSale','ListSuspendedSale','',2),('550df3e5a8401','super','192.168.10.1','2015-03-22 05:56:33','wholeSale','ListSuspendedSale','',2),('550df3e5a8401','super','192.168.10.1','2015-03-22 05:56:33','wholeSale','ListSuspendedSale','',2),('550df3e5a8401','super','192.168.10.1','2015-03-22 05:56:34','wholeSale','ListSuspendedSale','',2),('550df3e5a8401','super','192.168.10.1','2015-03-22 05:56:36','wholeSale','ListSuspendedSale','',2),('550df3e5a8401','super','192.168.10.1','2015-03-22 05:59:21','wholeSale','ListSuspendedSale','',2),('550df3e5a8401','super','192.168.10.1','2015-03-22 05:59:24','wholeSale','ListSuspendedSale','',2),('550df3e5a8401','super','192.168.10.1','2015-03-22 05:59:36','wholeSale','ListSuspendedSale','',2),('550df3e5a8401','super','192.168.10.1','2015-03-22 06:00:18','item','admin','',2),('550df3e5a8401','super','192.168.10.1','2015-03-22 06:00:23','item','admin','',2),('550df3e5a8401','super','192.168.10.1','2015-03-22 06:00:33','item','admin','',2),('550df3e5a8401','super','192.168.10.1','2015-03-22 06:00:38','item','admin','',2),('550df3e5a8401','super','192.168.10.1','2015-03-22 06:00:45','wholeSale','index','',2),('550df3e5a8401','super','192.168.10.1','2015-03-22 06:00:47','wholeSale','ListSuspendedSale','',2),('550df3e5a8401','super','192.168.10.1','2015-03-22 06:00:50','wholeSale','ListSuspendedSale','',2),('550df3e5a8401','super','192.168.10.1','2015-03-22 06:00:52','wholeSale','ListSuspendedSale','',2),('550df3e5a8401','super','192.168.10.1','2015-03-22 06:00:54','wholeSale','ListSuspendedSale','',2),('550df3e5a8401','super','192.168.10.1','2015-03-22 06:01:00','wholeSale','ListSuspendedSale','',2),('550df3e5a8401','super','192.168.10.1','2015-03-22 06:02:11','wholeSale','ListSuspendedSale','',2),('550df3e5a8401','super','192.168.10.1','2015-03-22 06:02:14','wholeSale','ListSuspendedSale','',2),('550df3e5a8401','super','192.168.10.1','2015-03-22 06:03:38','wholeSale','ListSuspendedSale','',2),('550df3e5a8401','super','192.168.10.1','2015-03-22 06:03:59','wholeSale','ListSuspendedSale','',2),('550df3e5a8401','super','192.168.10.1','2015-03-22 06:04:00','wholeSale','ListSuspendedSale','',2),('550df3e5a8401','super','192.168.10.1','2015-03-22 06:04:01','wholeSale','ListSuspendedSale','',2),('550df3e5a8401','super','192.168.10.1','2015-03-22 06:04:02','wholeSale','ListSuspendedSale','',2),('550df3e5a8401','super','192.168.10.1','2015-03-22 06:04:02','wholeSale','ListSuspendedSale','',2),('550df3e5a8401','super','192.168.10.1','2015-03-22 06:04:02','wholeSale','ListSuspendedSale','',2),('550df3e5a8401','super','192.168.10.1','2015-03-22 06:04:06','wholeSale','ListSuspendedSale','',2),('550df3e5a8401','super','192.168.10.1','2015-03-22 06:04:07','wholeSale','ListSuspendedSale','',2),('550df3e5a8401','super','192.168.10.1','2015-03-22 06:04:08','wholeSale','ListSuspendedSale','',2),('550df3e5a8401','super','192.168.10.1','2015-03-22 06:04:08','wholeSale','ListSuspendedSale','',2),('550df3e5a8401','super','192.168.10.1','2015-03-22 06:04:09','wholeSale','ListSuspendedSale','',2),('550df3e5a8401','super','192.168.10.1','2015-03-22 06:04:11','wholeSale','ListSuspendedSale','',2),('550df3e5a8401','super','192.168.10.1','2015-03-22 06:05:24','wholeSale','ListSuspendedSale','',2),('550df3e5a8401','super','192.168.10.1','2015-03-22 06:05:24','wholeSale','ListSuspendedSale','',2),('550df3e5a8401','super','192.168.10.1','2015-03-22 06:05:27','wholeSale','ListSuspendedSale','',2),('550df3e5a8401','super','192.168.10.1','2015-03-22 06:05:28','wholeSale','ListSuspendedSale','',2),('550df3e5a8401','super','192.168.10.1','2015-03-22 06:05:28','wholeSale','ListSuspendedSale','',2),('550df3e5a8401','super','192.168.10.1','2015-03-22 06:05:28','wholeSale','ListSuspendedSale','',2),('550df3e5a8401','super','192.168.10.1','2015-03-22 06:05:28','wholeSale','ListSuspendedSale','',2),('550df3e5a8401','super','192.168.10.1','2015-03-22 06:05:28','wholeSale','ListSuspendedSale','',2),('550df3e5a8401','super','192.168.10.1','2015-03-22 06:05:29','wholeSale','ListSuspendedSale','',2),('550df3e5a8401','super','192.168.10.1','2015-03-22 06:05:30','wholeSale','ListSuspendedSale','',2),('550df3e5a8401','super','192.168.10.1','2015-03-22 06:05:30','wholeSale','ListSuspendedSale','',2),('550df3e5a8401','super','192.168.10.1','2015-03-22 06:05:31','wholeSale','ListSuspendedSale','',2),('550df3e5a8401','super','192.168.10.1','2015-03-22 06:05:31','wholeSale','ListSuspendedSale','',2),('550df3e5a8401','super','192.168.10.1','2015-03-22 06:05:35','wholeSale','ListSuspendedSale','',2),('550df3e5a8401','super','192.168.10.1','2015-03-22 06:07:02','wholeSale','ListSuspendedSale','',2),('550df3e5a8401','super','192.168.10.1','2015-03-22 06:07:04','wholeSale','ListSuspendedSale','',2),('550df3e5a8401','super','192.168.10.1','2015-03-22 06:07:16','wholeSale','ListSuspendedSale','',2),('550df3e5a8401','super','192.168.10.1','2015-03-22 06:07:19','wholeSale','ListSuspendedSale','',2),('550df3e5a8401','super','192.168.10.1','2015-03-22 06:08:38','wholeSale','ListSuspendedSale','',2),('550df3e5a8401','super','192.168.10.1','2015-03-22 06:08:40','wholeSale','ListSuspendedSale','',2),('550df3e5a8401','super','192.168.10.1','2015-03-22 06:08:42','wholeSale','ListSuspendedSale','',2),('550df3e5a8401','super','192.168.10.1','2015-03-22 06:08:46','wholeSale','ListSuspendedSale','',2),('550df3e5a8401','super','192.168.10.1','2015-03-22 06:08:59','wholeSale','ListSuspendedSale','',2),('550df3e5a8401','super','192.168.10.1','2015-03-22 06:09:01','wholeSale','ListSuspendedSale','',2),('550df3e5a8401','super','192.168.10.1','2015-03-22 06:09:03','wholeSale','ListSuspendedSale','',2),('550df3e5a8401','super','192.168.10.1','2015-03-22 06:10:08','wholeSale','ListSuspendedSale','',2),('550df3e5a8401','super','192.168.10.1','2015-03-22 06:10:13','wholeSale','ListSuspendedSale','',2),('550df3e5a8401','super','192.168.10.1','2015-03-22 06:10:15','wholeSale','ListSuspendedSale','',2),('550df3e5a8401','super','192.168.10.1','2015-03-22 06:10:18','wholeSale','ListSuspendedSale','',2),('550df3e5a8401','super','192.168.10.1','2015-03-22 06:10:46','wholeSale','ListSuspendedSale','',2),('550df3e5a8401','super','192.168.10.1','2015-03-22 06:14:42','wholeSale','ListSuspendedSale','',2),('550df3e5a8401','super','192.168.10.1','2015-03-22 06:15:04','wholeSale','ListSuspendedSale','',2),('550df3e5a8401','super','192.168.10.1','2015-03-22 06:18:14','wholeSale','ListSuspendedSale','',2),('550df3e5a8401','super','192.168.10.1','2015-03-22 06:18:15','wholeSale','ListSuspendedSale','',2),('550df3e5a8401','super','192.168.10.1','2015-03-22 06:18:15','wholeSale','ListSuspendedSale','',2),('550df3e5a8401','super','192.168.10.1','2015-03-22 06:18:16','wholeSale','ListSuspendedSale','',2),('550df3e5a8401','super','192.168.10.1','2015-03-22 06:18:17','wholeSale','ListSuspendedSale','',2),('550df3e5a8401','super','192.168.10.1','2015-03-22 06:18:20','wholeSale','ListSuspendedSale','',2),('550df3e5a8401','super','192.168.10.1','2015-03-22 06:18:22','wholeSale','ListSuspendedSale','',2),('550df3e5a8401','super','192.168.10.1','2015-03-22 06:18:23','wholeSale','ListSuspendedSale','',2),('550df3e5a8401','super','192.168.10.1','2015-03-22 06:18:28','wholeSale','ListSuspendedSale','',2),('550df3e5a8401','super','192.168.10.1','2015-03-22 06:18:33','wholeSale','ListSuspendedSale','',2),('550df3e5a8401','super','192.168.10.1','2015-03-22 06:20:01','site','error','',2),('550df3e5a8401','super','192.168.10.1','2015-03-22 06:20:18','site','error','',2),('550df3e5a8401','super','192.168.10.1','2015-03-22 06:20:20','site','error','',2),('550df3e5a8401','super','192.168.10.1','2015-03-22 06:20:33','wholeSale','ListSuspendedSale','',2),('550df3e5a8401','super','192.168.10.1','2015-03-22 06:20:58','wholeSale','ListSuspendedSale','',2),('550df3e5a8401','super','192.168.10.1','2015-03-22 06:21:01','wholeSale','ListSuspendedSale','',2),('550df3e5a8401','super','192.168.10.1','2015-03-22 06:21:03','wholeSale','ListSuspendedSale','',2),('550df3e5a8401','super','192.168.10.1','2015-03-22 06:21:06','wholeSale','ListSuspendedSale','',2),('550df3e5a8401','super','192.168.10.1','2015-03-22 06:21:35','wholeSale','ListSuspendedSale','',2),('550df3e5a8401','super','192.168.10.1','2015-03-22 06:21:37','wholeSale','ListSuspendedSale','',2),('550df3e5a8401','super','192.168.10.1','2015-03-22 06:21:46','wholeSale','ListSuspendedSale','',2),('550df3e5a8401','super','192.168.10.1','2015-03-22 06:30:15','site','error','',2),('550df3e5a8401','super','192.168.10.1','2015-03-22 06:30:33','site','error','',2),('550df3e5a8401','super','192.168.10.1','2015-03-22 06:30:41','wholeSale','ListSuspendedSale','',2),('550df3e5a8401','super','192.168.10.1','2015-03-22 06:30:44','wholeSale','ListSuspendedSale','',2),('550df3e5a8401','super','192.168.10.1','2015-03-22 06:30:46','wholeSale','ListSuspendedSale','',2),('550df3e5a8401','super','192.168.10.1','2015-03-22 06:30:49','wholeSale','ListSuspendedSale','',2),('550df3e5a8401','super','192.168.10.1','2015-03-22 06:30:51','wholeSale','ListSuspendedSale','',2),('550df3e5a8401','super','192.168.10.1','2015-03-22 06:30:53','wholeSale','ListSuspendedSale','',2),('550df3e5a8401','super','192.168.10.1','2015-03-22 06:30:53','wholeSale','ListSuspendedSale','',2),('550df3e5a8401','super','192.168.10.1','2015-03-22 06:30:55','wholeSale','ListSuspendedSale','',2),('550df3e5a8401','super','192.168.10.1','2015-03-22 06:30:57','wholeSale','ListSuspendedSale','',2),('550df3e5a8401','super','192.168.10.1','2015-03-22 06:30:57','wholeSale','ListSuspendedSale','',2),('550df3e5a8401','super','192.168.10.1','2015-03-22 06:30:58','wholeSale','ListSuspendedSale','',2),('550df3e5a8401','super','192.168.10.1','2015-03-22 06:30:59','wholeSale','ListSuspendedSale','',2),('550df3e5a8401','super','192.168.10.1','2015-03-22 06:30:59','wholeSale','ListSuspendedSale','',2),('550df3e5a8401','super','192.168.10.1','2015-03-22 06:30:59','wholeSale','ListSuspendedSale','',2),('550df3e5a8401','super','192.168.10.1','2015-03-22 06:31:02','wholeSale','ListSuspendedSale','',2),('550df3e5a8401','super','192.168.10.1','2015-03-22 06:31:22','wholeSale','ListSuspendedSale','',2),('550df3e5a8401','super','192.168.10.1','2015-03-22 06:31:25','wholeSale','ListSuspendedSale','',2),('550df3e5a8401','super','192.168.10.1','2015-03-22 06:31:28','wholeSale','ListSuspendedSale','',2),('550df3e5a8401','super','192.168.10.1','2015-03-22 06:31:32','wholeSale','ListSuspendedSale','',2),('550df3e5a8401','super','192.168.10.1','2015-03-22 06:31:33','wholeSale','ListSuspendedSale','',2),('550df3e5a8401','super','192.168.10.1','2015-03-22 06:31:36','wholeSale','ListSuspendedSale','',2),('550df3e5a8401','super','192.168.10.1','2015-03-22 06:31:41','wholeSale','ListSuspendedSale','',2),('550df3e5a8401','super','192.168.10.1','2015-03-22 06:31:43','wholeSale','index','',2),('550df3e5a8401','super','192.168.10.1','2015-03-22 06:31:45','request','suggestItem','',2),('550df3e5a8401','super','192.168.10.1','2015-03-22 06:31:45','wholeSale','add','',2),('550df3e5a8401','super','192.168.10.1','2015-03-22 06:31:46','request','suggestItem','',2),('550df3e5a8401','super','192.168.10.1','2015-03-22 06:31:47','wholeSale','add','',2),('550df3e5a8401','super','192.168.10.1','2015-03-22 06:31:47','request','suggestItem','',2),('550df3e5a8401','super','192.168.10.1','2015-03-22 06:31:48','wholeSale','add','',2),('550df3e5a8401','super','192.168.10.1','2015-03-22 06:31:48','request','suggestItem','',2),('550df3e5a8401','super','192.168.10.1','2015-03-22 06:31:49','wholeSale','add','',2),('550df3e5a8401','super','192.168.10.1','2015-03-22 06:31:50','request','suggestItem','',2),('550df3e5a8401','super','192.168.10.1','2015-03-22 06:31:51','wholeSale','add','',2),('550df3e5a8401','super','192.168.10.1','2015-03-22 06:31:51','request','suggestItem','',2),('550df3e5a8401','super','192.168.10.1','2015-03-22 06:31:52','wholeSale','add','',2),('550df3e5a8401','super','192.168.10.1','2015-03-22 06:31:52','request','suggestItem','',2),('550df3e5a8401','super','192.168.10.1','2015-03-22 06:31:53','wholeSale','add','',2),('550df3e5a8401','super','192.168.10.1','2015-03-22 06:31:54','request','suggestItem','',2),('550df3e5a8401','super','192.168.10.1','2015-03-22 06:31:54','wholeSale','add','',2),('550df3e5a8401','super','192.168.10.1','2015-03-22 06:31:55','request','suggestItem','',2),('550df3e5a8401','super','192.168.10.1','2015-03-22 06:31:55','wholeSale','add','',2),('550df3e5a8401','super','192.168.10.1','2015-03-22 06:31:55','request','suggestItem','',2),('550df3e5a8401','super','192.168.10.1','2015-03-22 06:31:56','wholeSale','add','',2),('550df3e5a8401','super','192.168.10.1','2015-03-22 06:31:58','request','suggestItem','',2),('550df3e5a8401','super','192.168.10.1','2015-03-22 06:31:59','wholeSale','add','',2),('550df3e5a8401','super','192.168.10.1','2015-03-22 06:32:03','request','suggestClient','',2),('550df3e5a8401','super','192.168.10.1','2015-03-22 06:32:04','wholeSale','selectCustomer','',2),('550df3e5a8401','super','192.168.10.1','2015-03-22 06:32:11','wholeSale','SuspendSale','',2),('550df3e5a8401','super','192.168.10.1','2015-03-22 06:32:14','wholeSale','ListSuspendedSale','',2),('550df3e5a8401','super','192.168.10.1','2015-03-22 06:32:17','wholeSale','ListSuspendedSale','',2),('550df3e5a8401','super','192.168.10.1','2015-03-22 06:32:21','wholeSale','ListSuspendedSale','',2),('550df3e5a8401','super','192.168.10.1','2015-03-22 06:32:29','wholeSale','ListSuspendedSale','',2),('550df3e5a8401','super','192.168.10.1','2015-03-22 06:32:33','wholeSale','ListSuspendedSale','',2),('550df3e5a8401','super','192.168.10.1','2015-03-22 06:32:42','wholeSale','ListSuspendedSale','',2),('550df3e5a8401','super','192.168.10.1','2015-03-22 06:32:44','wholeSale','ListSuspendedSale','',2),('550df3e5a8401','super','192.168.10.1','2015-03-22 06:41:27','dashboard','view','',2),('550df3e5a8401','super','192.168.10.1','2015-03-22 06:41:30','item','admin','',2),('550df3e5a8401','super','192.168.10.1','2015-03-22 06:41:31','item','createImage','',2),('550df3e5a8401','super','192.168.10.1','2015-03-22 06:42:04','item','createImage','',2),('550df3e5a8401','super','192.168.10.1','2015-03-22 06:42:13','item','createImage','',2),('550df3e5a8401','super','192.168.10.1','2015-03-22 06:42:46','item','createImage','',2),('550df3e5a8401','super','192.168.10.1','2015-03-22 06:43:09','item','createImage','',2),('550df3e5a8401','super','192.168.10.1','2015-03-22 06:43:11','wholeSale','index','',2),('550df3e5a8401','super','192.168.10.1','2015-03-22 06:43:13','request','suggestItem','',2),('550df3e5a8401','super','192.168.10.1','2015-03-22 06:43:15','wholeSale','add','',2),('550df3e5a8401','super','192.168.10.1','2015-03-22 06:43:15','request','suggestItem','',2),('550df3e5a8401','super','192.168.10.1','2015-03-22 06:43:16','wholeSale','add','',2),('550df3e5a8401','super','192.168.10.1','2015-03-22 06:43:17','request','suggestItem','',2),('550df3e5a8401','super','192.168.10.1','2015-03-22 06:43:23','request','suggestItem','',2),('550df3e5a8401','super','192.168.10.1','2015-03-22 06:43:27','wholeSale','add','',2),('550df3e5a8401','super','192.168.10.1','2015-03-22 06:43:28','request','suggestItem','',2),('550df3e5a8401','super','192.168.10.1','2015-03-22 06:43:29','wholeSale','add','',2),('550df3e5a8401','super','192.168.10.1','2015-03-22 06:43:29','request','suggestItem','',2),('550df3e5a8401','super','192.168.10.1','2015-03-22 06:43:30','wholeSale','add','',2),('550df3e5a8401','super','192.168.10.1','2015-03-22 06:43:31','request','suggestItem','',2),('550df3e5a8401','super','192.168.10.1','2015-03-22 06:43:32','wholeSale','add','',2),('550df3e5a8401','super','192.168.10.1','2015-03-22 06:43:33','request','suggestItem','',2),('550df3e5a8401','super','192.168.10.1','2015-03-22 06:43:35','wholeSale','add','',2),('550df3e5a8401','super','192.168.10.1','2015-03-22 06:43:35','request','suggestItem','',2),('550df3e5a8401','super','192.168.10.1','2015-03-22 06:43:37','wholeSale','add','',2),('550df3e5a8401','super','192.168.10.1','2015-03-22 06:43:43','item','admin','',2),('550df3e5a8401','super','192.168.10.1','2015-03-22 06:43:50','request','suggestItem','',2),('550df3e5a8401','super','192.168.10.1','2015-03-22 06:43:51','wholeSale','add','',2),('550df3e5a8401','super','192.168.10.1','2015-03-22 06:43:55','request','suggestClient','',2),('550df3e5a8401','super','192.168.10.1','2015-03-22 06:43:57','request','suggestClient','',2),('550df3e5a8401','super','192.168.10.1','2015-03-22 06:43:58','request','suggestClient','',2),('550df3e5a8401','super','192.168.10.1','2015-03-22 06:43:59','wholeSale','selectCustomer','',2),('550df3e5a8401','super','192.168.10.1','2015-03-22 06:44:35','wholeSale','SuspendSale','',2),('550df3e5a8401','super','192.168.10.1','2015-03-22 06:44:38','wholeSale','ListSuspendedSale','',2),('550df3e5a8401','super','192.168.10.1','2015-03-22 06:45:13','wholeSale','ListSuspendedSale','',2),('550df3e5a8401','super','192.168.10.1','2015-03-22 06:45:18','wholeSale','ListSuspendedSale','',2),('550df3e5a8401','super','192.168.10.1','2015-03-22 06:45:20','wholeSale','ListSuspendedSale','',2),('550df3e5a8401','super','192.168.10.1','2015-03-22 06:51:07','site','error','',2),('550df3e5a8401','super','192.168.10.1','2015-03-22 06:51:21','wholeSale','ListSuspendedSale','',2),('550df3e5a8401','super','192.168.10.1','2015-03-22 06:51:39','wholeSale','ListSuspendedSale','',2),('550df3e5a8401','super','192.168.10.1','2015-03-22 06:52:03','wholeSale','ListSuspendedSale','',2),('','Guest','192.168.10.1','2015-03-22 06:52:13','site','index','',0),('550e071649245','super','192.168.10.1','2015-03-22 07:04:38','dashboard','view','',2),('550e071649245','super','192.168.10.1','2015-03-22 07:04:41','wholeSale','index','',2),('550e071649245','super','192.168.10.1','2015-03-22 07:04:44','wholeSale','ListSuspendedSale','',2),('550e071649245','super','192.168.10.1','2015-03-22 07:06:07','wholeSale','ListSuspendedSale','',2),('550e071649245','super','192.168.10.1','2015-03-22 07:06:09','wholeSale','ListSuspendedSale','',2),('550e071649245','super','192.168.10.1','2015-03-22 07:06:10','wholeSale','ListSuspendedSale','',2),('550e071649245','super','192.168.10.1','2015-03-22 07:06:11','wholeSale','ListSuspendedSale','',2),('550e071649245','super','192.168.10.1','2015-03-22 07:06:12','wholeSale','ListSuspendedSale','',2),('550e071649245','super','192.168.10.1','2015-03-22 07:06:12','wholeSale','ListSuspendedSale','',2),('550e071649245','super','192.168.10.1','2015-03-22 07:06:13','wholeSale','ListSuspendedSale','',2),('550e071649245','super','192.168.10.1','2015-03-22 07:06:13','wholeSale','ListSuspendedSale','',2),('550e071649245','super','192.168.10.1','2015-03-22 07:06:17','wholeSale','ListSuspendedSale','',2),('550e071649245','super','192.168.10.1','2015-03-22 07:06:21','wholeSale','ListSuspendedSale','',2),('550e071649245','super','192.168.10.1','2015-03-22 07:06:25','wholeSale','ListSuspendedSale','',2),('550e071649245','super','192.168.10.1','2015-03-22 07:06:26','wholeSale','ListSuspendedSale','',2),('550e071649245','super','192.168.10.1','2015-03-22 07:06:34','wholeSale','ListSuspendedSale','',2),('550e071649245','super','192.168.10.1','2015-03-22 07:06:47','wholeSale','ListSuspendedSale','',2),('550e071649245','super','192.168.10.1','2015-03-22 07:06:49','wholeSale','ListSuspendedSale','',2),('550e071649245','super','192.168.10.1','2015-03-22 07:07:37','wholeSale','ListSuspendedSale','',2),('550e071649245','super','192.168.10.1','2015-03-22 07:07:40','wholeSale','ListSuspendedSale','',2),('550e071649245','super','192.168.10.1','2015-03-22 07:07:41','wholeSale','ListSuspendedSale','',2),('550e071649245','super','192.168.10.1','2015-03-22 07:07:42','wholeSale','ListSuspendedSale','',2),('550e071649245','super','192.168.10.1','2015-03-22 07:07:43','wholeSale','ListSuspendedSale','',2),('550e071649245','super','192.168.10.1','2015-03-22 07:07:43','wholeSale','ListSuspendedSale','',2),('550e071649245','super','192.168.10.1','2015-03-22 07:07:44','wholeSale','ListSuspendedSale','',2),('550e071649245','super','192.168.10.1','2015-03-22 07:07:45','wholeSale','ListSuspendedSale','',2),('550e071649245','super','192.168.10.1','2015-03-22 07:29:21','wholeSale','ListSuspendedSale','',2),('550e071649245','super','192.168.10.1','2015-03-22 07:29:25','wholeSale','ListSuspendedSale','',2),('550e071649245','super','192.168.10.1','2015-03-22 07:29:45','wholeSale','ListSuspendedSale','',2),('','Guest','192.168.10.1','2015-03-23 12:25:45','site','index','',0),('550fa3e48fd80','super','192.168.10.1','2015-03-23 12:26:03','dashboard','view','',2),('550fa3e48fd80','super','192.168.10.1','2015-03-23 12:26:12','wholeSale','index','',2),('550fa3e48fd80','super','192.168.10.1','2015-03-23 12:26:16','wholeSale','ListSuspendedSale','',2),('550fa3e48fd80','super','192.168.10.1','2015-03-23 12:27:58','wholeSale','ListSuspendedSale','',2),('550fa3e48fd80','super','192.168.10.1','2015-03-23 12:28:00','wholeSale','ListSuspendedSale','',2),('550fa3e48fd80','super','192.168.10.1','2015-03-23 12:28:18','wholeSale','ListSuspendedSale','',2),('550fa3e48fd80','super','192.168.10.1','2015-03-23 12:28:34','wholeSale','ListSuspendedSale','',2),('550fa3e48fd80','super','192.168.10.1','2015-03-23 12:28:37','wholeSale','ListSuspendedSale','',2),('550fa3e48fd80','super','192.168.10.1','2015-03-23 12:31:03','wholeSale','ListSuspendedSale','',2),('550fa3e48fd80','super','192.168.10.1','2015-03-23 12:31:15','wholeSale','ListSuspendedSale','',2),('550fa3e48fd80','super','192.168.10.1','2015-03-23 12:31:25','wholeSale','ListSuspendedSale','',2),('550fa3e48fd80','super','192.168.10.1','2015-03-23 12:33:12','wholeSale','ListSuspendedSale','',2),('550fa3e48fd80','super','192.168.10.1','2015-03-23 12:33:36','wholeSale','ListSuspendedSale','',2),('550fa3e48fd80','super','192.168.10.1','2015-03-23 12:33:49','wholeSale','ListSuspendedSale','',2),('550fa3e48fd80','super','192.168.10.1','2015-03-23 12:34:23','wholeSale','ListSuspendedSale','',2),('550fa3e48fd80','super','192.168.10.1','2015-03-23 12:34:29','wholeSale','ListSuspendedSale','',2),('550fa3e48fd80','super','192.168.10.1','2015-03-23 12:34:36','wholeSale','ListSuspendedSale','',2),('550fa3e48fd80','super','192.168.10.1','2015-03-23 12:34:38','wholeSale','ListSuspendedSale','',2),('550fa3e48fd80','super','192.168.10.1','2015-03-23 12:34:49','wholeSale','ListSuspendedSale','',2),('550fa3e48fd80','super','192.168.10.1','2015-03-23 12:35:11','wholeSale','ListSuspendedSale','',2),('550fa3e48fd80','super','192.168.10.1','2015-03-23 12:35:22','wholeSale','ListSuspendedSale','',2),('550fa3e48fd80','super','192.168.10.1','2015-03-23 12:35:57','wholeSale','ListSuspendedSale','',2),('550fa3e48fd80','super','192.168.10.1','2015-03-23 12:37:14','wholeSale','ListSuspendedSale','',2),('550fa3e48fd80','super','192.168.10.1','2015-03-23 12:37:31','wholeSale','ListSuspendedSale','',2),('550fa3e48fd80','super','192.168.10.1','2015-03-23 12:37:43','wholeSale','ListSuspendedSale','',2),('550fa3e48fd80','super','192.168.10.1','2015-03-23 12:37:57','wholeSale','ListSuspendedSale','',2),('550fa3e48fd80','super','192.168.10.1','2015-03-23 12:37:58','wholeSale','ListSuspendedSale','',2),('550fa3e48fd80','super','192.168.10.1','2015-03-23 12:38:28','wholeSale','ListSuspendedSale','',2),('550fa3e48fd80','super','192.168.10.1','2015-03-23 12:38:30','wholeSale','ListSuspendedSale','',2),('550fa3e48fd80','super','192.168.10.1','2015-03-23 12:39:03','wholeSale','ListSuspendedSale','',2),('550fa3e48fd80','super','192.168.10.1','2015-03-23 12:39:40','wholeSale','ListSuspendedSale','',2),('550fa3e48fd80','super','192.168.10.1','2015-03-23 12:39:42','wholeSale','ListSuspendedSale','',2),('550fa3e48fd80','super','192.168.10.1','2015-03-23 12:39:50','wholeSale','ListSuspendedSale','',2),('550fa3e48fd80','super','192.168.10.1','2015-03-23 12:39:52','wholeSale','ListSuspendedSale','',2),('550fa3e48fd80','super','192.168.10.1','2015-03-23 12:40:18','wholeSale','ListSuspendedSale','',2),('550fa3e48fd80','super','192.168.10.1','2015-03-23 12:40:20','wholeSale','ListSuspendedSale','',2),('550fa3e48fd80','super','192.168.10.1','2015-03-23 12:40:30','wholeSale','ListSuspendedSale','',2),('550fa3e48fd80','super','192.168.10.1','2015-03-23 12:40:33','wholeSale','ListSuspendedSale','',2),('550fa3e48fd80','super','192.168.10.1','2015-03-23 12:40:33','wholeSale','ListSuspendedSale','',2),('550fa3e48fd80','super','192.168.10.1','2015-03-23 12:40:33','wholeSale','ListSuspendedSale','',2),('550fa3e48fd80','super','192.168.10.1','2015-03-23 12:40:49','wholeSale','ListSuspendedSale','',2),('550fa3e48fd80','super','192.168.10.1','2015-03-23 12:42:00','site','error','',2),('550fa3e48fd80','super','192.168.10.1','2015-03-23 12:42:03','site','error','',2),('550fa3e48fd80','super','192.168.10.1','2015-03-23 12:42:55','wholeSale','ListSuspendedSale','',2),('550fa3e48fd80','super','192.168.10.1','2015-03-23 12:43:56','wholeSale','ListSuspendedSale','',2),('550fa3e48fd80','super','192.168.10.1','2015-03-23 12:45:03','wholeSale','ListSuspendedSale','',2),('550fa3e48fd80','super','192.168.10.1','2015-03-23 12:45:12','wholeSale','ListSuspendedSale','',2),('550fa3e48fd80','super','192.168.10.1','2015-03-23 12:45:14','wholeSale','ListSuspendedSale','',2),('550fa3e48fd80','super','192.168.10.1','2015-03-23 12:45:26','wholeSale','ListSuspendedSale','',2),('550fa3e48fd80','super','192.168.10.1','2015-03-23 12:53:07','wholeSale','ListSuspendedSale','',2),('550fa3e48fd80','super','192.168.10.1','2015-03-23 12:53:09','site','error','',2),('550fa3e48fd80','super','192.168.10.1','2015-03-23 12:53:12','wholeSale','ListSuspendedSale','',2),('550fa3e48fd80','super','192.168.10.1','2015-03-23 12:53:51','wholeSale','ListSuspendedSale','',2),('550fa3e48fd80','super','192.168.10.1','2015-03-23 12:53:53','site','error','',2),('550fa3e48fd80','super','192.168.10.1','2015-03-23 12:53:56','wholeSale','ListSuspendedSale','',2),('550fa3e48fd80','super','192.168.10.1','2015-03-23 12:54:34','wholeSale','ListSuspendedSale','',2),('550fa3e48fd80','super','192.168.10.1','2015-03-23 12:54:37','wholeSale','NewSale','',2),('550fa3e48fd80','super','192.168.10.1','2015-03-23 12:54:40','wholeSale','ListSuspendedSale','',2),('550fa3e48fd80','super','192.168.10.1','2015-03-23 12:55:17','wholeSale','ListSuspendedSale','',2),('550fa3e48fd80','super','192.168.10.1','2015-03-23 12:56:46','wholeSale','ListSuspendedSale','',2),('550fa3e48fd80','super','192.168.10.1','2015-03-23 12:56:47','site','error','',2),('550fa3e48fd80','super','192.168.10.1','2015-03-23 12:56:49','wholeSale','ListSuspendedSale','',2),('550fa3e48fd80','super','192.168.10.1','2015-03-23 12:57:17','wholeSale','ListSuspendedSale','',2),('550fa3e48fd80','super','192.168.10.1','2015-03-23 12:57:20','wholeSale','ListSuspendedSale','',2),('550fa3e48fd80','super','192.168.10.1','2015-03-23 12:57:22','wholeSale','ListSuspendedSale','',2),('550fa3e48fd80','super','192.168.10.1','2015-03-23 12:57:23','wholeSale','ListSuspendedSale','',2),('550fa3e48fd80','super','192.168.10.1','2015-03-23 12:57:25','wholeSale','ListSuspendedSale','',2),('550fa3e48fd80','super','192.168.10.1','2015-03-23 12:57:27','wholeSale','ListSuspendedSale','',2),('550fa3e48fd80','super','192.168.10.1','2015-03-23 12:57:29','wholeSale','ListSuspendedSale','',2),('550fa3e48fd80','super','192.168.10.1','2015-03-23 12:57:31','wholeSale','ListSuspendedSale','',2),('550fa3e48fd80','super','192.168.10.1','2015-03-23 12:57:33','wholeSale','ListSuspendedSale','',2),('550fa3e48fd80','super','192.168.10.1','2015-03-23 12:57:35','wholeSale','NewSale','',2),('550fa3e48fd80','super','192.168.10.1','2015-03-23 12:57:38','wholeSale','ListSuspendedSale','',2),('550fa3e48fd80','super','192.168.10.1','2015-03-23 12:57:40','wholeSale','ListSuspendedSale','',2),('550fa3e48fd80','super','192.168.10.1','2015-03-23 12:57:50','wholeSale','ListSuspendedSale','',2),('550fa3e48fd80','super','192.168.10.1','2015-03-23 12:58:05','wholeSale','index','',2),('550fa3e48fd80','super','192.168.10.1','2015-03-23 12:58:08','dashboard','view','',2),('550fa3e48fd80','super','192.168.10.1','2015-03-23 12:58:10','wholeSale','index','',2),('550fa3e48fd80','super','192.168.10.1','2015-03-23 12:58:11','wholeSale','ListSuspendedSale','',2),('550fa3e48fd80','super','192.168.10.1','2015-03-23 13:00:39','wholeSale','ListSuspendedSale','',2),('550fa3e48fd80','super','192.168.10.1','2015-03-23 13:00:39','wholeSale','ListSuspendedSale','',2),('550fa3e48fd80','super','192.168.10.1','2015-03-23 13:01:25','wholeSale','ListSuspendedSale','',2),('550fa3e48fd80','super','192.168.10.1','2015-03-23 13:01:54','wholeSale','ListSuspendedSale','',2),('550fa3e48fd80','super','192.168.10.1','2015-03-23 13:01:55','wholeSale','NewSale','',2),('550fa3e48fd80','super','192.168.10.1','2015-03-23 13:01:58','request','suggestClient','',2),('550fa3e48fd80','super','192.168.10.1','2015-03-23 13:01:59','request','suggestClient','',2),('550fa3e48fd80','super','192.168.10.1','2015-03-23 13:01:59','request','suggestClient','',2),('550fa3e48fd80','super','192.168.10.1','2015-03-23 13:02:08','request','suggestClient','',2),('550fa3e48fd80','super','192.168.10.1','2015-03-23 13:02:08','request','suggestClient','',2),('550fa3e48fd80','super','192.168.10.1','2015-03-23 13:02:08','request','suggestClient','',2),('550fa3e48fd80','super','192.168.10.1','2015-03-23 13:02:15','wholeSale','ListSuspendedSale','',2),('550fa3e48fd80','super','192.168.10.1','2015-03-23 13:02:32','wholeSale','ListSuspendedSale','',2),('550fa3e48fd80','super','192.168.10.1','2015-03-23 13:02:44','wholeSale','ListSuspendedSale','',2),('550fa3e48fd80','super','192.168.10.1','2015-03-23 13:03:04','wholeSale','ListSuspendedSale','',2),('550fa3e48fd80','super','192.168.10.1','2015-03-23 13:03:31','wholeSale','ListSuspendedSale','',2),('550fa3e48fd80','super','192.168.10.1','2015-03-23 13:03:37','request','suggestClient','',2),('550fa3e48fd80','super','192.168.10.1','2015-03-23 13:03:38','request','suggestClient','',2),('550fa3e48fd80','super','192.168.10.1','2015-03-23 13:03:38','request','suggestClient','',2),('550fa3e48fd80','super','192.168.10.1','2015-03-23 13:03:53','request','suggestClient','',2),('550fa3e48fd80','super','192.168.10.1','2015-03-23 13:04:38','wholeSale','ListSuspendedSale','',2),('550fa3e48fd80','super','192.168.10.1','2015-03-23 13:06:15','wholeSale','ListSuspendedSale','',2),('550fa3e48fd80','super','192.168.10.1','2015-03-23 13:07:18','wholeSale','index','',2),('550fa3e48fd80','super','192.168.10.1','2015-03-23 13:07:28','wholeSale','index','',2),('550fa3e48fd80','super','192.168.10.1','2015-03-23 13:07:29','wholeSale','index','',2),('550fa3e48fd80','super','192.168.10.1','2015-03-23 13:07:30','wholeSale','index','',2),('550fa3e48fd80','super','192.168.10.1','2015-03-23 13:07:32','wholeSale','index','',2),('550fa3e48fd80','super','192.168.10.1','2015-03-23 13:07:35','wholeSale','ListSuspendedSale','',2),('550fa3e48fd80','super','192.168.10.1','2015-03-23 13:11:08','wholeSale','ListSuspendedSale','',2),('550fa3e48fd80','super','192.168.10.1','2015-03-23 13:11:10','site','error','',2),('550fa3e48fd80','super','192.168.10.1','2015-03-23 13:11:55','site','error','',2),('550fa3e48fd80','super','192.168.10.1','2015-03-23 13:11:56','wholeSale','ListSuspendedSale','',2),('550fa3e48fd80','super','192.168.10.1','2015-03-23 13:11:58','site','error','',2),('550fa3e48fd80','super','192.168.10.1','2015-03-23 13:12:05','site','error','',2),('550fa3e48fd80','super','192.168.10.1','2015-03-23 13:12:07','wholeSale','ListSuspendedSale','',2),('550fa3e48fd80','super','192.168.10.1','2015-03-23 13:12:09','site','error','',2),('550fa3e48fd80','super','192.168.10.1','2015-03-23 13:12:32','wholeSale','ListSuspendedSale','',2),('550fa3e48fd80','super','192.168.10.1','2015-03-23 13:12:34','wholeSale','ListSuspendedSale','',2),('550fa3e48fd80','super','192.168.10.1','2015-03-23 13:12:36','site','error','',2),('550fa3e48fd80','super','192.168.10.1','2015-03-23 13:12:58','wholeSale','ListSuspendedSale','',2),('550fa3e48fd80','super','192.168.10.1','2015-03-23 13:12:59','wholeSale','index','',2),('550fa3e48fd80','super','192.168.10.1','2015-03-23 13:13:37','wholeSale','index','',2),('550fa3e48fd80','super','192.168.10.1','2015-03-23 13:14:11','wholeSale','ListSuspendedSale','',2),('550fa3e48fd80','super','192.168.10.1','2015-03-23 13:14:13','wholeSale','index','',2),('550fa3e48fd80','super','192.168.10.1','2015-03-23 13:14:17','request','suggestClient','',2),('550fa3e48fd80','super','192.168.10.1','2015-03-23 13:14:17','request','suggestClient','',2),('550fa3e48fd80','super','192.168.10.1','2015-03-23 13:14:17','request','suggestClient','',2),('550fa3e48fd80','super','192.168.10.1','2015-03-23 13:14:29','wholeSale','index','',2),('550fa3e48fd80','super','192.168.10.1','2015-03-23 13:19:29','wholeSale','index','',2),('550fa3e48fd80','super','192.168.10.1','2015-03-23 13:19:32','wholeSale','removeCustomer','',2),('550fa3e48fd80','super','192.168.10.1','2015-03-23 13:19:33','request','suggestClient','',2),('550fa3e48fd80','super','192.168.10.1','2015-03-23 13:19:34','wholeSale','selectCustomer','',2),('550fa3e48fd80','super','192.168.10.1','2015-03-23 13:19:36','wholeSale','removeCustomer','',2),('550fa3e48fd80','super','192.168.10.1','2015-03-23 13:19:37','wholeSale','ListSuspendedSale','',2),('550fa3e48fd80','super','192.168.10.1','2015-03-23 13:19:38','wholeSale','index','',2),('550fa3e48fd80','super','192.168.10.1','2015-03-23 13:19:41','request','suggestClient','',2),('550fa3e48fd80','super','192.168.10.1','2015-03-23 13:19:42','request','suggestClient','',2),('550fa3e48fd80','super','192.168.10.1','2015-03-23 13:19:42','request','suggestClient','',2),('550fa3e48fd80','super','192.168.10.1','2015-03-23 13:19:42','wholeSale','selectCustomer','',2),('550fa3e48fd80','super','192.168.10.1','2015-03-23 13:19:45','wholeSale','removeCustomer','',2),('550fa3e48fd80','super','192.168.10.1','2015-03-23 13:19:47','request','suggestItem','',2),('550fa3e48fd80','super','192.168.10.1','2015-03-23 13:19:47','request','suggestItem','',2),('550fa3e48fd80','super','192.168.10.1','2015-03-23 13:19:47','request','suggestItem','',2),('550fa3e48fd80','super','192.168.10.1','2015-03-23 13:19:49','request','suggestItem','',2),('550fa3e48fd80','super','192.168.10.1','2015-03-23 13:19:49','request','suggestItem','',2),('550fa3e48fd80','super','192.168.10.1','2015-03-23 13:19:49','request','suggestItem','',2),('550fa3e48fd80','super','192.168.10.1','2015-03-23 13:19:50','wholeSale','add','',2),('550fa3e48fd80','super','192.168.10.1','2015-03-23 13:19:56','request','suggestItem','',2),('550fa3e48fd80','super','192.168.10.1','2015-03-23 13:19:57','wholeSale','add','',2),('550fa3e48fd80','super','192.168.10.1','2015-03-23 13:19:57','request','suggestItem','',2),('550fa3e48fd80','super','192.168.10.1','2015-03-23 13:19:58','wholeSale','add','',2),('550fa3e48fd80','super','192.168.10.1','2015-03-23 13:19:58','request','suggestItem','',2),('550fa3e48fd80','super','192.168.10.1','2015-03-23 13:19:59','wholeSale','add','',2),('550fa3e48fd80','super','192.168.10.1','2015-03-23 13:19:59','request','suggestItem','',2),('550fa3e48fd80','super','192.168.10.1','2015-03-23 13:20:00','wholeSale','add','',2),('550fa3e48fd80','super','192.168.10.1','2015-03-23 13:20:00','request','suggestItem','',2),('550fa3e48fd80','super','192.168.10.1','2015-03-23 13:20:01','wholeSale','add','',2),('550fa3e48fd80','super','192.168.10.1','2015-03-23 13:20:03','request','suggestClient','',2),('550fa3e48fd80','super','192.168.10.1','2015-03-23 13:20:03','request','suggestClient','',2),('550fa3e48fd80','super','192.168.10.1','2015-03-23 13:20:03','request','suggestClient','',2),('550fa3e48fd80','super','192.168.10.1','2015-03-23 13:20:04','wholeSale','selectCustomer','',2),('550fa3e48fd80','super','192.168.10.1','2015-03-23 13:20:05','wholeSale','ListSuspendedSale','',2),('550fa3e48fd80','super','192.168.10.1','2015-03-23 13:20:07','wholeSale','index','',2),('550fa3e48fd80','super','192.168.10.1','2015-03-23 13:20:12','wholeSale','removeCustomer','',2),('550fa3e48fd80','super','192.168.10.1','2015-03-23 13:20:14','wholeSale','ListSuspendedSale','',2),('550fa3e48fd80','super','192.168.10.1','2015-03-23 13:20:16','wholeSale','index','',2),('550fa3e48fd80','super','192.168.10.1','2015-03-23 13:20:18','wholeSale','ListSuspendedSale','',2),('550fa3e48fd80','super','192.168.10.1','2015-03-23 13:20:20','wholeSale','index','',2),('550fa3e48fd80','super','192.168.10.1','2015-03-23 13:20:21','request','suggestClient','',2),('550fa3e48fd80','super','192.168.10.1','2015-03-23 13:20:22','request','suggestClient','',2),('550fa3e48fd80','super','192.168.10.1','2015-03-23 13:20:22','request','suggestClient','',2),('550fa3e48fd80','super','192.168.10.1','2015-03-23 13:20:23','wholeSale','selectCustomer','',2),('550fa3e48fd80','super','192.168.10.1','2015-03-23 13:20:24','wholeSale','removeCustomer','',2),('550fa3e48fd80','super','192.168.10.1','2015-03-23 13:20:25','wholeSale','ListSuspendedSale','',2),('550fa3e48fd80','super','192.168.10.1','2015-03-23 13:20:31','wholeSale','index','',2),('550fa3e48fd80','super','192.168.10.1','2015-03-23 13:20:33','wholeSale','ListSuspendedSale','',2),('550fa3e48fd80','super','192.168.10.1','2015-03-23 13:20:37','wholeSale','index','',2),('550fa3e48fd80','super','192.168.10.1','2015-03-23 13:20:38','wholeSale','ListSuspendedSale','',2),('550fa3e48fd80','super','192.168.10.1','2015-03-23 13:20:40','wholeSale','index','',2),('550fa3e48fd80','super','192.168.10.1','2015-03-23 13:20:42','client','Create','',2),('550fa3e48fd80','super','192.168.10.1','2015-03-23 13:20:45','client','admin','',2),('550fa3e48fd80','super','192.168.10.1','2015-03-23 14:01:25','client','create','',2),('','Guest','192.168.10.1','2015-03-23 14:21:57','site','index','',0),('550fbf1859fca','super','192.168.10.1','2015-03-23 14:22:00','dashboard','view','',2),('550fbf1859fca','super','192.168.10.1','2015-03-23 14:22:05','wholeSale','index','',2),('550fbf1859fca','super','192.168.10.1','2015-03-23 14:33:33','wholeSale','index','',2),('','Guest','192.168.10.1','2015-03-23 19:28:47','site','index','',0),('551007073235d','super','192.168.10.1','2015-03-23 19:28:56','dashboard','view','',2),('551007073235d','super','192.168.10.1','2015-03-23 19:29:03','wholeSale','index','',2),('551007073235d','super','192.168.10.1','2015-03-23 19:29:08','wholeSale','ListSuspendedSale','',2),('551007073235d','super','192.168.10.1','2015-03-23 19:29:11','wholeSale','index','',2),('551007073235d','super','192.168.10.1','2015-03-23 19:29:14','wholeSale','ListSuspendedSale','',2),('551007073235d','super','192.168.10.1','2015-03-23 19:29:22','wholeSale','index','',2),('551007073235d','super','192.168.10.1','2015-03-23 19:29:24','wholeSale','ListSuspendedSale','',2),('551007073235d','super','192.168.10.1','2015-03-23 19:29:39','wholeSale','ListSuspendedSale','',2),('551007073235d','super','192.168.10.1','2015-03-23 19:29:40','wholeSale','index','',2),('551007073235d','super','192.168.10.1','2015-03-23 19:29:43','wholeSale','ListSuspendedSale','',2),('551007073235d','super','192.168.10.1','2015-03-23 19:30:55','client','admin','',2),('551007073235d','super','192.168.10.1','2015-03-23 19:30:57','client','create','',2),('551007073235d','super','192.168.10.1','2015-03-23 19:30:59','client','admin','',2),('551007073235d','super','192.168.10.1','2015-03-23 19:31:01','client','create','',2),('551007073235d','super','192.168.10.1','2015-03-23 19:33:53','item','admin','',2),('551007073235d','super','192.168.10.1','2015-03-23 19:33:54','item','createImage','',2),('551007073235d','super','192.168.10.1','2015-03-23 19:40:01','client','admin','',2),('551007073235d','super','192.168.10.1','2015-03-23 19:40:02','client','create','',2),('551007073235d','super','192.168.10.1','2015-03-23 19:40:39','client','create','',2),('551007073235d','super','192.168.10.1','2015-03-23 19:40:52','wholeSale','index','',2),('551007073235d','super','192.168.10.1','2015-03-23 19:40:54','wholeSale','ListSuspendedSale','',2),('551007073235d','super','192.168.10.1','2015-03-23 19:40:55','wholeSale','index','',2),('551007073235d','super','192.168.10.1','2015-03-23 19:40:58','wholeSale','ListSuspendedSale','',2),('551007073235d','super','192.168.10.1','2015-03-23 19:40:58','wholeSale','ListSuspendedSale','',2),('551007073235d','super','192.168.10.1','2015-03-23 19:41:14','wholeSale','index','',2),('551007073235d','super','192.168.10.1','2015-03-23 19:41:21','client','Create','',2),('551007073235d','super','192.168.10.1','2015-03-23 19:41:40','wholeSale','index','',2),('551007073235d','super','192.168.10.1','2015-03-23 19:41:42','client','Create','',2),('551007073235d','super','192.168.10.1','2015-03-23 19:43:21','wholeSale','index','',2),('551007073235d','super','192.168.10.1','2015-03-23 19:43:22','wholeSale','ListSuspendedSale','',2),('551007073235d','super','192.168.10.1','2015-03-23 19:43:25','wholeSale','index','',2),('551007073235d','super','192.168.10.1','2015-03-23 19:43:33','request','suggestClient','',2),('551007073235d','super','192.168.10.1','2015-03-23 19:43:33','request','suggestClient','',2),('551007073235d','super','192.168.10.1','2015-03-23 19:43:33','request','suggestClient','',2),('551007073235d','super','192.168.10.1','2015-03-23 19:43:35','wholeSale','selectCustomer','',2),('551007073235d','super','192.168.10.1','2015-03-23 19:43:37','site','error','',2),('551007073235d','super','192.168.10.1','2015-03-23 19:43:39','wholeSale','index','',2),('551007073235d','super','192.168.10.1','2015-03-23 19:43:42','site','error','',2),('551007073235d','super','192.168.10.1','2015-03-23 19:43:44','wholeSale','index','',2),('551007073235d','super','192.168.10.1','2015-03-23 19:43:45','wholeSale','removeCustomer','',2),('551007073235d','super','192.168.10.1','2015-03-23 19:43:48','request','suggestClient','',2),('551007073235d','super','192.168.10.1','2015-03-23 19:43:48','request','suggestClient','',2),('551007073235d','super','192.168.10.1','2015-03-23 19:43:48','request','suggestClient','',2),('551007073235d','super','192.168.10.1','2015-03-23 19:43:51','request','suggestClient','',2),('551007073235d','super','192.168.10.1','2015-03-23 19:43:51','request','suggestClient','',2),('551007073235d','super','192.168.10.1','2015-03-23 19:43:55','wholeSale','ListSuspendedSale','',2),('551007073235d','super','192.168.10.1','2015-03-23 19:43:57','wholeSale','index','',2),('551007073235d','super','192.168.10.1','2015-03-23 19:43:58','wholeSale','ListSuspendedSale','',2),('551007073235d','super','192.168.10.1','2015-03-23 19:44:00','wholeSale','index','',2),('551007073235d','super','192.168.10.1','2015-03-23 19:44:02','wholeSale','ListSuspendedSale','',2),('551007073235d','super','192.168.10.1','2015-03-23 19:44:03','wholeSale','index','',2),('551007073235d','super','192.168.10.1','2015-03-23 19:44:18','client','Create','',2),('551007073235d','super','192.168.10.1','2015-03-23 19:44:20','wholeSale','index','',2),('551007073235d','super','192.168.10.1','2015-03-23 19:44:23','client','admin','',2),('551007073235d','super','192.168.10.1','2015-03-23 19:44:25','client','update','',2),('551007073235d','super','192.168.10.1','2015-03-23 19:44:27','client','admin','',2),('551007073235d','super','192.168.10.1','2015-03-23 19:44:29','client','admin','',2),('551007073235d','super','192.168.10.1','2015-03-23 19:44:31','client','update','',2),('551007073235d','super','192.168.10.1','2015-03-23 19:44:39','client','admin','',2),('551007073235d','super','192.168.10.1','2015-03-23 19:44:41','client','update','',2),('551007073235d','super','192.168.10.1','2015-03-23 19:44:44','client','admin','',2),('551007073235d','super','192.168.10.1','2015-03-23 19:44:53','employee','admin','',2),('551007073235d','super','192.168.10.1','2015-03-23 19:44:54','client','admin','',2),('551007073235d','super','192.168.10.1','2015-03-23 19:44:58','client','update','',2),('551007073235d','super','192.168.10.1','2015-03-23 19:45:24','client','admin','',2),('551007073235d','super','192.168.10.1','2015-03-23 19:45:26','wholeSale','index','',2),('551007073235d','super','192.168.10.1','2015-03-23 19:47:57','wholeSale','index','',2),('551007073235d','super','192.168.10.1','2015-03-23 19:47:59','request','suggestClient','',2),('551007073235d','super','192.168.10.1','2015-03-23 19:47:59','request','suggestClient','',2),('551007073235d','super','192.168.10.1','2015-03-23 19:47:59','request','suggestClient','',2),('551007073235d','super','192.168.10.1','2015-03-23 19:48:00','wholeSale','selectCustomer','',2),('551007073235d','super','192.168.10.1','2015-03-23 19:48:02','wholeSale','removeCustomer','',2),('551007073235d','super','192.168.10.1','2015-03-23 19:48:05','priceTier','admin','',2),('551007073235d','super','192.168.10.1','2015-03-23 19:48:07','priceTier','admin','',2),('551007073235d','super','192.168.10.1','2015-03-23 19:48:08','client','admin','',2),('551007073235d','super','192.168.10.1','2015-03-23 19:48:10','client','update','',2),('551007073235d','super','192.168.10.1','2015-03-23 19:48:13','client','admin','',2),('551007073235d','super','192.168.10.1','2015-03-23 19:48:14','wholeSale','index','',2),('551007073235d','super','192.168.10.1','2015-03-23 19:48:15','request','suggestClient','',2),('551007073235d','super','192.168.10.1','2015-03-23 19:48:17','request','suggestClient','',2),('551007073235d','super','192.168.10.1','2015-03-23 19:48:17','request','suggestClient','',2),('551007073235d','super','192.168.10.1','2015-03-23 19:48:18','site','error','',2),('551007073235d','super','192.168.10.1','2015-03-23 19:48:20','wholeSale','index','',2),('551007073235d','super','192.168.10.1','2015-03-23 19:48:22','request','suggestClient','',2),('551007073235d','super','192.168.10.1','2015-03-23 19:48:22','request','suggestClient','',2),('551007073235d','super','192.168.10.1','2015-03-23 19:48:23','wholeSale','selectCustomer','',2),('551007073235d','super','192.168.10.1','2015-03-23 19:48:26','wholeSale','removeCustomer','',2),('551007073235d','super','192.168.10.1','2015-03-23 19:48:28','client','Create','',2),('551007073235d','super','192.168.10.1','2015-03-23 19:53:57','wholeSale','index','',2),('551007073235d','super','192.168.10.1','2015-03-23 19:53:58','client','Create','',2),('551007073235d','super','192.168.10.1','2015-03-23 19:54:12','saleItem','index','',2),('551007073235d','super','192.168.10.1','2015-03-23 19:54:53','saleItem','index','',2),('551007073235d','super','192.168.10.1','2015-03-23 19:54:54','request','suggestClient','',2),('551007073235d','super','192.168.10.1','2015-03-23 19:55:01','site','error','',2),('551007073235d','super','192.168.10.1','2015-03-23 19:55:04','wholeSale','index','',2),('551007073235d','super','192.168.10.1','2015-03-23 19:55:06','wholeSale','removeCustomer','',2),('551007073235d','super','192.168.10.1','2015-03-23 19:55:07','request','suggestClient','',2),('551007073235d','super','192.168.10.1','2015-03-23 19:55:07','request','suggestClient','',2),('551007073235d','super','192.168.10.1','2015-03-23 19:55:10','wholeSale','selectCustomer','',2),('551007073235d','super','192.168.10.1','2015-03-23 19:55:13','wholeSale','removeCustomer','',2),('551007073235d','super','192.168.10.1','2015-03-23 19:55:15','client','Create','',2),('551007073235d','super','192.168.10.1','2015-03-23 19:55:24','site','error','',2),('551007073235d','super','192.168.10.1','2015-03-23 19:56:00','site','error','',2),('551007073235d','super','192.168.10.1','2015-03-23 19:56:02','wholeSale','index','',2),('551007073235d','super','192.168.10.1','2015-03-23 19:56:05','wholeSale','removeCustomer','',2),('551007073235d','super','192.168.10.1','2015-03-23 19:56:07','client','Create','',2),('551007073235d','super','192.168.10.1','2015-03-23 19:56:23','site','error','',2),('551007073235d','super','192.168.10.1','2015-03-23 19:56:48','wholeSale','index','',2),('551007073235d','super','192.168.10.1','2015-03-23 19:56:58','site','error','',2),('551007073235d','super','192.168.10.1','2015-03-23 19:57:05','wholeSale','removeCustomer','',2),('551007073235d','super','192.168.10.1','2015-03-23 19:57:08','wholeSale','index','',2),('551007073235d','super','192.168.10.1','2015-03-23 19:57:10','wholeSale','removeCustomer','',2),('551007073235d','super','192.168.10.1','2015-03-23 19:57:12','request','suggestClient','',2),('551007073235d','super','192.168.10.1','2015-03-23 19:57:12','request','suggestClient','',2),('551007073235d','super','192.168.10.1','2015-03-23 19:57:12','request','suggestClient','',2),('551007073235d','super','192.168.10.1','2015-03-23 19:57:13','wholeSale','selectCustomer','',2),('551007073235d','super','192.168.10.1','2015-03-23 19:57:14','wholeSale','removeCustomer','',2),('551007073235d','super','192.168.10.1','2015-03-23 19:57:20','request','suggestClient','',2),('551007073235d','super','192.168.10.1','2015-03-23 19:57:20','request','suggestClient','',2),('551007073235d','super','192.168.10.1','2015-03-23 19:57:21','wholeSale','selectCustomer','',2),('551007073235d','super','192.168.10.1','2015-03-23 19:57:22','wholeSale','removeCustomer','',2),('551007073235d','super','192.168.10.1','2015-03-23 19:57:26','client','Create','',2),('551007073235d','super','192.168.10.1','2015-03-23 19:57:38','site','error','',2),('551007073235d','super','192.168.10.1','2015-03-23 19:58:00','salePayment','index','',2),('551007073235d','super','192.168.10.1','2015-03-23 19:58:00','wholeSale','index','',2),('551007073235d','super','192.168.10.1','2015-03-23 19:58:03','wholeSale','removeCustomer','',2),('551007073235d','super','192.168.10.1','2015-03-23 19:58:04','client','Create','',2),('551007073235d','super','192.168.10.1','2015-03-23 19:58:20','wholeSale','index','',2),('551007073235d','super','192.168.10.1','2015-03-23 19:58:42','site','error','',2),('551007073235d','super','192.168.10.1','2015-03-23 19:59:10','site','error','',2),('551007073235d','super','192.168.10.1','2015-03-23 19:59:13','client','admin','',2),('551007073235d','super','192.168.10.1','2015-03-23 19:59:16','client','update','',2),('551007073235d','super','192.168.10.1','2015-03-23 19:59:21','client','admin','',2),('551007073235d','super','192.168.10.1','2015-03-23 19:59:24','wholeSale','index','',2),('551007073235d','super','192.168.10.1','2015-03-23 20:26:32','wholeSale','index','',2),('551007073235d','super','192.168.10.1','2015-03-23 20:26:42','client','admin','',2),('551007073235d','super','192.168.10.1','2015-03-23 20:29:29','wholeSale','index','',2),('551007073235d','super','192.168.10.1','2015-03-23 20:29:34','wholeSale','index','',2),('551007073235d','super','192.168.10.1','2015-03-23 20:29:45','site','error','',2),('551007073235d','super','192.168.10.1','2015-03-23 20:29:47','wholeSale','index','',2),('551007073235d','super','192.168.10.1','2015-03-23 20:29:56','client','update','',2),('551007073235d','super','192.168.10.1','2015-03-23 20:30:00','site','error','',2),('551007073235d','super','192.168.10.1','2015-03-23 20:31:14','site','error','',2),('551007073235d','super','192.168.10.1','2015-03-23 20:31:16','wholeSale','index','',2),('551007073235d','super','192.168.10.1','2015-03-23 20:31:18','client','update','',2),('551007073235d','super','192.168.10.1','2015-03-23 20:31:21','site','error','',2),('551007073235d','super','192.168.10.1','2015-03-23 20:31:25','client','update','',2),('551007073235d','super','192.168.10.1','2015-03-23 20:31:28','site','error','',2),('551007073235d','super','192.168.10.1','2015-03-23 20:31:33','wholeSale','index','',2),('551007073235d','super','192.168.10.1','2015-03-23 20:31:34','client','update','',2),('551007073235d','super','192.168.10.1','2015-03-23 20:31:48','client','update','',2),('551007073235d','super','192.168.10.1','2015-03-23 20:31:50','wholeSale','index','',2),('551007073235d','super','192.168.10.1','2015-03-23 20:31:53','client','update','',2),('551007073235d','super','192.168.10.1','2015-03-23 20:31:56','wholeSale','index','',2),('551007073235d','super','192.168.10.1','2015-03-23 20:31:58','wholeSale','SetPriceTier','',2),('551007073235d','super','192.168.10.1','2015-03-23 20:31:59','wholeSale','SetPriceTier','',2),('551007073235d','super','192.168.10.1','2015-03-23 20:32:00','wholeSale','SetPriceTier','',2),('551007073235d','super','192.168.10.1','2015-03-23 20:32:01','wholeSale','SetPriceTier','',2),('551007073235d','super','192.168.10.1','2015-03-23 20:32:02','wholeSale','SetPriceTier','',2),('551007073235d','super','192.168.10.1','2015-03-23 20:32:03','wholeSale','SetPriceTier','',2),('551007073235d','super','192.168.10.1','2015-03-23 20:32:04','wholeSale','SetPriceTier','',2),('551007073235d','super','192.168.10.1','2015-03-23 20:32:05','wholeSale','SetPriceTier','',2),('551007073235d','super','192.168.10.1','2015-03-23 20:32:21','wholeSale','ListSuspendedSale','',2),('551007073235d','super','192.168.10.1','2015-03-23 20:32:23','wholeSale','index','',2),('551007073235d','super','192.168.10.1','2015-03-23 20:32:26','wholeSale','removeCustomer','',2),('551007073235d','super','192.168.10.1','2015-03-23 20:32:27','wholeSale','ListSuspendedSale','',2),('551007073235d','super','192.168.10.1','2015-03-23 20:32:31','wholeSale','ListSuspendedSale','',2),('551007073235d','super','192.168.10.1','2015-03-23 20:32:32','wholeSale','index','',2),('551007073235d','super','192.168.10.1','2015-03-23 20:32:45','wholeSale','ListSuspendedSale','',2),('551007073235d','super','192.168.10.1','2015-03-23 20:34:12','wholeSale','index','',2),('551007073235d','super','192.168.10.1','2015-03-23 20:34:52','wholeSale','index','',2),('551007073235d','super','192.168.10.1','2015-03-23 20:35:08','wholeSale','index','',2),('551007073235d','super','192.168.10.1','2015-03-23 20:35:33','wholeSale','index','',2),('551007073235d','super','192.168.10.1','2015-03-23 20:35:35','wholeSale','index','',2),('551007073235d','super','192.168.10.1','2015-03-23 20:35:37','wholeSale','index','',2),('551007073235d','super','192.168.10.1','2015-03-23 20:37:43','wholeSale','index','',2),('551007073235d','super','192.168.10.1','2015-03-23 20:37:57','wholeSale','index','',2),('551007073235d','super','192.168.10.1','2015-03-23 20:38:00','wholeSale','ListSuspendedSale','',2),('551007073235d','super','192.168.10.1','2015-03-23 20:38:25','wholeSale','ListSuspendedSale','',2),('551007073235d','super','192.168.10.1','2015-03-23 20:38:32','wholeSale','ListSuspendedSale','',2),('551007073235d','super','192.168.10.1','2015-03-23 20:38:40','wholeSale','ListSuspendedSale','',2),('551007073235d','super','192.168.10.1','2015-03-23 20:38:41','wholeSale','index','',2),('551007073235d','super','192.168.10.1','2015-03-23 20:38:58','wholeSale','index','',2),('551007073235d','super','192.168.10.1','2015-03-23 20:39:04','wholeSale','index','',2),('551007073235d','super','192.168.10.1','2015-03-23 20:39:10','wholeSale','index','',2),('551007073235d','super','192.168.10.1','2015-03-23 20:39:20','wholeSale','ListSuspendedSale','',2),('551007073235d','super','192.168.10.1','2015-03-23 20:39:28','wholeSale','index','',2),('551007073235d','super','192.168.10.1','2015-03-23 20:39:31','request','suggestClient','',2),('551007073235d','super','192.168.10.1','2015-03-23 20:39:32','wholeSale','selectCustomer','',2),('551007073235d','super','192.168.10.1','2015-03-23 20:39:33','client','update','',2),('551007073235d','super','192.168.10.1','2015-03-23 20:39:36','wholeSale','index','',2),('551007073235d','super','192.168.10.1','2015-03-23 20:39:54','request','suggestItem','',2),('551007073235d','super','192.168.10.1','2015-03-23 20:39:54','wholeSale','add','',2),('551007073235d','super','192.168.10.1','2015-03-23 20:39:58','item','admin','',2),('551007073235d','super','192.168.10.1','2015-03-23 20:39:59','item','UpdateImage','',2),('551007073235d','super','192.168.10.1','2015-03-23 20:40:35','item','UpdateImage','',2),('551007073235d','super','192.168.10.1','2015-03-23 20:40:39','item','admin','',2),('551007073235d','super','192.168.10.1','2015-03-23 20:40:43','wholeSale','index','',2),('551007073235d','super','192.168.10.1','2015-03-23 20:40:50','wholeSale','cancelSale','',2),('551007073235d','super','192.168.10.1','2015-03-23 20:40:53','item','createImage','',2),('551007073235d','super','192.168.10.1','2015-03-23 20:42:22','site','error','',2),('551007073235d','super','192.168.10.1','2015-03-23 20:42:34','item','admin','',2),('551007073235d','super','192.168.10.1','2015-03-23 20:42:36','item','createImage','',2),('551007073235d','super','192.168.10.1','2015-03-23 20:42:38','wholeSale','index','',2),('551007073235d','super','192.168.10.1','2015-03-23 20:42:39','client','Create','',2),('551007073235d','super','192.168.10.1','2015-03-23 20:42:42','client','admin','',2),('551007073235d','super','192.168.10.1','2015-03-23 20:42:43','wholeSale','index','',2),('551007073235d','super','192.168.10.1','2015-03-23 20:42:47','item','createImage','',2),('551007073235d','super','192.168.10.1','2015-03-23 20:42:56','item','createImage','',2),('551007073235d','super','192.168.10.1','2015-03-23 20:43:01','wholeSale','index','',2),('551007073235d','super','192.168.10.1','2015-03-23 20:43:06','request','suggestClient','',2),('551007073235d','super','192.168.10.1','2015-03-23 20:43:07','wholeSale','selectCustomer','',2),('551007073235d','super','192.168.10.1','2015-03-23 20:43:18','wholeSale','SetPriceTier','',2),('551007073235d','super','192.168.10.1','2015-03-23 20:43:19','wholeSale','SetPriceTier','',2),('551007073235d','super','192.168.10.1','2015-03-23 20:43:21','wholeSale','SetPriceTier','',2),('551007073235d','super','192.168.10.1','2015-03-23 20:43:23','wholeSale','SetPriceTier','',2),('551007073235d','super','192.168.10.1','2015-03-23 20:43:25','item','admin','',2),('551007073235d','super','192.168.10.1','2015-03-23 20:43:29','item','UpdateImage','',2),('551007073235d','super','192.168.10.1','2015-03-23 20:43:34','item','admin','',2),('551007073235d','super','192.168.10.1','2015-03-23 20:43:36','wholeSale','index','',2),('551007073235d','super','192.168.10.1','2015-03-23 20:43:38','wholeSale','SetPriceTier','',2),('551007073235d','super','192.168.10.1','2015-03-23 20:43:39','wholeSale','SetPriceTier','',2),('551007073235d','super','192.168.10.1','2015-03-23 20:43:40','wholeSale','SetPriceTier','',2),('551007073235d','super','192.168.10.1','2015-03-23 20:43:41','wholeSale','SetPriceTier','',2),('551007073235d','super','192.168.10.1','2015-03-23 20:43:42','wholeSale','SetPriceTier','',2),('551007073235d','super','192.168.10.1','2015-03-23 20:43:43','wholeSale','SetPriceTier','',2),('551007073235d','super','192.168.10.1','2015-03-23 20:43:53','wholeSale','AddPayment','',2),('551007073235d','super','192.168.10.1','2015-03-23 20:43:57','wholeSale','setCurrencyType','',2),('551007073235d','super','192.168.10.1','2015-03-23 20:43:59','wholeSale','AddPayment','',2),('551007073235d','super','192.168.10.1','2015-03-23 20:44:06','wholeSale','DeletePayment','',2),('551007073235d','super','192.168.10.1','2015-03-23 20:44:07','wholeSale','DeletePayment','',2),('551007073235d','super','192.168.10.1','2015-03-23 20:44:16','wholeSale','AddPayment','',2),('551007073235d','super','192.168.10.1','2015-03-23 20:44:19','wholeSale','setCurrencyType','',2),('551007073235d','super','192.168.10.1','2015-03-23 20:44:23','wholeSale','AddPayment','',2),('551007073235d','super','192.168.10.1','2015-03-23 20:44:27','wholeSale','setCurrencyType','',2),('551007073235d','super','192.168.10.1','2015-03-23 20:44:29','wholeSale','AddPayment','',2),('551007073235d','super','192.168.10.1','2015-03-23 20:44:33','wholeSale','DeletePayment','',2),('551007073235d','super','192.168.10.1','2015-03-23 20:44:37','wholeSale','completeSale','',2),('551007073235d','super','192.168.10.1','2015-03-23 20:44:41','wholeSale','index','',2),('551007073235d','super','192.168.10.1','2015-03-23 20:44:44','request','suggestClient','',2),('551007073235d','super','192.168.10.1','2015-03-23 20:44:45','wholeSale','selectCustomer','',2),('551007073235d','super','192.168.10.1','2015-03-23 20:44:51','wholeSale','removeCustomer','',2),('','Guest','192.168.10.1','2015-03-23 20:44:55','site','index','',0),('55101bfb7c861','super','192.168.10.1','2015-03-23 20:58:19','dashboard','view','',2),('55101bfb7c861','super','192.168.10.1','2015-03-23 20:58:23','dashboard','view','',2),('55101bfb7c861','super','192.168.10.1','2015-03-23 20:58:31','wholeSale','index','',2),('55101bfb7c861','super','192.168.10.1','2015-03-23 20:58:48','request','suggestClient','',2),('55101bfb7c861','super','192.168.10.1','2015-03-23 20:58:48','request','suggestClient','',2),('55101bfb7c861','super','192.168.10.1','2015-03-23 20:58:48','request','suggestClient','',2),('55101bfb7c861','super','192.168.10.1','2015-03-23 20:58:49','wholeSale','selectCustomer','',2),('55101bfb7c861','super','192.168.10.1','2015-03-23 20:58:53','wholeSale','removeCustomer','',2),('55101bfb7c861','super','192.168.10.1','2015-03-23 20:59:28','salePayment','index','',2),('55101bfb7c861','super','192.168.10.1','2015-03-23 20:59:32','request','suggestClient','',2),('55101bfb7c861','super','192.168.10.1','2015-03-23 20:59:32','request','suggestClient','',2),('55101bfb7c861','super','192.168.10.1','2015-03-23 20:59:32','request','suggestClient','',2),('55101bfb7c861','super','192.168.10.1','2015-03-23 20:59:40','site','error','',2),('55101bfb7c861','super','192.168.10.1','2015-03-23 20:59:42','site','error','',2),('','Guest','192.168.10.1','2015-03-23 20:59:44','site','index','',0),('55101c55f1b99','super','192.168.10.1','2015-03-23 20:59:50','dashboard','view','',2),('55101c55f1b99','super','192.168.10.1','2015-03-23 20:59:53','salePayment','index','',2),('55101c55f1b99','super','192.168.10.1','2015-03-23 21:00:09','item','admin','',2),('55101c55f1b99','super','192.168.10.1','2015-03-23 21:00:10','wholeSale','index','',2),('55101c55f1b99','super','192.168.10.1','2015-03-23 21:00:22','request','suggestClient','',2),('55101c55f1b99','super','192.168.10.1','2015-03-23 21:00:22','request','suggestClient','',2),('55101c55f1b99','super','192.168.10.1','2015-03-23 21:00:22','request','suggestClient','',2),('55101c55f1b99','super','192.168.10.1','2015-03-23 21:00:22','wholeSale','selectCustomer','',2),('55101c55f1b99','super','192.168.10.1','2015-03-23 21:00:49','item','admin','',2),('55101c55f1b99','super','192.168.10.1','2015-03-23 21:01:11','item','admin','',2),('55101c55f1b99','super','192.168.10.1','2015-03-23 21:01:12','item','admin','',2),('55101c55f1b99','super','192.168.10.1','2015-03-23 21:01:14','item','admin','',2),('55101c55f1b99','super','192.168.10.1','2015-03-23 21:01:18','item','admin','',2),('55101c55f1b99','super','192.168.10.1','2015-03-23 21:01:31','item','admin','',2),('55101c55f1b99','super','192.168.10.1','2015-03-23 21:01:32','item','admin','',2),('','Guest','192.168.10.1','2015-03-23 21:24:02','site','index','',0),('','Guest','192.168.10.1','2015-03-24 12:58:12','site','index','',0),('5510fcfae9ae8','super','192.168.10.1','2015-03-24 12:58:20','dashboard','view','',2),('','Guest','192.168.10.1','2015-03-24 12:58:21','site','index','',0),('5510fcfae9ae8','super','192.168.10.1','2015-03-24 12:59:01','salePayment','index','',2),('','Guest','192.168.10.1','2015-03-25 01:41:05','site','index','',0),('5511afd460545','super','192.168.10.1','2015-03-25 01:41:26','dashboard','view','',2),('5511afd460545','super','192.168.10.1','2015-03-25 01:41:36','wholeSale','index','',2),('5511afd460545','super','192.168.10.1','2015-03-25 01:41:50','request','suggestItem','',2),('5511afd460545','super','192.168.10.1','2015-03-25 01:41:51','wholeSale','add','',2),('5511afd460545','super','192.168.10.1','2015-03-25 01:41:53','request','suggestItem','',2),('5511afd460545','super','192.168.10.1','2015-03-25 01:41:58','request','suggestItem','',2),('5511afd460545','super','192.168.10.1','2015-03-25 01:42:00','wholeSale','add','',2),('5511afd460545','super','192.168.10.1','2015-03-25 01:42:09','request','suggestItem','',2),('5511afd460545','super','192.168.10.1','2015-03-25 01:42:12','wholeSale','add','',2),('5511afd460545','super','192.168.10.1','2015-03-25 01:42:23','wholeSale','ListSuspendedSale','',2),('5511afd460545','super','192.168.10.1','2015-03-25 01:42:28','wholeSale','index','',2),('5511afd460545','super','192.168.10.1','2015-03-25 01:42:37','wholeSale','ListSuspendedSale','',2),('5511afd460545','super','192.168.10.1','2015-03-25 01:42:41','wholeSale','index','',2),('5511afd460545','super','192.168.10.1','2015-03-25 01:45:49','wholeSale','AddPayment','',2),('5511afd460545','super','192.168.10.1','2015-03-25 01:45:57','wholeSale','DeletePayment','',2),('5511afd460545','super','192.168.10.1','2015-03-25 01:46:10','wholeSale','AddPayment','',2),('5511afd460545','super','192.168.10.1','2015-03-25 01:46:18','wholeSale','AddPayment','',2),('5511afd460545','super','192.168.10.1','2015-03-25 01:46:24','wholeSale','DeletePayment','',2),('5511afd460545','super','192.168.10.1','2015-03-25 01:46:30','wholeSale','AddPayment','',2),('5511afd460545','super','192.168.10.1','2015-03-25 01:46:33','wholeSale','setCurrencyType','',2),('5511afd460545','super','192.168.10.1','2015-03-25 01:51:53','salePayment','index','',2),('5511afd460545','super','192.168.10.1','2015-03-25 01:53:14','site','about','',2),('5511afd460545','super','192.168.10.1','2015-03-25 01:55:02','dashboard','view','',2),('5511afd460545','super','192.168.10.1','2015-03-25 01:55:06','item','admin','',2),('','Guest','192.168.10.1','2015-03-25 12:25:03','site','index','',0),('','Guest','192.168.10.1','2015-03-25 15:48:04','site','index','',0),('','Guest','192.168.10.1','2015-03-27 10:30:35','site','index','',0),('5514cf6693a2f','super','192.168.10.1','2015-03-27 10:32:55','dashboard','view','',2),('5514cf6693a2f','super','192.168.10.1','2015-03-27 10:33:00','item','admin','',2),('5514cf6693a2f','super','192.168.10.1','2015-03-27 10:33:00','item','admin','',2),('5514cf6693a2f','super','192.168.10.1','2015-03-27 10:33:02','item','createImage','',2),('5514cf6693a2f','super','192.168.10.1','2015-03-27 10:33:04','item','admin','',2),('5514cf6693a2f','super','192.168.10.1','2015-03-27 10:33:10','priceTier','admin','',2),('','Guest','192.168.10.1','2015-03-27 12:59:18','site','index','',0),('5514f1bbd2ded','super','192.168.10.1','2015-03-27 12:59:24','dashboard','view','',2),('5514f1bbd2ded','super','192.168.10.1','2015-03-27 12:59:27','wholeSale','index','',2),('5514f1bbd2ded','super','192.168.10.1','2015-03-27 12:59:30','priceTier','admin','',2),('5514f1bbd2ded','super','192.168.10.1','2015-03-27 13:01:25','priceTier','admin','',2),('5514f1bbd2ded','super','192.168.10.1','2015-03-27 13:01:27','priceTier','admin','',2),('5514f1bbd2ded','super','192.168.10.1','2015-03-27 13:01:29','priceTier','admin','',2),('5514f1bbd2ded','super','192.168.10.1','2015-03-27 13:01:30','priceTier','admin','',2),('5514f1bbd2ded','super','192.168.10.1','2015-03-27 13:01:31','site','error','',2),('5514f1bbd2ded','super','192.168.10.1','2015-03-27 13:02:12','profitMargin','admin','',2),('5514f1bbd2ded','super','192.168.10.1','2015-03-27 13:03:17','profitMargin','admin','',2),('5514f1bbd2ded','super','192.168.10.1','2015-03-27 13:04:15','profitMargin','admin','',2),('5514f1bbd2ded','super','192.168.10.1','2015-03-27 13:04:31','profitMargin','admin','',2),('5514f1bbd2ded','super','192.168.10.1','2015-03-27 13:04:41','profitMargin','admin','',2),('5514f1bbd2ded','super','192.168.10.1','2015-03-27 13:05:32','profitMargin','admin','',2),('5514f1bbd2ded','super','192.168.10.1','2015-03-27 13:05:45','profitMargin','admin','',2),('5514f1bbd2ded','super','192.168.10.1','2015-03-27 13:05:50','profitMargin','create','',2),('5514f1bbd2ded','super','192.168.10.1','2015-03-27 13:05:54','profitMargin','admin','',2),('5514f1bbd2ded','super','192.168.10.1','2015-03-27 13:07:29','profitMargin','create','',2),('5514f1bbd2ded','super','192.168.10.1','2015-03-27 13:07:31','profitMargin','create','',2),('5514f1bbd2ded','super','192.168.10.1','2015-03-27 13:08:09','profitMargin','create','',2),('5514f1bbd2ded','super','192.168.10.1','2015-03-27 13:08:45','profitMargin','create','',2),('5514f1bbd2ded','super','192.168.10.1','2015-03-27 13:08:56','profitMargin','admin','',2),('5514f1bbd2ded','super','192.168.10.1','2015-03-27 13:08:57','profitMargin','create','',2),('5514f1bbd2ded','super','192.168.10.1','2015-03-27 13:09:05','profitMargin','create','',2),('5514f1bbd2ded','super','192.168.10.1','2015-03-27 13:10:24','profitMargin','create','',2),('5514f1bbd2ded','super','192.168.10.1','2015-03-27 13:11:49','profitMargin','create','',2),('5514f1bbd2ded','super','192.168.10.1','2015-03-27 13:12:17','profitMargin','create','',2),('5514f1bbd2ded','super','192.168.10.1','2015-03-27 13:12:28','profitMargin','create','',2),('5514f1bbd2ded','super','192.168.10.1','2015-03-27 13:14:11','profitMargin','create','',2),('5514f1bbd2ded','super','192.168.10.1','2015-03-27 13:14:28','profitMargin','create','',2),('5514f1bbd2ded','super','192.168.10.1','2015-03-27 13:14:45','profitMargin','create','',2),('5514f1bbd2ded','super','192.168.10.1','2015-03-27 13:14:53','profitMargin','create','',2),('5514f1bbd2ded','super','192.168.10.1','2015-03-27 13:14:56','profitMargin','create','',2),('5514f1bbd2ded','super','192.168.10.1','2015-03-27 13:15:07','profitMargin','create','',2),('5514f1bbd2ded','super','192.168.10.1','2015-03-27 13:24:30','profitMargin','create','',2),('5514f1bbd2ded','super','192.168.10.1','2015-03-27 13:24:32','profitMargin','create','',2),('5514f1bbd2ded','super','192.168.10.1','2015-03-27 13:25:05','profitMargin','create','',2),('5514f1bbd2ded','super','192.168.10.1','2015-03-27 13:26:52','profitMargin','create','',2),('5514f1bbd2ded','super','192.168.10.1','2015-03-27 13:28:04','profitMargin','create','',2),('5514f1bbd2ded','super','192.168.10.1','2015-03-27 13:28:22','profitMargin','create','',2),('5514f1bbd2ded','super','192.168.10.1','2015-03-27 13:28:29','profitMargin','create','',2),('5514f1bbd2ded','super','192.168.10.1','2015-03-27 13:28:54','profitMargin','create','',2),('5514f1bbd2ded','super','192.168.10.1','2015-03-27 13:29:00','profitMargin','create','',2),('5514f1bbd2ded','super','192.168.10.1','2015-03-27 13:37:43','site','error','',2),('5514f1bbd2ded','super','192.168.10.1','2015-03-27 13:38:07','site','error','',2),('5514f1bbd2ded','super','192.168.10.1','2015-03-27 13:38:20','site','error','',2),('5514f1bbd2ded','super','192.168.10.1','2015-03-27 13:38:59','profitMargin','admin','',2),('5514f1bbd2ded','super','192.168.10.1','2015-03-27 13:39:05','profitMargin','create','',2),('5514f1bbd2ded','super','192.168.10.1','2015-03-27 13:39:07','profitMargin','admin','',2),('','Guest','192.168.10.1','2015-03-27 21:00:50','site','index','',0),('5515629d807e1','super','192.168.10.1','2015-03-27 21:01:04','dashboard','view','',2),('5515629d807e1','super','192.168.10.1','2015-03-27 21:01:27','profitMargin','admin','',2),('5515629d807e1','super','192.168.10.1','2015-03-27 21:03:27','priceTier','admin','',2),('5515629d807e1','super','192.168.10.1','2015-03-27 21:03:35','profitMargin','admin','',2),('5515629d807e1','super','192.168.10.1','2015-03-27 21:04:02','profitMargin','admin','',2),('5515629d807e1','super','192.168.10.1','2015-03-27 21:04:06','profitMargin','admin','',2),('5515629d807e1','super','192.168.10.1','2015-03-27 21:04:54','profitMargin','admin','',2),('5515629d807e1','super','192.168.10.1','2015-03-27 21:05:06','profitMargin','admin','',2),('5515629d807e1','super','192.168.10.1','2015-03-27 21:05:08','profitMargin','admin','',2),('5515629d807e1','super','192.168.10.1','2015-03-27 21:05:12','profitMargin','admin','',2),('5515629d807e1','super','192.168.10.1','2015-03-27 21:06:32','profitMargin','admin','',2),('5515629d807e1','super','192.168.10.1','2015-03-27 21:06:57','profitMargin','admin','',2),('5515629d807e1','super','192.168.10.1','2015-03-27 21:07:26','profitMargin','admin','',2),('5515629d807e1','super','192.168.10.1','2015-03-27 21:07:33','profitMargin','admin','',2),('5515629d807e1','super','192.168.10.1','2015-03-27 21:07:51','profitMargin','admin','',2),('5515629d807e1','super','192.168.10.1','2015-03-27 21:08:16','profitMargin','admin','',2),('','Guest','192.168.10.1','2015-03-28 05:49:26','site','login','',0),('5515de7b71780','super','192.168.10.1','2015-03-28 05:49:31','profitMargin','admin','',2),('5515de7b71780','super','192.168.10.1','2015-03-28 05:49:34','profitMargin','admin','',2),('5515de7b71780','super','192.168.10.1','2015-03-28 05:54:45','site','error','',2),('5515de7b71780','super','192.168.10.1','2015-03-28 05:55:17','site','error','',2),('5515de7b71780','super','192.168.10.1','2015-03-28 05:56:37','site','error','',2),('5515de7b71780','super','192.168.10.1','2015-03-28 05:57:01','site','error','',2),('5515de7b71780','super','192.168.10.1','2015-03-28 05:58:02','profitMargin','update','',2),('5515de7b71780','super','192.168.10.1','2015-03-28 05:58:07','profitMargin','create','',2),('5515de7b71780','super','192.168.10.1','2015-03-28 05:59:07','profitMargin','admin','',2),('5515de7b71780','super','192.168.10.1','2015-03-28 05:59:09','profitMargin','update','',2),('5515de7b71780','super','192.168.10.1','2015-03-28 05:59:12','profitMargin','admin','',2),('5515de7b71780','super','192.168.10.1','2015-03-28 06:00:09','profitMargin','update','',2),('5515de7b71780','super','192.168.10.1','2015-03-28 06:00:11','profitMargin','admin','',2),('5515de7b71780','super','192.168.10.1','2015-03-28 06:00:30','profitMargin','update','',2),('5515de7b71780','super','192.168.10.1','2015-03-28 06:00:44','profitMargin','admin','',2),('5515de7b71780','super','192.168.10.1','2015-03-28 06:15:21','item','admin','',2),('5515de7b71780','super','192.168.10.1','2015-03-28 06:15:38','profitMargin','update','',2),('5515de7b71780','super','192.168.10.1','2015-03-28 06:15:40','profitMargin','admin','',2),('5515de7b71780','super','192.168.10.1','2015-03-28 06:15:44','profitMargin','update','',2),('5515de7b71780','super','192.168.10.1','2015-03-28 06:15:46','profitMargin','admin','',2),('5515de7b71780','super','192.168.10.1','2015-03-28 06:15:48','profitMargin','create','',2),('5515de7b71780','super','192.168.10.1','2015-03-28 06:15:57','profitMargin','admin','',2),('5515de7b71780','super','192.168.10.1','2015-03-28 06:18:52','profitMargin','update','',2),('5515de7b71780','super','192.168.10.1','2015-03-28 06:18:54','profitMargin','admin','',2),('5515de7b71780','super','192.168.10.1','2015-03-28 06:31:41','item','createImage','',2),('5515de7b71780','super','192.168.10.1','2015-03-28 06:58:04','site','error','',2),('5515de7b71780','super','192.168.10.1','2015-03-28 06:58:34','item','createImage','',2),('5515de7b71780','super','192.168.10.1','2015-03-28 07:03:57','item','createImage','',2),('','Guest','192.168.10.1','2015-03-30 13:23:34','site','index','',0),('5518ebf280b80','super','192.168.10.1','2015-03-30 13:23:50','dashboard','view','',2),('5518ebf280b80','super','192.168.10.1','2015-03-30 13:26:08','item','admin','',2),('5518ebf280b80','super','192.168.10.1','2015-03-30 13:26:11','site','error','',2),('5518ebf280b80','super','192.168.10.1','2015-03-30 13:30:02','item','createImage','',2),('','Guest','192.168.10.1','2015-03-30 19:31:41','site','index','',0),('55194242ce2d5','super','192.168.10.1','2015-03-30 19:32:05','dashboard','view','',2),('55194242ce2d5','super','192.168.10.1','2015-03-30 19:32:16','item','admin','',2),('55194242ce2d5','super','192.168.10.1','2015-03-30 19:32:18','item','createImage','',2),('55194242ce2d5','super','192.168.10.1','2015-03-30 19:32:22','item','createImage','',2),('55194242ce2d5','super','192.168.10.1','2015-03-30 19:32:26','item','createImage','',2),('55194242ce2d5','super','192.168.10.1','2015-03-30 19:32:30','item','createImage','',2),('55194242ce2d5','super','192.168.10.1','2015-03-30 19:32:42','item','createImage','',2),('55194242ce2d5','super','192.168.10.1','2015-03-30 19:32:47','item','createImage','',2),('55194242ce2d5','super','192.168.10.1','2015-03-30 19:32:51','item','createImage','',2),('55194242ce2d5','super','192.168.10.1','2015-03-30 19:32:55','item','createImage','',2),('55194242ce2d5','super','192.168.10.1','2015-03-30 19:32:59','item','createImage','',2),('55194242ce2d5','super','192.168.10.1','2015-03-30 19:33:06','item','createImage','',2),('55194242ce2d5','super','192.168.10.1','2015-03-30 19:33:55','item','createImage','',2),('55194242ce2d5','super','192.168.10.1','2015-03-30 19:34:07','item','createImage','',2),('55194242ce2d5','super','192.168.10.1','2015-03-30 19:34:13','item','createImage','',2),('55194242ce2d5','super','192.168.10.1','2015-03-30 19:34:20','item','createImage','',2),('55194242ce2d5','super','192.168.10.1','2015-03-30 19:35:16','item','createImage','',2),('55194242ce2d5','super','192.168.10.1','2015-03-30 19:35:19','item','createImage','',2),('55194242ce2d5','super','192.168.10.1','2015-03-30 19:35:27','item','createImage','',2),('55194242ce2d5','super','192.168.10.1','2015-03-30 19:35:33','item','createImage','',2),('55194242ce2d5','super','192.168.10.1','2015-03-30 19:50:30','item','createImage','',2),('55194242ce2d5','super','192.168.10.1','2015-03-30 19:50:33','item','createImage','',2),('55194242ce2d5','super','192.168.10.1','2015-03-30 19:50:37','item','createImage','',2),('55194242ce2d5','super','192.168.10.1','2015-03-30 19:50:44','item','createImage','',2),('55194242ce2d5','super','192.168.10.1','2015-03-30 19:50:48','item','createImage','',2),('55194242ce2d5','super','192.168.10.1','2015-03-30 19:51:07','item','createImage','',2),('55194242ce2d5','super','192.168.10.1','2015-03-30 19:52:18','item','createImage','',2),('55194242ce2d5','super','192.168.10.1','2015-03-30 19:52:20','item','createImage','',2),('55194242ce2d5','super','192.168.10.1','2015-03-30 19:52:24','item','createImage','',2),('55194242ce2d5','super','192.168.10.1','2015-03-30 19:52:27','item','createImage','',2),('55194242ce2d5','super','192.168.10.1','2015-03-30 19:53:40','item','createImage','',2),('55194242ce2d5','super','192.168.10.1','2015-03-30 19:53:44','item','createImage','',2),('55194242ce2d5','super','192.168.10.1','2015-03-30 19:54:01','item','createImage','',2),('55194242ce2d5','super','192.168.10.1','2015-03-30 19:54:05','item','createImage','',2),('55194242ce2d5','super','192.168.10.1','2015-03-30 19:55:25','item','createImage','',2),('55194242ce2d5','super','192.168.10.1','2015-03-30 19:55:39','item','createImage','',2),('55194242ce2d5','super','192.168.10.1','2015-03-30 19:55:43','item','createImage','',2),('55194242ce2d5','super','192.168.10.1','2015-03-30 19:55:47','item','createImage','',2),('','Guest','192.168.10.1','2015-03-31 04:47:34','site','login','',0),('5519c47ac932d','super','192.168.10.1','2015-03-31 04:47:39','item','createImage','',2),('5519c47ac932d','super','192.168.10.1','2015-03-31 04:47:41','item','admin','',2),('5519c47ac932d','super','192.168.10.1','2015-03-31 04:47:42','item','createImage','',2),('5519c47ac932d','super','192.168.10.1','2015-03-31 04:50:58','item','createImage','',2),('5519c47ac932d','super','192.168.10.1','2015-03-31 04:52:05','item','createImage','',2),('5519c47ac932d','super','192.168.10.1','2015-03-31 05:14:40','item','createImage','',2),('5519c47ac932d','super','192.168.10.1','2015-03-31 05:15:12','item','createImage','',2),('5519c47ac932d','super','192.168.10.1','2015-03-31 05:16:54','item','createImage','',2),('5519c47ac932d','super','192.168.10.1','2015-03-31 05:17:48','item','createImage','',2),('5519c47ac932d','super','192.168.10.1','2015-03-31 05:19:10','item','createImage','',2),('','Guest','192.168.10.1','2015-03-31 05:19:56','site','login','',0),('5519cc14b9087','super','192.168.10.1','2015-03-31 05:20:04','item','createImage','',2),('5519c47ac932d','super','192.168.10.1','2015-03-31 05:24:31','item','createImage','',2),('5519cc14b9087','super','192.168.10.1','2015-03-31 05:25:08','item','createImage','',2),('5519c47ac932d','super','192.168.10.1','2015-03-31 05:25:20','item','createImage','',2),('5519c47ac932d','super','192.168.10.1','2015-03-31 05:25:34','item','createImage','',2),('5519c47ac932d','super','192.168.10.1','2015-03-31 05:25:38','site','error','',2),('5519cc14b9087','super','192.168.10.1','2015-03-31 05:25:43','item','createImage','',2),('5519cc14b9087','super','192.168.10.1','2015-03-31 05:25:49','site','error','',2),('5519cc14b9087','super','192.168.10.1','2015-03-31 05:25:51','site','error','',2),('5519cc14b9087','super','192.168.10.1','2015-03-31 05:25:55','site','error','',2),('5519cc14b9087','super','192.168.10.1','2015-03-31 05:25:57','site','error','',2),('5519cc14b9087','super','192.168.10.1','2015-03-31 05:43:16','item','createImage','',2),('5519cc14b9087','super','192.168.10.1','2015-03-31 05:43:49','item','createImage','',2),('5519cc14b9087','super','192.168.10.1','2015-03-31 05:43:58','site','error','',2),('5519cc14b9087','super','192.168.10.1','2015-03-31 05:44:13','item','createImage','',2),('5519cc14b9087','super','192.168.10.1','2015-03-31 05:46:01','item','createImage','',2),('5519cc14b9087','super','192.168.10.1','2015-03-31 05:46:04','item','f5pricetier','',2),('5519cc14b9087','super','192.168.10.1','2015-03-31 05:46:31','item','createImage','',2),('5519cc14b9087','super','192.168.10.1','2015-03-31 05:46:35','item','f5pricetier','',2),('5519cc14b9087','super','192.168.10.1','2015-03-31 05:46:54','item','f5pricetier','',2),('5519cc14b9087','super','192.168.10.1','2015-03-31 05:46:55','item','f5pricetier','',2),('5519cc14b9087','super','192.168.10.1','2015-03-31 05:46:56','item','f5pricetier','',2),('5519cc14b9087','super','192.168.10.1','2015-03-31 05:47:46','item','f5pricetier','',2),('5519cc14b9087','super','192.168.10.1','2015-03-31 05:47:47','item','createImage','',2),('5519cc14b9087','super','192.168.10.1','2015-03-31 05:47:50','item','f5pricetier','',2),('5519cc14b9087','super','192.168.10.1','2015-03-31 05:48:00','site','error','',2),('5519cc14b9087','super','192.168.10.1','2015-03-31 05:48:22','item','createImage','',2),('5519cc14b9087','super','192.168.10.1','2015-03-31 05:48:27','item','f5pricetier','',2),('5519cc14b9087','super','192.168.10.1','2015-03-31 05:50:22','item','f5pricetier','',2),('5519cc14b9087','super','192.168.10.1','2015-03-31 05:50:22','item','f5pricetier','',2),('5519cc14b9087','super','192.168.10.1','2015-03-31 05:50:22','item','f5pricetier','',2),('5519cc14b9087','super','192.168.10.1','2015-03-31 05:50:28','item','f5pricetier','',2),('5519cc14b9087','super','192.168.10.1','2015-03-31 05:50:28','item','f5pricetier','',2),('5519cc14b9087','super','192.168.10.1','2015-03-31 05:50:28','item','f5pricetier','',2),('5519cc14b9087','super','192.168.10.1','2015-03-31 05:50:28','item','f5pricetier','',2),('5519cc14b9087','super','192.168.10.1','2015-03-31 05:50:28','item','f5pricetier','',2),('5519cc14b9087','super','192.168.10.1','2015-03-31 05:50:28','item','f5pricetier','',2),('5519cc14b9087','super','192.168.10.1','2015-03-31 05:50:32','item','f5pricetier','',2),('5519cc14b9087','super','192.168.10.1','2015-03-31 05:50:32','item','f5pricetier','',2),('5519cc14b9087','super','192.168.10.1','2015-03-31 05:50:32','item','f5pricetier','',2),('5519cc14b9087','super','192.168.10.1','2015-03-31 05:50:32','item','f5pricetier','',2),('5519cc14b9087','super','192.168.10.1','2015-03-31 05:50:32','item','f5pricetier','',2),('5519cc14b9087','super','192.168.10.1','2015-03-31 05:50:32','item','f5pricetier','',2),('5519cc14b9087','super','192.168.10.1','2015-03-31 05:50:32','item','f5pricetier','',2),('5519cc14b9087','super','192.168.10.1','2015-03-31 05:50:32','item','f5pricetier','',2),('5519cc14b9087','super','192.168.10.1','2015-03-31 05:50:33','item','f5pricetier','',2),('5519cc14b9087','super','192.168.10.1','2015-03-31 05:50:33','item','f5pricetier','',2),('5519cc14b9087','super','192.168.10.1','2015-03-31 05:50:33','item','f5pricetier','',2),('5519cc14b9087','super','192.168.10.1','2015-03-31 05:50:33','item','f5pricetier','',2),('5519cc14b9087','super','192.168.10.1','2015-03-31 05:51:56','item','createImage','',2),('5519cc14b9087','super','192.168.10.1','2015-03-31 05:52:25','item','createImage','',2),('5519cc14b9087','super','192.168.10.1','2015-03-31 05:56:48','item','createImage','',2),('5519cc14b9087','super','192.168.10.1','2015-03-31 05:59:32','item','createImage','',2),('5519cc14b9087','super','192.168.10.1','2015-03-31 05:59:45','item','createImage','',2),('5519cc14b9087','super','192.168.10.1','2015-03-31 06:00:09','item','createImage','',2),('5519cc14b9087','super','192.168.10.1','2015-03-31 06:00:22','item','createImage','',2),('5519cc14b9087','super','192.168.10.1','2015-03-31 06:00:32','item','createImage','',2),('5519cc14b9087','super','192.168.10.1','2015-03-31 06:01:46','item','createImage','',2),('5519cc14b9087','super','192.168.10.1','2015-03-31 06:03:07','item','createImage','',2),('','Guest','192.168.10.1','2015-03-31 06:03:36','site','login','',0),('5519cc14b9087','super','192.168.10.1','2015-03-31 06:03:40','item','createImage','',2),('5519cc14b9087','super','192.168.10.1','2015-03-31 06:04:32','item','createImage','',2),('5519cc14b9087','super','192.168.10.1','2015-03-31 06:05:19','item','createImage','',2),('5519cc14b9087','super','192.168.10.1','2015-03-31 06:09:24','item','createImage','',2),('5519cc14b9087','super','192.168.10.1','2015-03-31 06:09:48','item','createImage','',2),('5519cc14b9087','super','192.168.10.1','2015-03-31 06:09:50','item','f5pricetier','',2),('5519cc14b9087','super','192.168.10.1','2015-03-31 06:10:01','item','createImage','',2),('5519cc14b9087','super','192.168.10.1','2015-03-31 06:10:24','item','createImage','',2),('5519cc14b9087','super','192.168.10.1','2015-03-31 06:10:26','item','f5pricetier','',2),('5519cc14b9087','super','192.168.10.1','2015-03-31 06:10:28','item','f5pricetier','',2),('5519cc14b9087','super','192.168.10.1','2015-03-31 06:10:30','item','f5pricetier','',2),('5519cc14b9087','super','192.168.10.1','2015-03-31 06:10:31','item','f5pricetier','',2),('5519cc14b9087','super','192.168.10.1','2015-03-31 06:11:30','item','createImage','',2),('5519cc14b9087','super','192.168.10.1','2015-03-31 06:11:42','item','createImage','',2),('5519cc14b9087','super','192.168.10.1','2015-03-31 06:12:07','item','createImage','',2),('5519cc14b9087','super','192.168.10.1','2015-03-31 06:12:09','item','f5pricetier','',2),('5519cc14b9087','super','192.168.10.1','2015-03-31 06:12:10','item','f5pricetier','',2),('5519cc14b9087','super','192.168.10.1','2015-03-31 06:12:11','item','f5pricetier','',2),('5519cc14b9087','super','192.168.10.1','2015-03-31 06:12:15','item','f5pricetier','',2),('5519cc14b9087','super','192.168.10.1','2015-03-31 06:12:17','item','f5pricetier','',2),('5519cc14b9087','super','192.168.10.1','2015-03-31 06:15:14','item','createImage','',2),('5519cc14b9087','super','192.168.10.1','2015-03-31 06:15:39','item','createImage','',2),('5519cc14b9087','super','192.168.10.1','2015-03-31 06:15:59','item','createImage','',2),('5519cc14b9087','super','192.168.10.1','2015-03-31 06:16:08','item','f5pricetier','',2),('5519cc14b9087','super','192.168.10.1','2015-03-31 06:16:37','item','createImage','',2),('5519cc14b9087','super','192.168.10.1','2015-03-31 06:16:41','site','error','',2),('5519cc14b9087','super','192.168.10.1','2015-03-31 06:17:09','item','createImage','',2),('5519cc14b9087','super','192.168.10.1','2015-03-31 06:17:13','item','f5pricetier','',2),('5519cc14b9087','super','192.168.10.1','2015-03-31 06:17:45','item','createImage','',2),('5519cc14b9087','super','192.168.10.1','2015-03-31 06:17:50','item','f5pricetier','',2),('5519cc14b9087','super','192.168.10.1','2015-03-31 06:17:54','item','f5pricetier','',2),('5519cc14b9087','super','192.168.10.1','2015-03-31 06:18:52','item','f5pricetier','',2),('5519cc14b9087','super','192.168.10.1','2015-03-31 06:18:54','item','f5pricetier','',2),('5519cc14b9087','super','192.168.10.1','2015-03-31 06:18:58','item','f5pricetier','',2),('','Guest','192.168.10.1','2015-03-31 06:20:22','site','login','',0),('5519da3a12685','super','192.168.10.1','2015-03-31 06:20:26','item','createImage','',2),('5519da3a12685','super','192.168.10.1','2015-03-31 06:20:31','item','f5pricetier','',2),('5519da3a12685','super','192.168.10.1','2015-03-31 06:20:33','item','f5pricetier','',2),('5519da3a12685','super','192.168.10.1','2015-03-31 06:20:34','item','f5pricetier','',2),('5519da3a12685','super','192.168.10.1','2015-03-31 06:20:36','item','f5pricetier','',2),('5519da3a12685','super','192.168.10.1','2015-03-31 06:20:37','item','f5pricetier','',2),('5519da3a12685','super','192.168.10.1','2015-03-31 06:20:39','item','f5pricetier','',2),('5519da3a12685','super','192.168.10.1','2015-03-31 06:20:44','item','f5pricetier','',2),('5519da3a12685','super','192.168.10.1','2015-03-31 06:20:45','item','f5pricetier','',2),('5519da3a12685','super','192.168.10.1','2015-03-31 06:20:47','item','f5pricetier','',2),('5519da3a12685','super','192.168.10.1','2015-03-31 06:20:48','item','f5pricetier','',2),('5519da3a12685','super','192.168.10.1','2015-03-31 06:20:49','item','f5pricetier','',2),('5519da3a12685','super','192.168.10.1','2015-03-31 06:20:50','item','f5pricetier','',2),('5519da3a12685','super','192.168.10.1','2015-03-31 06:20:51','item','f5pricetier','',2),('5519da3a12685','super','192.168.10.1','2015-03-31 06:20:55','item','f5pricetier','',2),('5519da3a12685','super','192.168.10.1','2015-03-31 06:21:56','item','createImage','',2),('5519da3a12685','super','192.168.10.1','2015-03-31 06:21:59','item','f5pricetier','',2),('5519da3a12685','super','192.168.10.1','2015-03-31 06:22:00','item','f5pricetier','',2),('5519da3a12685','super','192.168.10.1','2015-03-31 06:22:01','item','f5pricetier','',2),('5519da3a12685','super','192.168.10.1','2015-03-31 06:22:02','item','f5pricetier','',2),('5519da3a12685','super','192.168.10.1','2015-03-31 06:22:03','item','f5pricetier','',2),('5519da3a12685','super','192.168.10.1','2015-03-31 06:22:04','item','f5pricetier','',2),('5519da3a12685','super','192.168.10.1','2015-03-31 06:22:12','item','f5pricetier','',2),('5519da3a12685','super','192.168.10.1','2015-03-31 06:22:20','item','f5pricetier','',2),('5519da3a12685','super','192.168.10.1','2015-03-31 06:22:21','item','f5pricetier','',2),('5519da3a12685','super','192.168.10.1','2015-03-31 06:24:52','site','error','',2),('5519da3a12685','super','192.168.10.1','2015-03-31 06:25:10','site','error','',2),('5519da3a12685','super','192.168.10.1','2015-03-31 06:25:12','site','error','',2),('5519da3a12685','super','192.168.10.1','2015-03-31 06:26:46','item','createImage','',2),('5519da3a12685','super','192.168.10.1','2015-03-31 06:27:21','item','createImage','',2),('5519da3a12685','super','192.168.10.1','2015-03-31 06:27:37','item','createImage','',2),('5519da3a12685','super','192.168.10.1','2015-03-31 06:28:32','site','error','',2),('5519da3a12685','super','192.168.10.1','2015-03-31 06:28:44','item','createImage','',2),('5519da3a12685','super','192.168.10.1','2015-03-31 06:29:40','item','createImage','',2),('5519da3a12685','super','192.168.10.1','2015-03-31 06:30:32','item','createImage','',2),('5519da3a12685','super','192.168.10.1','2015-03-31 06:30:37','item','f5pricetier','',2),('5519da3a12685','super','192.168.10.1','2015-03-31 06:30:38','item','f5pricetier','',2),('5519da3a12685','super','192.168.10.1','2015-03-31 06:30:44','item','f5pricetier','',2),('5519da3a12685','super','192.168.10.1','2015-03-31 06:30:47','item','f5pricetier','',2),('5519da3a12685','super','192.168.10.1','2015-03-31 06:30:50','item','f5pricetier','',2),('5519da3a12685','super','192.168.10.1','2015-03-31 06:30:51','item','f5pricetier','',2),('5519da3a12685','super','192.168.10.1','2015-03-31 06:30:52','item','f5pricetier','',2),('5519da3a12685','super','192.168.10.1','2015-03-31 06:30:56','item','f5pricetier','',2),('5519da3a12685','super','192.168.10.1','2015-03-31 06:31:37','item','createImage','',2),('5519da3a12685','super','192.168.10.1','2015-03-31 06:31:37','category','initCategory','',2),('5519da3a12685','super','192.168.10.1','2015-03-31 06:31:43','item','f5pricetier','',2),('5519da3a12685','super','192.168.10.1','2015-03-31 06:31:44','item','f5pricetier','',2),('5519da3a12685','super','192.168.10.1','2015-03-31 06:31:44','item','f5pricetier','',2),('5519da3a12685','super','192.168.10.1','2015-03-31 06:32:51','item','createImage','',2),('5519da3a12685','super','192.168.10.1','2015-03-31 06:33:51','item','createImage','',2),('5519da3a12685','super','192.168.10.1','2015-03-31 06:34:02','item','createImage','',2),('5519da3a12685','super','192.168.10.1','2015-03-31 06:34:07','wholeSale','index','',2),('5519da3a12685','super','192.168.10.1','2015-03-31 06:34:07','item','admin','',2),('5519da3a12685','super','192.168.10.1','2015-03-31 06:34:14','item','UpdateImage','',2),('5519da3a12685','super','192.168.10.1','2015-03-31 06:34:15','category','initCategory','',2),('5519da3a12685','super','192.168.10.1','2015-03-31 06:35:35','item','UpdateImage','',2),('5519da3a12685','super','192.168.10.1','2015-03-31 06:35:36','category','initCategory','',2),('5519da3a12685','super','192.168.10.1','2015-03-31 06:35:39','site','error','',2),('5519da3a12685','super','192.168.10.1','2015-03-31 06:35:50','item','admin','',2),('5519da3a12685','super','192.168.10.1','2015-03-31 06:35:52','item','createImage','',2),('5519da3a12685','super','192.168.10.1','2015-03-31 06:35:56','item','f5pricetier','',2),('5519da3a12685','super','192.168.10.1','2015-03-31 06:35:59','item','admin','',2),('5519da3a12685','super','192.168.10.1','2015-03-31 06:36:01','item','UpdateImage','',2),('5519da3a12685','super','192.168.10.1','2015-03-31 06:36:02','category','initCategory','',2),('5519da3a12685','super','192.168.10.1','2015-03-31 06:36:04','site','error','',2),('5519da3a12685','super','192.168.10.1','2015-03-31 06:36:15','site','error','',2),('5519da3a12685','super','192.168.10.1','2015-03-31 06:36:36','item','admin','',2),('5519da3a12685','super','192.168.10.1','2015-03-31 06:36:39','item','createImage','',2),('5519da3a12685','super','192.168.10.1','2015-03-31 06:36:42','item','f5pricetier','',2),('5519da3a12685','super','192.168.10.1','2015-03-31 06:36:44','item','f5pricetier','',2),('5519da3a12685','super','192.168.10.1','2015-03-31 06:36:45','item','f5pricetier','',2),('5519da3a12685','super','192.168.10.1','2015-03-31 06:36:47','item','admin','',2),('5519da3a12685','super','192.168.10.1','2015-03-31 06:38:42','item','UpdateImage','',2),('5519da3a12685','super','192.168.10.1','2015-03-31 06:38:43','category','initCategory','',2),('5519da3a12685','super','192.168.10.1','2015-03-31 06:38:53','site','error','',2),('5519da3a12685','super','192.168.10.1','2015-03-31 06:40:23','site','error','',2),('5519da3a12685','super','192.168.10.1','2015-03-31 06:40:56','item','UpdateImage','',2),('5519da3a12685','super','192.168.10.1','2015-03-31 06:40:57','category','initCategory','',2),('5519da3a12685','super','192.168.10.1','2015-03-31 06:42:12','item','UpdateImage','',2),('5519da3a12685','super','192.168.10.1','2015-03-31 06:42:13','category','initCategory','',2),('5519da3a12685','super','192.168.10.1','2015-03-31 06:42:15','site','error','',2),('5519da3a12685','super','192.168.10.1','2015-03-31 06:42:30','item','UpdateImage','',2),('5519da3a12685','super','192.168.10.1','2015-03-31 06:42:31','category','initCategory','',2),('5519da3a12685','super','192.168.10.1','2015-03-31 06:42:32','item','f5pricetier','',2),('5519da3a12685','super','192.168.10.1','2015-03-31 06:42:35','item','f5pricetier','',2),('5519da3a12685','super','192.168.10.1','2015-03-31 06:42:37','item','f5pricetier','',2),('5519da3a12685','super','192.168.10.1','2015-03-31 06:42:38','item','f5pricetier','',2),('5519da3a12685','super','192.168.10.1','2015-03-31 06:42:47','item','f5pricetier','',2),('5519da3a12685','super','192.168.10.1','2015-03-31 06:42:49','item','f5pricetier','',2),('5519da3a12685','super','192.168.10.1','2015-03-31 06:42:53','item','admin','',2),('5519da3a12685','super','192.168.10.1','2015-03-31 06:43:05','item','UpdateImage','',2),('5519da3a12685','super','192.168.10.1','2015-03-31 06:43:24','item','UpdateImage','',2),('5519da3a12685','super','192.168.10.1','2015-03-31 06:43:27','item','f5pricetier','',2),('5519da3a12685','super','192.168.10.1','2015-03-31 06:43:28','item','f5pricetier','',2),('5519da3a12685','super','192.168.10.1','2015-03-31 06:43:29','item','f5pricetier','',2),('5519da3a12685','super','192.168.10.1','2015-03-31 06:43:30','item','f5pricetier','',2),('5519da3a12685','super','192.168.10.1','2015-03-31 06:43:31','item','f5pricetier','',2),('5519da3a12685','super','192.168.10.1','2015-03-31 06:43:32','item','f5pricetier','',2),('5519da3a12685','super','192.168.10.1','2015-03-31 06:43:33','item','f5pricetier','',2),('5519da3a12685','super','192.168.10.1','2015-03-31 06:43:34','item','f5pricetier','',2),('5519da3a12685','super','192.168.10.1','2015-03-31 06:43:35','item','f5pricetier','',2),('5519da3a12685','super','192.168.10.1','2015-03-31 06:43:36','item','f5pricetier','',2),('5519da3a12685','super','192.168.10.1','2015-03-31 06:43:44','item','f5pricetier','',2),('5519da3a12685','super','192.168.10.1','2015-03-31 06:46:36','item','f5pricetier','',2),('5519da3a12685','super','192.168.10.1','2015-03-31 06:46:37','item','f5pricetier','',2),('5519da3a12685','super','192.168.10.1','2015-03-31 06:46:38','item','f5pricetier','',2),('5519da3a12685','super','192.168.10.1','2015-03-31 06:46:39','item','f5pricetier','',2),('5519da3a12685','super','192.168.10.1','2015-03-31 06:46:39','item','f5pricetier','',2),('5519da3a12685','super','192.168.10.1','2015-03-31 06:46:40','item','f5pricetier','',2),('5519da3a12685','super','192.168.10.1','2015-03-31 06:46:41','item','f5pricetier','',2),('5519da3a12685','super','192.168.10.1','2015-03-31 06:46:42','item','f5pricetier','',2),('5519da3a12685','super','192.168.10.1','2015-03-31 06:46:46','item','f5pricetier','',2),('5519da3a12685','super','192.168.10.1','2015-03-31 06:46:47','item','f5pricetier','',2),('5519da3a12685','super','192.168.10.1','2015-03-31 06:47:12','item','f5pricetier','',2),('5519da3a12685','super','192.168.10.1','2015-03-31 06:47:14','item','f5pricetier','',2),('5519da3a12685','super','192.168.10.1','2015-03-31 06:47:15','item','f5pricetier','',2),('5519da3a12685','super','192.168.10.1','2015-03-31 06:48:18','item','UpdateImage','',2),('5519da3a12685','super','192.168.10.1','2015-03-31 06:50:44','item','UpdateImage','',2),('5519da3a12685','super','192.168.10.1','2015-03-31 06:51:15','settings','index','',2),('5519da3a12685','super','192.168.10.1','2015-03-31 06:51:16','site','error','',2),('5519da3a12685','super','192.168.10.1','2015-03-31 06:51:19','priceTier','admin','',2),('5519da3a12685','super','192.168.10.1','2015-03-31 06:51:24','site','error','',2),('5519da3a12685','super','192.168.10.1','2015-03-31 06:51:27','priceTier','admin','',2),('5519da3a12685','super','192.168.10.1','2015-03-31 06:52:03','priceTier','admin','',2),('5519da3a12685','super','192.168.10.1','2015-03-31 06:52:08','profitMargin','admin','',2),('5519da3a12685','super','192.168.10.1','2015-03-31 06:52:11','profitMargin','update','',2),('5519da3a12685','super','192.168.10.1','2015-03-31 06:52:20','profitMargin','admin','',2),('5519da3a12685','super','192.168.10.1','2015-03-31 06:52:22','profitMargin','update','',2),('5519da3a12685','super','192.168.10.1','2015-03-31 06:52:29','item','admin','',2),('5519da3a12685','super','192.168.10.1','2015-03-31 06:52:32','item','UpdateImage','',2),('5519da3a12685','super','192.168.10.1','2015-03-31 06:52:32','category','initCategory','',2),('5519da3a12685','super','192.168.10.1','2015-03-31 06:52:36','item','f5pricetier','',2),('5519da3a12685','super','192.168.10.1','2015-03-31 06:52:37','item','f5pricetier','',2),('5519da3a12685','super','192.168.10.1','2015-03-31 06:52:40','item','f5pricetier','',2),('5519da3a12685','super','192.168.10.1','2015-03-31 06:52:43','profitMargin','admin','',2),('5519da3a12685','super','192.168.10.1','2015-03-31 06:52:46','profitMargin','update','',2),('5519da3a12685','super','192.168.10.1','2015-03-31 06:52:50','profitMargin','admin','',2),('5519da3a12685','super','192.168.10.1','2015-03-31 06:52:55','profitMargin','admin','',2),('5519da3a12685','super','192.168.10.1','2015-03-31 06:52:58','item','admin','',2),('5519da3a12685','super','192.168.10.1','2015-03-31 06:53:37','item','createImage','',2),('5519da3a12685','super','192.168.10.1','2015-03-31 06:53:43','item','f5pricetier','',2),('5519da3a12685','super','192.168.10.1','2015-03-31 06:53:45','item','f5pricetier','',2),('5519da3a12685','super','192.168.10.1','2015-03-31 06:53:46','item','f5pricetier','',2),('5519da3a12685','super','192.168.10.1','2015-03-31 06:53:48','item','f5pricetier','',2),('5519da3a12685','super','192.168.10.1','2015-03-31 06:53:49','item','f5pricetier','',2),('5519da3a12685','super','192.168.10.1','2015-03-31 06:53:50','item','f5pricetier','',2);

/*Table structure for table `transactions` */

DROP TABLE IF EXISTS `transactions`;

CREATE TABLE `transactions` (
  `id` int(11) NOT NULL AUTO_INCREMENT,
  `account_id` int(11) NOT NULL,
  `employee_id` int(11) NOT NULL,
  `trans_amount` decimal(15,4) DEFAULT NULL,
  `trans_code` varchar(10) COLLATE utf8mb4_unicode_ci DEFAULT NULL,
  `trans_datetime` datetime DEFAULT NULL,
  `trans_status` varchar(1) COLLATE utf8mb4_unicode_ci DEFAULT 'N',
  `note` text COLLATE utf8mb4_unicode_ci,
  PRIMARY KEY (`id`),
  KEY `FK_transactions_account_id` (`account_id`),
  KEY `FK_transactions_employee_id` (`employee_id`),
  CONSTRAINT `FK_transactions_account_id` FOREIGN KEY (`account_id`) REFERENCES `account` (`id`),
  CONSTRAINT `FK_transactions_employee_id` FOREIGN KEY (`employee_id`) REFERENCES `employee` (`id`)
) ENGINE=InnoDB DEFAULT CHARSET=utf8mb4 COLLATE=utf8mb4_unicode_ci;

/*Data for the table `transactions` */

/*Table structure for table `user_log` */

DROP TABLE IF EXISTS `user_log`;

CREATE TABLE `user_log` (
  `unique_id` varchar(15) COLLATE utf8mb4_unicode_ci NOT NULL,
  `sessoin_id` varchar(50) COLLATE utf8mb4_unicode_ci NOT NULL,
  `user_id` int(11) DEFAULT NULL,
  `employee_id` int(11) DEFAULT NULL,
  `login_time` datetime NOT NULL,
  `logout_time` datetime DEFAULT NULL,
  `last_action` timestamp NULL DEFAULT NULL,
  `status` tinyint(4) DEFAULT '1',
  `modified_date` timestamp NULL DEFAULT CURRENT_TIMESTAMP,
  `modified_by` varchar(30) COLLATE utf8mb4_unicode_ci DEFAULT NULL,
  PRIMARY KEY (`unique_id`)
) ENGINE=InnoDB DEFAULT CHARSET=utf8mb4 COLLATE=utf8mb4_unicode_ci;

/*Data for the table `user_log` */

insert  into `user_log`(`unique_id`,`sessoin_id`,`user_id`,`employee_id`,`login_time`,`logout_time`,`last_action`,`status`,`modified_date`,`modified_by`) values ('54c8ef3a87fc3','s6etb0k6p3kkfr32iem7auku61',3,2,'2015-01-28 21:16:26',NULL,'2015-01-28 21:28:28',1,'2015-01-28 21:16:26','super'),('54c9bf28a742c','pu1d54geb2c9jfusd6k5difmk3',3,2,'2015-01-29 12:03:36',NULL,'2015-01-29 12:07:30',1,'2015-01-29 12:03:36','super'),('54c9db39bf6e7','831uqi3l0rnemutsg6mjfspsf1',3,2,'2015-01-29 14:03:21',NULL,'2015-01-29 14:50:45',1,'2015-01-29 14:03:21','super'),('54cc6d6566b03','qsq6ijushee8tnrtmvulsijgh7',3,2,'2015-01-31 12:51:33',NULL,'2015-01-31 14:34:04',1,'2015-01-31 12:51:33','super'),('54cd9c1ea168c','68a4aukemuvbuq0e85b37e7jv4',3,2,'2015-02-01 10:23:10',NULL,'2015-02-01 11:11:05',1,'2015-02-01 10:23:10','super'),('54cdc0e159e80','4v1k9g62i9diakjsn9ij6jbj36',3,2,'2015-02-01 13:00:01',NULL,'2015-02-01 13:00:08',1,'2015-02-01 13:00:01','super'),('54f271c980d6b','0akkecceo7cd00eveqr19oedv3',3,2,'2015-03-01 08:56:25','2015-03-01 09:11:37','2015-03-01 09:11:33',0,'2015-03-01 09:11:37','super'),('54f275627302e','6vke970irohb709ih4aj20pr13',2,1,'2015-03-01 09:11:46','2015-03-01 09:12:01','2015-03-01 09:12:00',0,'2015-03-01 09:12:01','admin'),('54f275742d574','01hnr20jvn4l9s7bpa9snfjv03',3,2,'2015-03-01 09:12:04',NULL,'2015-03-01 09:19:19',1,'2015-03-01 09:12:04','super'),('54f284790800f','ui09nojqbula78rqds6994sns5',3,2,'2015-03-01 10:16:09',NULL,'2015-03-01 11:22:03',1,'2015-03-01 10:16:09','super'),('54f2a16d0d651','pae0u3cis45250b3ea7qb7mgu3',3,2,'2015-03-01 12:19:41',NULL,'2015-03-01 12:53:38',1,'2015-03-01 12:19:41','super'),('54f2bdb8cc53c','qdo4r0mrdafbdipa9iulvhufr4',3,2,'2015-03-01 14:20:24','2015-03-01 15:23:18','2015-03-01 15:23:20',0,'2015-03-01 15:23:18','super'),('54f2cdf9ab83f','lhv5mmfpnalnagvns833dj0rb1',3,2,'2015-03-01 15:29:45','2015-03-01 16:22:39','2015-03-01 16:21:32',0,'2015-03-01 16:22:39','super'),('54f2da6346584','6uu1gb3ecul4fuo6hh2mahe4h5',3,2,'2015-03-01 16:22:43','2015-03-01 16:29:26','2015-03-01 16:29:22',0,'2015-03-01 16:29:26','super'),('54f2dbfa0f7a8','gm41ea7dm6empaoeq7i1co8p74',3,2,'2015-03-01 16:29:30','2015-03-01 16:35:28','2015-03-01 16:33:39',0,'2015-03-01 16:35:28','super'),('54f2dd63b7acf','4dobasmtub36uvbhsjpk9spsd6',3,2,'2015-03-01 16:35:31','2015-03-01 16:37:58','2015-03-01 16:36:13',0,'2015-03-01 16:37:58','super'),('54f2ddf9aef98','50cpe40r9vvrhpj53khgc7bh47',3,2,'2015-03-01 16:38:01','2015-03-01 16:45:37','2015-03-01 16:45:36',0,'2015-03-01 16:45:37','super'),('54f2dfc57ccde','d6qqr7q1jp3fgaieu979otnoe7',3,2,'2015-03-01 16:45:41','2015-03-01 16:48:37','2015-03-01 16:48:33',0,'2015-03-01 16:48:37','super'),('54f2e0790d487','op1r2glar9a2fj6et5p0j85lc7',3,2,'2015-03-01 16:48:41','2015-03-01 16:49:36','2015-03-01 16:49:31',0,'2015-03-01 16:49:36','super'),('54f2e0b4ef0cb','7u9kqbuvth94mmc04g86pcqhq0',3,2,'2015-03-01 16:49:40',NULL,'2015-03-01 16:56:57',1,'2015-03-01 16:49:40','super'),('54f3257aad122','31k451hn7914oac1nb0j3bh181',3,2,'2015-03-01 21:43:06',NULL,'2015-03-01 22:43:16',1,'2015-03-01 21:43:06','super'),('54f3f24389b30','6shcd87q4gejjcamu0j4mjmel0',3,2,'2015-03-02 12:16:51',NULL,'2015-03-02 13:05:25',1,'2015-03-02 12:16:51','super'),('54f4742c637a8','uqkkqsfndt74a7j5uh6j8v4p82',3,2,'2015-03-02 21:31:08',NULL,'2015-03-02 21:32:29',1,'2015-03-02 21:31:08','super'),('54f58636a4fe0','khggoism2o160lcvm3vo1v8mu5',3,2,'2015-03-03 17:00:22',NULL,'2015-03-03 17:04:14',1,'2015-03-03 17:00:22','super'),('54f59b7d20fb7','0r3ha4teo0rciapqs1arbfm521',3,2,'2015-03-03 18:31:09',NULL,'2015-03-03 18:48:32',1,'2015-03-03 18:31:09','super'),('54f5a27f158c4','ssb2o1u2tdhrmikaja02k9n500',3,2,'2015-03-03 19:01:03',NULL,'2015-03-03 19:34:44',1,'2015-03-03 19:01:03','super'),('54f5a6488ab55','p112u51cael7t00d1gt4tboic2',3,2,'2015-03-03 19:17:12',NULL,'2015-03-03 19:56:15',1,'2015-03-03 19:17:12','super'),('54f61735754c5','f6udqokolv5gsujgdjt0eqfrb1',3,2,'2015-03-04 03:19:01',NULL,'2015-03-04 03:20:04',1,'2015-03-04 03:19:01','super'),('54f717e346dbf','q66du2pkg43j8ghc57gb4317i5',3,2,'2015-03-04 21:34:11',NULL,'2015-03-04 22:25:13',1,'2015-03-04 21:34:11','super'),('54f7293285a72','kjc7pikrhphpm9eamlfr0258t3',3,2,'2015-03-04 22:48:02','2015-03-04 23:27:15','2015-03-04 23:27:13',0,'2015-03-04 23:27:15','super'),('54f7326f7d710','foa539etf3n629p5e32001fid1',3,2,'2015-03-04 23:27:27',NULL,'2015-03-04 23:38:34',1,'2015-03-04 23:27:27','super'),('54f7f998cda33','tgablhonnng29v729pcrqn7go2',3,2,'2015-03-05 13:37:12',NULL,'2015-03-05 13:38:26',1,'2015-03-05 13:37:12','super'),('54f853fa51ce5','vivlhqk3uvgsoufnccjj79pse2',3,2,'2015-03-05 20:02:50',NULL,'2015-03-05 21:01:00',1,'2015-03-05 20:02:50','super'),('54f8626c85eb6','scemd4dcjc5d3437h5ov5c48t4',3,2,'2015-03-05 21:04:28',NULL,'2015-03-05 21:28:05',1,'2015-03-05 21:04:28','super'),('54f88c2c1fc2f','bkbbuinohcjv0p2dermfkjh0f7',3,2,'2015-03-06 00:02:36','2015-03-06 00:07:57','2015-03-06 00:07:54',0,'2015-03-06 00:07:57','super'),('54f88d7687630','2f2vkhsmk2kvc2ts9mqnsbqlk4',3,2,'2015-03-06 00:08:06','2015-03-06 00:08:14','2015-03-06 00:08:10',0,'2015-03-06 00:08:14','super'),('54f88ddd98043','h4unlm6b3sv8o2393fv444hbn3',3,2,'2015-03-06 00:09:49',NULL,'2015-03-06 01:30:17',1,'2015-03-06 00:09:49','super'),('54f93b893e6fa','ijfqt3l8flbkgqno526p73j914',3,2,'2015-03-06 12:30:49',NULL,'2015-03-06 14:05:29',1,'2015-03-06 12:30:49','super'),('54f98fa9130ad','h7lq6igiminmm78u11g7k625e7',3,2,'2015-03-06 18:29:45',NULL,'2015-03-06 18:42:24',1,'2015-03-06 18:29:45','super'),('54fa6f798bd3d','kc9n2h598t525s7tep34oulk86',3,2,'2015-03-07 10:24:41',NULL,'2015-03-07 10:52:20',1,'2015-03-07 10:24:41','super'),('54fae6f90fa15','se5fmkgbsv5lgr66tb266tjia3',3,2,'2015-03-07 18:54:33',NULL,'2015-03-07 18:54:56',1,'2015-03-07 18:54:33','super'),('54fbf30509075','2bhtklrebldk7pg3bs5mbj7ue4',3,2,'2015-03-08 13:58:13','2015-03-08 15:45:47','2015-03-08 15:45:44',0,'2015-03-08 15:45:47','super'),('54fc0c4097d84','ib94er93l8hvg20k4lr49qoi23',3,2,'2015-03-08 15:45:52',NULL,'2015-03-08 16:11:18',1,'2015-03-08 15:45:52','super'),('54fc51b116f2d','quek1hgs8p1hdt8r72m44937s1',3,2,'2015-03-08 20:42:09',NULL,'2015-03-08 21:36:42',1,'2015-03-08 20:42:09','super'),('54fcfe41a1520','d9smrdf0rbb62v8f278h6d0us4',3,2,'2015-03-09 08:58:25',NULL,'2015-03-09 10:36:32',1,'2015-03-09 08:58:25','super'),('54fd4a4a322f8','02id5tl418brp2un0ufovsma51',3,2,'2015-03-09 14:22:50',NULL,'2015-03-09 14:50:44',1,'2015-03-09 14:22:50','super'),('54fd6d3ce8cc9','ue9e2d4dh0vjgvl3h9vohctdp7',3,2,'2015-03-09 16:51:56',NULL,'2015-03-09 18:44:39',1,'2015-03-09 16:51:56','super'),('54fef6ae3a1fb','266q7es6ggd3nbhcl41d4b9a35',3,2,'2015-03-10 20:50:38',NULL,'2015-03-10 20:51:55',1,'2015-03-10 20:50:38','super'),('54ffc3e1273ea','fcruhei1rlvuhvhtm432vc4h22',3,2,'2015-03-11 11:26:09',NULL,'2015-03-11 11:26:29',1,'2015-03-11 11:26:09','super'),('5502119a45805','fsk83bs2cco28vfc7lngljub80',3,2,'2015-03-13 05:22:18','2015-03-13 06:00:11','2015-03-13 06:00:02',0,'2015-03-13 06:00:11','super'),('55021a819922d','vk5pmdin96373mpucelekrdrk4',3,2,'2015-03-13 06:00:17','2015-03-13 07:05:04','2015-03-13 06:24:48',0,'2015-03-13 07:05:04','super'),('550229b42984a','pm5bitakqgc4kqr3m1cr38b8h3',3,2,'2015-03-13 07:05:08',NULL,'2015-03-13 07:26:57',1,'2015-03-13 07:05:08','super'),('55023bf2e4f67','hkc3pgu143jlh2fu8dd65fhp93',3,2,'2015-03-13 08:22:58',NULL,'2015-03-13 08:28:53',1,'2015-03-13 08:22:58','super'),('55025a8187906','9vtml7n860m6dg3disc06r0dk7',3,2,'2015-03-13 10:33:21',NULL,'2015-03-13 11:02:33',1,'2015-03-13 10:33:24','super'),('5502a096864fd','g96jdp320m2697mvkd14j0uaf0',3,2,'2015-03-13 15:32:22',NULL,NULL,1,'2015-03-13 15:32:22','super'),('5502a119448e3','8bbj99k3q3ub7tkv8gaqg0s6p1',3,2,'2015-03-13 15:34:33',NULL,'2015-03-13 16:20:42',1,'2015-03-13 15:34:33','super'),('5502f0bf3d01b','01bvt46ivgcms2i4slrh7ceuk0',3,2,'2015-03-13 21:14:23','2015-03-13 21:54:49','2015-03-13 21:54:46',0,'2015-03-13 21:54:49','super'),('550401429ef3f','7q92o1k19du28dj1qm5o27l211',3,2,'2015-03-14 16:37:06',NULL,'2015-03-14 16:37:08',1,'2015-03-14 16:37:06','super'),('55043b4759091','uff6795bd5btlbbk294vrakbl2',3,2,'2015-03-14 20:44:39','2015-03-14 20:46:02','2015-03-14 20:46:00',0,'2015-03-14 20:46:02','super'),('55043b9c56fbe','dgf9g3quplhpvolsem5eci7qb4',3,2,'2015-03-14 20:46:04',NULL,'2015-03-14 20:51:48',1,'2015-03-14 20:46:04','super'),('5505516a93e5e','23i3sa25dn0sdm4ml7ikanlt52',3,2,'2015-03-15 16:31:22',NULL,'2015-03-15 16:31:30',1,'2015-03-15 16:31:22','super'),('550a1e735bf0e','uoaa6udouuksqe16runn8t0ld7',3,2,'2015-03-19 07:55:15',NULL,'2015-03-19 07:57:43',1,'2015-03-19 07:55:15','super'),('550a63095a6a6','k496ii03u07v823j7pc072eb35',3,2,'2015-03-19 12:47:53',NULL,'2015-03-19 12:55:13',1,'2015-03-19 12:47:53','super'),('550bb8e54cccb','i9cuigum865ulvptt0jktcca14',3,2,'2015-03-20 13:06:29',NULL,'2015-03-20 13:09:51',1,'2015-03-20 13:06:29','super'),('550c046841331','bshauquj1al5887atq2vmmpck3',3,2,'2015-03-20 18:28:40','2015-03-20 19:07:42','2015-03-20 18:29:13',0,'2015-03-20 19:07:42','super'),('550c0eb693e7e','5u8ebqt0am735fcno5a41hfsq2',3,2,'2015-03-20 19:12:38',NULL,'2015-03-20 19:23:31',1,'2015-03-20 19:12:38','super'),('550c2ef505b7a','ev2dbm371su0b7q1u5pifjlem6',3,2,'2015-03-20 21:30:13',NULL,'2015-03-20 22:04:13',1,'2015-03-20 21:30:13','super'),('550c9e79024eb','cqkvfgfb0gnotmmuj731u3vac1',3,2,'2015-03-21 05:26:01',NULL,'2015-03-21 06:05:58',1,'2015-03-21 05:26:01','super'),('550ca1839874c','g3kj823k86hd96cl89p83j08t5',3,2,'2015-03-21 05:38:59',NULL,'2015-03-21 06:26:29',1,'2015-03-21 05:38:59','super'),('550df3e5a8401','rt2d0i4qpia78pbavq1opke2g5',3,2,'2015-03-22 05:42:45','2015-03-22 06:52:13','2015-03-22 06:52:03',0,'2015-03-22 06:52:13','super'),('550e071649245','g0gsb6ekm727i7ep1mg3nvs372',3,2,'2015-03-22 07:04:38',NULL,'2015-03-22 07:29:45',1,'2015-03-22 07:04:38','super'),('550fa3e48fd80','p9cevs8bs8v5cffb83m9fk6884',3,2,'2015-03-23 12:25:56',NULL,'2015-03-23 14:01:25',1,'2015-03-23 12:25:56','super'),('550fbf1859fca','8b06scac1ert0lgo0tme5tgai6',3,2,'2015-03-23 14:22:00',NULL,'2015-03-23 14:33:33',1,'2015-03-23 14:22:00','super'),('551007073235d','mn0ia2n83rumlqc3695u1jomf5',3,2,'2015-03-23 19:28:55','2015-03-23 20:44:55','2015-03-23 20:44:51',0,'2015-03-23 20:44:55','super'),('55101bfb7c861','vahhn1kn163ln9f23j3esrsmv1',3,2,'2015-03-23 20:58:19','2015-03-23 20:59:44','2015-03-23 20:59:42',0,'2015-03-23 20:59:44','super'),('55101c55f1b99','j13mojl6tt72ffokg3957ufie1',3,2,'2015-03-23 20:59:49','2015-03-23 21:24:02','2015-03-23 21:01:32',0,'2015-03-23 21:24:02','super'),('5510fcfae9ae8','gmcijqtk7ideec18dpkn4p0um7',3,2,'2015-03-24 12:58:18',NULL,'2015-03-24 12:59:01',1,'2015-03-24 12:58:19','super'),('5511afd460545','0b3ahb8jkce8esklfleeeb8mo6',3,2,'2015-03-25 01:41:24',NULL,'2015-03-25 01:55:06',1,'2015-03-25 01:41:24','super'),('5514cf6693a2f','cfveh7dc60t2io1csulvkerv04',3,2,'2015-03-27 10:32:54',NULL,'2015-03-27 10:33:10',1,'2015-03-27 10:32:54','super'),('5514f1bbd2ded','n5utqrtej92oltdiis4pm053m1',3,2,'2015-03-27 12:59:23',NULL,'2015-03-27 13:39:07',1,'2015-03-27 12:59:23','super'),('5515629d807e1','p8dr7qiq073t4emlrk1354o7k5',3,2,'2015-03-27 21:01:01',NULL,'2015-03-27 21:08:16',1,'2015-03-27 21:01:01','super'),('5515de7b71780','j3oe910laakt0faif6l048rji1',3,2,'2015-03-28 05:49:31',NULL,'2015-03-28 07:03:57',1,'2015-03-28 05:49:31','super'),('5518ebf280b80','eu1jaoagpou23dt3j685sq0ng0',3,2,'2015-03-30 13:23:46',NULL,'2015-03-30 13:30:02',1,'2015-03-30 13:23:46','super'),('55194242ce2d5','vlb3dasj5ska05i47gcoasng46',3,2,'2015-03-30 19:32:02',NULL,'2015-03-30 19:55:47',1,'2015-03-30 19:32:02','super'),('5519c47ac932d','0fiemf1i7irb0rqo0dqe80hsg3',3,2,'2015-03-31 04:47:38',NULL,'2015-03-31 05:25:38',1,'2015-03-31 04:47:38','super'),('5519cc14b9087','l0i8kkq7u1p7j899fcfu33qlo5',3,2,'2015-03-31 05:20:04',NULL,'2015-03-31 06:18:58',1,'2015-03-31 05:20:04','super'),('5519da3a12685','ai13oug53oaolp1ccug0h26kv0',3,2,'2015-03-31 06:20:26',NULL,'2015-03-31 06:53:50',1,'2015-03-31 06:20:26','super');

/*Table structure for table `x_authasignment_super` */

DROP TABLE IF EXISTS `x_authasignment_super`;

CREATE TABLE `x_authasignment_super` (
  `itemname` varchar(64) CHARACTER SET latin1 NOT NULL,
  `userid` varchar(64) CHARACTER SET latin1 NOT NULL,
  `bizrule` text CHARACTER SET latin1,
  `data` text CHARACTER SET latin1
) ENGINE=InnoDB DEFAULT CHARSET=utf8mb4 COLLATE=utf8mb4_unicode_ci;

/*Data for the table `x_authasignment_super` */

/*Table structure for table `x_sale_bck` */

DROP TABLE IF EXISTS `x_sale_bck`;

CREATE TABLE `x_sale_bck` (
  `id` int(11) NOT NULL DEFAULT '0',
  `sale_time` datetime NOT NULL,
  `client_id` int(11) DEFAULT NULL,
  `employee_id` int(11) DEFAULT NULL,
  `sub_total` decimal(15,4) DEFAULT NULL,
  `payment_type` varchar(255) CHARACTER SET utf8 DEFAULT NULL,
  `status` varchar(20) CHARACTER SET utf8 DEFAULT NULL,
  `remark` text CHARACTER SET utf8,
  `discount_amount` decimal(15,2) DEFAULT '0.00',
  `discount_type` varchar(2) COLLATE utf8mb4_unicode_ci DEFAULT NULL
) ENGINE=InnoDB DEFAULT CHARSET=utf8mb4 COLLATE=utf8mb4_unicode_ci;

/*Data for the table `x_sale_bck` */

/* Function  structure for function  `func_complete_sale` */

/*!50003 DROP FUNCTION IF EXISTS `func_complete_sale` */;
DELIMITER $$

/*!50003 CREATE DEFINER=`sys`@`%` FUNCTION `func_complete_sale`(p_client_id int,p_sale_id int(11),p_empoyee_id int) RETURNS smallint(6)
BEGIN    
    
    DECLARE v_return_id SMALLINT(6);
    declare v_trans_dateime datetime;
    declare v_payment_amount, v_payment_amount_1 decimal(15,2);
    
    SET v_return_id=1;
    set v_trans_dateime = now();
    
    -- set v_payment_amount = CONVERT(TRIM(SUBSTRING_INDEX(p_payment,';',1)),decimal(15,2));
    -- SET v_payment_amount_1 = CONVERT(TRIM(SUBSTRING_INDEX(p_payment,';',-1)),decimal(15,2));
    
    /*** Saving to `account_receivable` ***/    
    insert into `account_receivable`(`account_id`,`employee_id`,`trans_id`,`trans_amount`,`trans_code`,`trans_datetime`,`trans_status`)
    SELECT ac.id account_id,t1.employee_id,sale_id,total,'CHSALE' trans_code,sale_time,'N' trans_status
    FROM (SELECT s.id sale_id,s.sale_time,s.client_id,s.employee_id,si.currency_code,SUM(si.quantity*si.price) total
          FROM sale s, sale_item si
          WHERE s.id=p_sale_id
          AND s.id = si.sale_id
          GROUP BY s.id,s.sale_time,s.client_id,si.currency_code,s.employee_id
	 ) t1 JOIN account ac ON ac.client_id = t1.client_id    
	 AND ac.currency_code = t1.currency_code;
	 
    /* update `account` table */	 
    UPDATE account c, (
       SELECT s.client_id,si.currency_code,SUM(si.quantity*si.price) total
       FROM sale s, sale_item si
       WHERE s.id=p_sale_id
       AND s.id = si.sale_id
       GROUP BY client_id,si.currency_code
    ) AS s
    SET c.current_balance = c.current_balance + s.total
    WHERE c.client_id = s.client_id
    AND c.currency_code = s.currency_code;
    
    /*
    if v_payment_amount <> 0 then
	CALL pro_payment(p_client_id,3,v_payment_amount,p_empoyee_id);
    end if;
    
    if v_payment_amount_1 <> 0 then
	CALL pro_payment(p_client_id,2,v_payment_amount_1,p_empoyee_id);
    end if;
    */
    	
    /*
    update account c, (
	SELECT t1.client_id,t1.account_id,si.currency_code,SUM(price*quantity) total
	FROM (
	   SELECT s.id sale_id,s.client_id,ac.id account_id
	   FROM sale s, account ac
	   WHERE s.id=p_sale_id
	   AND s.client_id = ac.id
	) t1 INNER JOIN sale_item si ON t1.sale_id = si.sale_id
	GROUP BY t1.client_id,t1.account_id,si.currency_code
        ) as s
    set c.current_balance = c.current_balance + s.total
    where c.id = s.account_id
    and c.current_code = s.currency_code;
    */
    	
    RETURN v_return_id;    
    
    END */$$
DELIMITER ;

/* Function  structure for function  `func_cu_item_schedule` */

/*!50003 DROP FUNCTION IF EXISTS `func_cu_item_schedule` */;
DELIMITER $$

/*!50003 CREATE DEFINER=`root`@`localhost` FUNCTION `func_cu_item_schedule`(i_item_id INT(11)) RETURNS smallint(6)
BEGIN    
    
    DECLARE p_trans_datetime DATETIME;
    DECLARE p_return_id SMALLINT(6);
    
    SET p_trans_datetime = NOW();
    SET p_return_id=1;
	
	INSERT INTO item_count_schedule(item_id,`name`,quantity,first_count_date,next_count_date,count_interval,employee_id)	
	SELECT item_id,`name`,quantity,first_count_date,next_count_date,count_interval,employee_id
	FROM (
		SELECT item_id,`name`,quantity,first_count_date,
		       DATE_ADD(next_count_date,INTERVAL count_interval DAY) next_count_date,
		       employee_id,count_interval
		FROM (
		SELECT i.id item_id,i.`name`,i.quantity,i.count_interval,`status`,
		       CASE WHEN ic.first_count_date IS NULL THEN p_trans_datetime
			    ELSE ic.first_count_date
		       END first_count_date,
		       p_trans_datetime next_count_date,
		       2 employee_id
		FROM item i LEFT JOIN item_count_schedule ic
			ON ic.item_id=i.`id`
	        WHERE i.id=i_item_id
		    ) AS t2
		WHERE `status`='1'
	) AS t1
	ON DUPLICATE KEY UPDATE quantity=t1.quantity,
		next_count_date=t1.next_count_date,
		count_interval=t1.count_interval,
		employee_id=t1.employee_id,
		modified_date=p_trans_datetime;
	
	INSERT INTO item_count_schedule_dt(item_id,`name`,quantity,first_count_date,next_count_date,count_interval,employee_id,remarks)	
	SELECT item_id,`name`,quantity,first_count_date,next_count_date,count_interval,employee_id,'CU ITEM' remarks
	FROM (
		SELECT item_id,`name`,quantity,first_count_date,
		       DATE_ADD(next_count_date,INTERVAL count_interval DAY) next_count_date,
		       employee_id,count_interval
		FROM (
		SELECT i.id item_id,i.`name`,i.quantity,i.count_interval,`status`,
		       CASE WHEN ic.first_count_date IS NULL THEN p_trans_datetime
			    ELSE ic.first_count_date
		       END first_count_date,
		       p_trans_datetime next_count_date,
		       38 employee_id
		FROM item i LEFT JOIN item_count_schedule ic
			ON ic.item_id=i.`id`
	        WHERE i.id=i_item_id		
		    ) AS t2
		WHERE `status`='1'
	) AS t1;
	
	RETURN p_return_id;    
    
    END */$$
DELIMITER ;

/* Function  structure for function  `func_payment` */

/*!50003 DROP FUNCTION IF EXISTS `func_payment` */;
DELIMITER $$

/*!50003 CREATE DEFINER=`sys`@`%` FUNCTION `func_payment`(p_client_id INT,p_currency_code INT,p_payment_amount DECIMAL(15,2),p_empoyee_id INT) RETURNS smallint(6)
BEGIN
  DECLARE v_sale_id, v_client_id, v_currency_code,v_payment_id,v_account_id,v_return_id INT;
  DECLARE done INT DEFAULT FALSE;
  DECLARE v_payment_amount,v_balance DECIMAL(15,2);
  DECLARE v_sale_time,v_tran_datetime DATETIME;
 
  #declare cursor
  DECLARE cur1 CURSOR FOR SELECT s.sale_id,s.sale_time,s.currency_code,client_id,( s.total-IFNULL(sp.payment_amount,0) ) balance
  FROM (SELECT s.id sale_id,s.sale_time,s.client_id,s.employee_id,si.currency_code,SUM(si.quantity*si.price) total
        FROM sale s, sale_item si
        WHERE s.id = si.sale_id
        AND s.client_id = p_client_id
        AND si.currency_code=p_currency_code
        GROUP BY s.id,s.sale_time,s.client_id,si.currency_code,s.employee_id
    ) s LEFT JOIN v_sale_payment sp ON sp.sale_id=s.sale_id AND s.currency_code = sp.currency_code
  WHERE ( s.total-IFNULL(sp.payment_amount,0) ) > 0;
  #declare handle 
  DECLARE CONTINUE HANDLER FOR NOT FOUND SET done = TRUE;
  
  SET v_payment_amount := p_payment_amount;
  SET v_tran_datetime := NOW();
  SET v_return_id:=1;
  
  SELECT id INTO v_account_id FROM account WHERE client_id=p_client_id AND currency_code=p_currency_code;
  
  #update account - account_balance
  UPDATE account 
  SET current_balance = current_balance - p_payment_amount
  WHERE id = v_account_id;
  
  #insert to payment history
  INSERT INTO payment_history(`client_id`,currency_code,`payment_amount`,`give_away`,`date_paid`,`employee_id`)
  VALUES (p_client_id,p_currency_code,p_payment_amount,0,v_tran_datetime,p_empoyee_id);
  
  SELECT LAST_INSERT_ID() INTO v_payment_id;
  
  #open cursor
  OPEN cur1;
 
  #starts the loop
  the_loop: LOOP
 
    #get the values of each column into our variables
    FETCH cur1 INTO v_sale_id,v_sale_time,v_currency_code,v_client_id,v_balance;
    IF done THEN
      LEAVE the_loop;
    END IF;
 
    #processing criterion
    IF v_payment_amount<=v_balance THEN
	#insert it
	INSERT INTO sale_payment(`sale_id`,`currency_code`,`payment_id`,`payment_type`,`payment_amount`,`give_away`,`date_paid`,`modified_date`)
	VALUES (v_sale_id,v_currency_code,v_payment_id,'cash',v_payment_amount,0,v_tran_datetime,v_tran_datetime);
	INSERT INTO `account_receivable`(`account_id`,`employee_id`,`trans_id`,`trans_amount`,`trans_code`,`trans_datetime`,`trans_status`)
	VALUES (v_account_id,p_empoyee_id,v_sale_id,v_payment_amount,'PAY',v_tran_datetime,'N');
	
	SET done = TRUE;
    ELSE 
        SET v_payment_amount:= v_payment_amount - v_balance;
        INSERT INTO sale_payment(`sale_id`,`currency_code`,`payment_id`,`payment_type`,`payment_amount`,`give_away`,`date_paid`,`modified_date`)
	VALUES (v_sale_id,v_currency_code,v_payment_id,'cash',v_balance,0,v_tran_datetime,v_tran_datetime);	
	INSERT INTO `account_receivable`(`account_id`,`employee_id`,`trans_id`,`trans_amount`,`trans_code`,`trans_datetime`,`trans_status`)
	VALUES (v_account_id,p_empoyee_id,v_sale_id,v_balance,'PAY',v_tran_datetime,'N');	
	
    END IF;
 
  END LOOP the_loop;
   
  CLOSE cur1;
  
  RETURN v_return_id;
  
  END */$$
DELIMITER ;

/* Procedure structure for procedure `pro_payment` */

/*!50003 DROP PROCEDURE IF EXISTS  `pro_payment` */;

DELIMITER $$

/*!50003 CREATE DEFINER=`sys`@`%` PROCEDURE `pro_payment`(p_client_id INT,p_currency_code INT,p_payment_amount DECIMAL(15,2),p_empoyee_id INT)
BEGIN
  DECLARE v_sale_id, v_client_id, v_currency_code,v_payment_id,v_account_id INT;
  DECLARE done INT DEFAULT FALSE;
  DECLARE v_payment_amount,v_balance DECIMAL(15,2);
  DECLARE v_sale_time,v_tran_datetime DATETIME;
 
  #declare cursor
  DECLARE cur1 CURSOR FOR SELECT s.sale_id,s.sale_time,s.currency_code,client_id,( s.total-IFNULL(sp.payment_amount,0) ) balance
  FROM (SELECT s.id sale_id,s.sale_time,s.client_id,s.employee_id,si.currency_code,SUM(si.quantity*si.price) total
        FROM sale s, sale_item si
        WHERE s.id = si.sale_id
        AND s.client_id = p_client_id
        AND si.currency_code=p_currency_code
        GROUP BY s.id,s.sale_time,s.client_id,si.currency_code,s.employee_id
    ) s LEFT JOIN v_sale_payment sp ON sp.sale_id=s.sale_id AND s.currency_code = sp.currency_code
  WHERE ( s.total-IFNULL(sp.payment_amount,0) ) > 0;
  #declare handle 
  DECLARE CONTINUE HANDLER FOR NOT FOUND SET done = TRUE;
  
  SET v_payment_amount := p_payment_amount;
  SET v_tran_datetime := NOW();
  
  SELECT id INTO v_account_id FROM account WHERE client_id=p_client_id AND currency_code=p_currency_code;
  
  #update account - account_balance
  UPDATE account 
  SET current_balance = current_balance - p_payment_amount
  WHERE id = v_account_id;
  
  #insert to payment history
  INSERT INTO payment_history(`client_id`,currency_code,`payment_amount`,`give_away`,`date_paid`,`employee_id`)
  VALUES (p_client_id,p_currency_code,p_payment_amount,0,v_tran_datetime,p_empoyee_id);
  
  SELECT LAST_INSERT_ID() INTO v_payment_id;
  
  #open cursor
  OPEN cur1;
 
  #starts the loop
  the_loop: LOOP
 
    #get the values of each column into our variables
    FETCH cur1 INTO v_sale_id,v_sale_time,v_currency_code,v_client_id,v_balance;
    IF done THEN
      LEAVE the_loop;
    END IF;
 
    #processing criterion
    IF v_payment_amount<=v_balance THEN
	#insert it
	INSERT INTO sale_payment(`sale_id`,`currency_code`,`payment_id`,`payment_type`,`payment_amount`,`give_away`,`date_paid`,`modified_date`)
	VALUES (v_sale_id,v_currency_code,v_payment_id,'cash',v_payment_amount,0,v_tran_datetime,v_tran_datetime);
	INSERT INTO `account_receivable`(`account_id`,`employee_id`,`trans_id`,`trans_amount`,`trans_code`,`trans_datetime`,`trans_status`)
	VALUES (v_account_id,p_empoyee_id,v_sale_id,v_payment_amount,'PAY',v_tran_datetime,'N');
	
	SET done = TRUE;
    ELSE 
        SET v_payment_amount:= v_payment_amount - v_balance;
        INSERT INTO sale_payment(`sale_id`,`currency_code`,`payment_id`,`payment_type`,`payment_amount`,`give_away`,`date_paid`,`modified_date`)
	VALUES (v_sale_id,v_currency_code,v_payment_id,'cash',v_balance,0,v_tran_datetime,v_tran_datetime);	
	INSERT INTO `account_receivable`(`account_id`,`employee_id`,`trans_id`,`trans_amount`,`trans_code`,`trans_datetime`,`trans_status`)
	VALUES (v_account_id,p_empoyee_id,v_sale_id,v_balance,'PAY',v_tran_datetime,'N');	
	
    END IF;
 
  END LOOP the_loop;
   
  CLOSE cur1;
  END */$$
DELIMITER ;

/*Table structure for table `v_receiving` */

DROP TABLE IF EXISTS `v_receiving`;

/*!50001 DROP VIEW IF EXISTS `v_receiving` */;
/*!50001 DROP TABLE IF EXISTS `v_receiving` */;

/*!50001 CREATE TABLE  `v_receiving`(
 `id` int(11) ,
 `receive_time` datetime ,
 `supplier_id` int(11) ,
 `employee_id` int(11) ,
 `sub_total` double(15,4) ,
 `status` varchar(30) ,
 `remark` text ,
 `discount_amount` double(25,8) 
)*/;

/*Table structure for table `v_receiving_item_sum` */

DROP TABLE IF EXISTS `v_receiving_item_sum`;

/*!50001 DROP VIEW IF EXISTS `v_receiving_item_sum` */;
/*!50001 DROP TABLE IF EXISTS `v_receiving_item_sum` */;

/*!50001 CREATE TABLE  `v_receiving_item_sum`(
 `receive_id` int(11) ,
 `quantity` double(19,2) ,
 `cost_price` double(21,4) ,
 `unit_price` double(21,4) ,
 `price` double(21,4) ,
 `profit` double(21,4) 
)*/;

/*Table structure for table `v_sale` */

DROP TABLE IF EXISTS `v_sale`;

/*!50001 DROP VIEW IF EXISTS `v_sale` */;
/*!50001 DROP TABLE IF EXISTS `v_sale` */;

/*!50001 CREATE TABLE  `v_sale`(
 `id` int(11) ,
 `sale_time` datetime ,
 `client_id` int(11) ,
 `employee_id` int(11) ,
 `sub_total` decimal(15,4) ,
 `status` varchar(20) ,
 `status_f` varchar(20) ,
 `remark` text ,
 `discount_amount` decimal(34,10) 
)*/;

/*Table structure for table `v_sale_item_sum` */

DROP TABLE IF EXISTS `v_sale_item_sum`;

/*!50001 DROP VIEW IF EXISTS `v_sale_item_sum` */;
/*!50001 DROP TABLE IF EXISTS `v_sale_item_sum` */;

/*!50001 CREATE TABLE  `v_sale_item_sum`(
 `sale_id` int(11) ,
 `quantity` double(19,2) ,
 `cost_price` double(21,4) ,
 `unit_price` double(21,4) ,
 `price` double(21,4) ,
 `profit` double(21,4) 
)*/;

/*Table structure for table `v_sale_payment` */

DROP TABLE IF EXISTS `v_sale_payment`;

/*!50001 DROP VIEW IF EXISTS `v_sale_payment` */;
/*!50001 DROP TABLE IF EXISTS `v_sale_payment` */;

/*!50001 CREATE TABLE  `v_sale_payment`(
 `sale_id` int(11) ,
 `currency_code` int(11) ,
 `payment_amount` double ,
 `give_away` double 
)*/;

/*Table structure for table `v_sale_summary` */

DROP TABLE IF EXISTS `v_sale_summary`;

/*!50001 DROP VIEW IF EXISTS `v_sale_summary` */;
/*!50001 DROP TABLE IF EXISTS `v_sale_summary` */;

/*!50001 CREATE TABLE  `v_sale_summary`(
 `sale_id` int(11) ,
 `quantity` double(19,2) ,
 `cost_price` double(21,4) ,
 `unit_price` double(21,4) ,
 `price` double(21,4) ,
 `sum((price-cost_price)*quantity)` double(21,4) 
)*/;

/*View structure for view v_receiving */

/*!50001 DROP TABLE IF EXISTS `v_receiving` */;
/*!50001 DROP VIEW IF EXISTS `v_receiving` */;

/*!50001 CREATE ALGORITHM=UNDEFINED DEFINER=`root`@`localhost` SQL SECURITY DEFINER VIEW `v_receiving` AS select `receiving`.`id` AS `id`,`receiving`.`receive_time` AS `receive_time`,`receiving`.`supplier_id` AS `supplier_id`,`receiving`.`employee_id` AS `employee_id`,`receiving`.`sub_total` AS `sub_total`,`receiving`.`status` AS `status`,`receiving`.`remark` AS `remark`,(case when (`receiving`.`discount_type` = '%') then ((`receiving`.`sub_total` * ifnull(`receiving`.`discount_amount`,0)) / 100) else ifnull(`receiving`.`discount_amount`,0) end) AS `discount_amount` from `receiving` */;

/*View structure for view v_receiving_item_sum */

/*!50001 DROP TABLE IF EXISTS `v_receiving_item_sum` */;
/*!50001 DROP VIEW IF EXISTS `v_receiving_item_sum` */;

/*!50001 CREATE ALGORITHM=UNDEFINED DEFINER=`root`@`localhost` SQL SECURITY DEFINER VIEW `v_receiving_item_sum` AS select `receiving_item`.`receive_id` AS `receive_id`,sum(`receiving_item`.`quantity`) AS `quantity`,sum(`receiving_item`.`cost_price`) AS `cost_price`,sum(`receiving_item`.`unit_price`) AS `unit_price`,sum(`receiving_item`.`price`) AS `price`,sum(((`receiving_item`.`price` - `receiving_item`.`cost_price`) * `receiving_item`.`quantity`)) AS `profit` from `receiving_item` group by `receiving_item`.`receive_id` */;

/*View structure for view v_sale */

/*!50001 DROP TABLE IF EXISTS `v_sale` */;
/*!50001 DROP VIEW IF EXISTS `v_sale` */;

/*!50001 CREATE ALGORITHM=UNDEFINED DEFINER=`root`@`localhost` SQL SECURITY DEFINER VIEW `v_sale` AS select `sale`.`id` AS `id`,`sale`.`sale_time` AS `sale_time`,`sale`.`client_id` AS `client_id`,`sale`.`employee_id` AS `employee_id`,`sale`.`sub_total` AS `sub_total`,`sale`.`status` AS `status`,(case when (`sale`.`status` = '1') then 'Completed' when (`sale`.`status` = '2') then 'Suspended' when (`sale`.`status` = '0') then 'Canceled' else `sale`.`status` end) AS `status_f`,`sale`.`remark` AS `remark`,(case when (`sale`.`discount_type` = '%') then ((`sale`.`sub_total` * ifnull(`sale`.`discount_amount`,0)) / 100) else ifnull(`sale`.`discount_amount`,0) end) AS `discount_amount` from `sale` */;

/*View structure for view v_sale_item_sum */

/*!50001 DROP TABLE IF EXISTS `v_sale_item_sum` */;
/*!50001 DROP VIEW IF EXISTS `v_sale_item_sum` */;

/*!50001 CREATE ALGORITHM=UNDEFINED DEFINER=`root`@`localhost` SQL SECURITY DEFINER VIEW `v_sale_item_sum` AS select `sale_item`.`sale_id` AS `sale_id`,sum(`sale_item`.`quantity`) AS `quantity`,sum(`sale_item`.`cost_price`) AS `cost_price`,sum(`sale_item`.`unit_price`) AS `unit_price`,sum(`sale_item`.`price`) AS `price`,sum(((`sale_item`.`price` - `sale_item`.`cost_price`) * `sale_item`.`quantity`)) AS `profit` from `sale_item` group by `sale_item`.`sale_id` */;

/*View structure for view v_sale_payment */

/*!50001 DROP TABLE IF EXISTS `v_sale_payment` */;
/*!50001 DROP VIEW IF EXISTS `v_sale_payment` */;

/*!50001 CREATE ALGORITHM=UNDEFINED DEFINER=`sys`@`%` SQL SECURITY DEFINER VIEW `v_sale_payment` AS select `sale_payment`.`sale_id` AS `sale_id`,`sale_payment`.`currency_code` AS `currency_code`,sum(`sale_payment`.`payment_amount`) AS `payment_amount`,sum(`sale_payment`.`give_away`) AS `give_away` from `sale_payment` group by `sale_payment`.`sale_id`,`sale_payment`.`currency_code` */;

/*View structure for view v_sale_summary */

/*!50001 DROP TABLE IF EXISTS `v_sale_summary` */;
/*!50001 DROP VIEW IF EXISTS `v_sale_summary` */;

/*!50001 CREATE ALGORITHM=UNDEFINED DEFINER=`root`@`localhost` SQL SECURITY DEFINER VIEW `v_sale_summary` AS select `sale_item`.`sale_id` AS `sale_id`,sum(`sale_item`.`quantity`) AS `quantity`,sum(`sale_item`.`cost_price`) AS `cost_price`,sum(`sale_item`.`unit_price`) AS `unit_price`,sum(`sale_item`.`price`) AS `price`,sum(((`sale_item`.`price` - `sale_item`.`cost_price`) * `sale_item`.`quantity`)) AS `sum((price-cost_price)*quantity)` from `sale_item` group by `sale_item`.`sale_id` */;

/*!40101 SET SQL_MODE=@OLD_SQL_MODE */;
/*!40014 SET FOREIGN_KEY_CHECKS=@OLD_FOREIGN_KEY_CHECKS */;
/*!40014 SET UNIQUE_CHECKS=@OLD_UNIQUE_CHECKS */;
/*!40111 SET SQL_NOTES=@OLD_SQL_NOTES */;
